{"type": "FeatureCollection", "source": "NSW SEPP_Housing_2021 MapServer Layer 6 (Town Centres Map)", "fetched": "2026-04-15", "features": [{"type": "Feature", "geometry": {"type": "Polygon", "coordinates": [[[151.12896293100005, -33.83625693412686], [151.1288369140001, -33.83620933612688], [151.12872581400006, -33.83614574512687], [151.12867618200005, -33.8361133581269], [151.12864280500003, -33.83609159812687], [151.12862065900003, -33.8360771351269], [151.12853715100005, -33.83601472712688], [151.12853906100008, -33.83599359112689], [151.1285411570001, -33.835970419126895], [151.12845696800002, -33.83578203212686], [151.12845378600002, -33.83578291912685], [151.12845057700008, -33.83578373512687], [151.1284473400001, -33.83578448812686], [151.12844407700004, -33.83578517812689], [151.12844080700006, -33.8357857871269], [151.12843750700006, -33.83578633412691], [151.12843420000002, -33.83578680912687], [151.12843087400006, -33.835787222126875], [151.12842753900009, -33.83578755312691], [151.1284241950001, -33.8357878221269], [151.12842084300007, -33.83578801112689], [151.12841749000006, -33.83578813612688], [151.12841413700005, -33.83578819012689], [151.128410776, -33.835788172126904], [151.1284074140001, -33.83578808312688], [151.12840406200007, -33.83578792112689], [151.12840071900007, -33.83578768812691], [151.12839737500008, -33.83578738312689], [151.12839404900012, -33.835787007126896], [151.12839073400005, -33.83578656612689], [151.12838743300006, -33.835786056126885], [151.12838414500004, -33.83578547412691], [151.1283808820001, -33.83578481912689], [151.12837763700009, -33.83578409312689], [151.1283744100001, -33.83578330512687], [151.1283712190001, -33.835782454126885], [151.12836804500012, -33.83578152212692], [151.12836489900008, -33.8357805351269], [151.12836178800012, -33.83577947712687], [151.12835871400011, -33.83577835612692], [151.12835567500008, -33.835777164126895], [151.12835267100002, -33.835775909126866], [151.12834970500012, -33.835774601126886], [151.12834677400008, -33.835773220126896], [151.12834389500006, -33.8357717771269], [151.12834105500008, -33.83577028012688], [151.12833826700012, -33.83576872012689], [151.12833552400002, -33.8357671071269], [151.12833282600002, -33.835765430126905], [151.12833019000004, -33.83576370012688], [151.12832759900004, -33.83576191612689], [151.12832507200005, -33.8357600711269], [151.12832258900005, -33.835758179126906], [151.1283201770001, -33.835756233126894], [151.12831782000012, -33.8357542341269], [151.12831551600004, -33.8357521911269], [151.12831328400011, -33.835750102126894], [151.1283111150001, -33.83574796012692], [151.1283090170001, -33.83574577212688], [151.12830697300012, -33.83574354912689], [151.12830501000008, -33.83574127212687], [151.12830311000005, -33.835738960126875], [151.12830128100006, -33.83573661212685], [151.12828968200006, -33.83571836912689], [151.12824295400003, -33.83563401912686], [151.12819251200006, -33.83552525812688], [151.1281451110001, -33.835423060126914], [151.12807894800005, -33.83528038912691], [151.12803789300006, -33.835188840126875], [151.1280158410001, -33.83513967312689], [151.12795728900005, -33.83500911212689], [151.1278998460001, -33.8348810351269], [151.12785079700006, -33.83479162812688], [151.12784742600002, -33.83478409912692], [151.1277978810001, -33.83467254312688], [151.12774500500007, -33.834553500126916], [151.12773333300004, -33.83452721812689], [151.1277083330001, -33.83447093312691], [151.1276750940001, -33.834396084126936], [151.1276088420001, -33.8342468331269], [151.12753905600005, -33.83409270712692], [151.12751031800008, -33.83402922512695], [151.12747178200004, -33.83394411112694], [151.12741606100008, -33.83382014812694], [151.12736523500007, -33.83370106212693], [151.12733101000003, -33.833624572126915], [151.12731415000007, -33.83358687912695], [151.12729500300009, -33.83354406712695], [151.12728135200007, -33.833501147126945], [151.12726804700003, -33.833459348126915], [151.12725167100007, -33.833407868126955], [151.127234218, -33.83335300812691], [151.1271923380001, -33.83322137312691], [151.12715131900006, -33.833092433126936], [151.12714445400002, -33.83307084912693], [151.1271387060001, -33.83304383112689], [151.12711612700002, -33.83293762612694], [151.12711604600008, -33.832937689126894], [151.12709338500008, -33.83283238012692], [151.12707211400004, -33.832733203126935], [151.12706230700007, -33.83268467212693], [151.1270578430001, -33.83266250412696], [151.12705592500004, -33.83263576412694], [151.1270527250001, -33.83259095312693], [151.12704237100002, -33.832446427126946], [151.1270421470001, -33.83244337012693], [151.1270312380001, -33.832290884126934], [151.1270194320001, -33.832126002126905], [151.12700917600012, -33.83198274712695], [151.12700521500005, -33.83192743212696], [151.1269938040001, -33.831767979126916], [151.12698908900006, -33.83170205812694], [151.1269843020001, -33.83163527712695], [151.12697968500004, -33.83157065612692], [151.126975312, -33.83150960212696], [151.12697100000003, -33.83144906812696], [151.12696643700008, -33.83138568412691], [151.12696208900002, -33.83132495312695], [151.12695762600003, -33.83126259812694], [151.1269542020001, -33.831214920126946], [151.1269443330001, -33.83108182312695], [151.12693745700005, -33.83098382812691], [151.1269324100001, -33.83091192812697], [151.12692743600007, -33.83084103212696], [151.12692240600006, -33.83076954412695], [151.12691734100008, -33.830697232126965], [151.12691326300012, -33.83063913612694], [151.12690777800003, -33.830560980126954], [151.1269032670001, -33.83049664512696], [151.12689855300005, -33.83042960312696], [151.12689038700012, -33.83031315212696], [151.12677149900003, -33.83022135212695], [151.12690255100006, -33.83015390712694], [151.12690287500004, -33.83004525512695], [151.12686044600002, -33.830031692126965], [151.1268388620001, -33.829691231126986], [151.12678324900003, -33.82931146412695], [151.12677834600004, -33.82927794712697], [151.12677165900004, -33.82923251812697], [151.12676535700007, -33.829189535126964], [151.12675876900005, -33.82914467212699], [151.12675224200007, -33.82909995812698], [151.1267456710001, -33.829055076126984], [151.1267390480001, -33.82901008612699], [151.1267325130001, -33.82896541812695], [151.12672583500012, -33.82891971112697], [151.12671856500003, -33.828870364126956], [151.12671111600002, -33.828819368126986], [151.1267030680001, -33.82876664212697], [151.12668158000008, -33.82862343312698], [151.1266632490001, -33.82849786612697], [151.1266456070001, -33.82837363412697], [151.12663252000004, -33.82828326812697], [151.1266083810001, -33.828026020127005], [151.12659746200006, -33.82795205012699], [151.1265804300001, -33.827833949126976], [151.12657102800006, -33.82776947112697], [151.1265653810001, -33.82773071212697], [151.12656411600005, -33.827721971126984], [151.1265457400001, -33.82759858212698], [151.12652869900012, -33.827482390126974], [151.12651140700007, -33.82736344712701], [151.12649482300003, -33.82724811612699], [151.1264773800001, -33.82713000712701], [151.12645118800003, -33.82695229612697], [151.12642940500007, -33.826805431127006], [151.12636940000004, -33.82656043612701], [151.12636704300007, -33.82654755612701], [151.12633874400012, -33.826393150127], [151.12630521000006, -33.826211585127], [151.12627262500007, -33.82603238612699], [151.1262399960001, -33.825853590127004], [151.12621618800006, -33.82572515412699], [151.12621126700003, -33.825697617127005], [151.1261475240001, -33.825459238127], [151.12614433300007, -33.82544018112701], [151.1261401910001, -33.825418317127], [151.1260658980001, -33.82525754012699], [151.12615586900006, -33.82517339512703], [151.12641381700007, -33.824932138127004], [151.12649312100007, -33.82499124612703], [151.12657927500004, -33.82505542912703], [151.126628567, -33.82500832312702], [151.12676345700004, -33.824879475127055], [151.12686785100004, -33.82477971512704], [151.1269722610001, -33.82490583112702], [151.12699399300004, -33.82491375212704], [151.12660322700003, -33.825284987127034], [151.12663037800007, -33.82544308512702], [151.1266598420001, -33.82562252612701], [151.1266674620001, -33.82566982812699], [151.12668829400002, -33.82579970812703], [151.12671776700006, -33.825979974126994], [151.12673193900002, -33.82607023212698], [151.12674675800008, -33.826160598127], [151.12676178000004, -33.82625026512698], [151.12677580800005, -33.82634013712703], [151.1268060540001, -33.82652101112699], [151.1268102040001, -33.826547555127036], [151.12681751000002, -33.82659415912702], [151.12682986200002, -33.82666733212697], [151.126841183, -33.82684209412701], [151.1267954210001, -33.82701258812697], [151.12674977000006, -33.827179480127015], [151.12685885200005, -33.827198913127], [151.12698068100008, -33.827220570126975], [151.1270913510001, -33.82724042612697], [151.12707772500005, -33.82734961612702], [151.12706405500012, -33.82745956812702], [151.12704929100005, -33.827572532127], [151.12703435700007, -33.82768548812701], [151.1270322690001, -33.827701076127006], [151.1270196470001, -33.82779673012701], [151.12700534200007, -33.82790774012696], [151.12699054100005, -33.828019485127], [151.12697679100006, -33.82812763612699], [151.12695444000008, -33.82830744112702], [151.12708624000004, -33.828331028126996], [151.12721597600012, -33.82835437912698], [151.1271559270001, -33.82889402912697], [151.12728365500004, -33.82893014512697], [151.12729478900008, -33.82893330012698], [151.12754773300003, -33.82901162712695], [151.1275740430001, -33.82903804412697], [151.12785651600007, -33.82932229212696], [151.12788746900003, -33.82935267112698], [151.12797186400007, -33.82944302012699], [151.12760561900006, -33.82968367512696], [151.1276742330001, -33.82974761512697], [151.12791178300006, -33.83001540712695], [151.12797154100008, -33.830082769126946], [151.1280691940001, -33.83019053412691], [151.12813431900008, -33.83044242212697], [151.12822572400012, -33.830890522126936], [151.12825076800004, -33.83101220812693], [151.12827630700008, -33.83113209412692], [151.1283020610001, -33.83125575112694], [151.12832715100012, -33.83137760712696], [151.1284079090001, -33.83177006812695], [151.1284266770001, -33.83177713212693], [151.1284611540001, -33.83199326212694], [151.128510537, -33.83223670612691], [151.12854335300005, -33.83239856812695], [151.12846193400003, -33.83254334712692], [151.12836091000008, -33.83261567612696], [151.12833139100007, -33.83263677612692], [151.12826588300004, -33.83268358712694], [151.12824903000012, -33.83269541112693], [151.1282066670001, -33.83272589712695], [151.1281246740001, -33.83278445812696], [151.12808223800005, -33.83281480312692], [151.1280195710001, -33.832859577126925], [151.1280001010001, -33.832873364126925], [151.12795832000006, -33.832903339126936], [151.12787620100005, -33.83296228612689], [151.12783126400006, -33.83299411712688], [151.12771121800006, -33.833079983126915], [151.12764997700003, -33.83312323512692], [151.12758432500004, -33.83317055512694], [151.1276047340001, -33.8332246531269], [151.1276964010001, -33.833465131126935], [151.12779004800007, -33.83355269912694], [151.12792378100005, -33.83345705312692], [151.12804558400012, -33.833369968126895], [151.12841914900002, -33.83373588712694], [151.12835776300005, -33.83377669112692], [151.12829264900006, -33.83382006712693], [151.12836030000005, -33.83388737812693], [151.12842526100007, -33.8339519461269], [151.12852716400005, -33.834053938126885], [151.12867584100002, -33.834202354126894], [151.12872846000005, -33.83428238512692], [151.12861332600005, -33.8343654541269], [151.12850330300012, -33.83444507212693], [151.12839046500005, -33.834526761126874], [151.12827032000007, -33.83461339812692], [151.12836541800004, -33.834705269126914], [151.1284700640001, -33.83480585312691], [151.12852776400007, -33.834862014126884], [151.1285753720001, -33.83490768712688], [151.12857542100005, -33.83490773412689], [151.1286750260001, -33.83500783012693], [151.12863017900008, -33.835041859126875], [151.12851027700003, -33.83513243112691], [151.1288797630001, -33.83548647012692], [151.1289895000001, -33.83564917712692], [151.1288638520001, -33.83573920212689], [151.12896113800002, -33.83583543012689], [151.12904311300008, -33.8359165181269], [151.1291288000001, -33.836001255126895], [151.1292116720001, -33.8360831771269], [151.12898561100008, -33.83624109512691], [151.12896293100005, -33.83625693412686]], [[151.12729827500004, -33.83444760012693], [151.12728684700005, -33.83444320612689], [151.12703643700002, -33.83434696112693], [151.12677334400007, -33.834245839126886], [151.12672622900004, -33.83431464612688], [151.12659265600007, -33.8342364801269], [151.12640785700012, -33.83412600812687], [151.12638255000002, -33.83410066712693], [151.12621747000003, -33.83420261412692], [151.12615595900002, -33.83423743912693], [151.12603583300006, -33.834305458126906], [151.12593833800008, -33.83436485912688], [151.12584194200008, -33.83425312612691], [151.12600472000008, -33.834154962126895], [151.1261559950001, -33.834063646126886], [151.12621077400001, -33.834030587126925], [151.12631162600007, -33.83396984712694], [151.12615595800003, -33.83382454912693], [151.1260522550001, -33.833727774126906], [151.12612095500003, -33.833679028126895], [151.1261559500001, -33.83365418812692], [151.12617977600007, -33.83363728312692], [151.12625652500003, -33.83358281812692], [151.12632156900008, -33.833536662126924], [151.12635678800007, -33.83351160812693], [151.1264303910001, -33.83345944712689], [151.12656729800005, -33.83336229512692], [151.12662468500002, -33.83332156412691], [151.12654203800003, -33.83323415512691], [151.12648534000004, -33.83317403312692], [151.12638467500005, -33.83306582912692], [151.12636530400005, -33.83304483712694], [151.12631408400011, -33.83279391712689], [151.12626046100002, -33.832737756126946], [151.1264256400001, -33.832644656126924], [151.1264582330001, -33.832626164126935], [151.1264559560001, -33.83260921312693], [151.1265213040001, -33.832571170126954], [151.12660760900008, -33.83252728212692], [151.126622579, -33.832525687126946], [151.12662846700005, -33.83252491612692], [151.12662825300004, -33.832303317126936], [151.12648764400012, -33.83208553712693], [151.1264880120001, -33.83208525112693], [151.12652036200006, -33.83205858312696], [151.12651839900002, -33.83205682612696], [151.12641547500004, -33.831960471126926], [151.12638229100003, -33.8319302101269], [151.12623502000008, -33.831793742126926], [151.12623178500007, -33.83179025512696], [151.12615592400005, -33.831719754126915], [151.12606409600005, -33.83163440712695], [151.1259657700001, -33.83170748212693], [151.12576590800006, -33.831855100126965], [151.12566610400006, -33.83192880212696], [151.12551870100003, -33.832037526126946], [151.1253712250001, -33.83214643012693], [151.1257073920001, -33.83246371912693], [151.12560751600006, -33.83253733112692], [151.1252751940001, -33.83221669812693], [151.1252789780001, -33.83206277812693], [151.125574711, -33.83184442812692], [151.12582101100008, -33.83166258112697], [151.12582630000009, -33.83165820712694], [151.12583097000004, -33.831653366126936], [151.12583495, -33.83164811312695], [151.12583821300007, -33.83164251912694], [151.12584067700004, -33.83163666612695], [151.12584236300006, -33.831630615126976], [151.12584321500003, -33.83162443912696], [151.12584323400006, -33.83161822712695], [151.12584240800004, -33.83161204212695], [151.12584076000007, -33.83160599212697], [151.12583831200004, -33.83160012012694], [151.12583508400007, -33.83159452612692], [151.125831123, -33.831589265126944], [151.12582648800003, -33.831584406126964], [151.1257746760001, -33.83153548112692], [151.12567774100012, -33.831443942126946], [151.12552431200004, -33.83129906512693], [151.1254102900001, -33.83119139812697], [151.12523820900003, -33.83102889912699], [151.1251073620001, -33.83090534112693], [151.12503470000001, -33.83072026912698], [151.1251205220001, -33.83065800612694], [151.125199779, -33.830600458126966], [151.12525775900008, -33.83055824612694], [151.1253690200001, -33.830477256127], [151.12532317400007, -33.830433241126975], [151.12549287500008, -33.83031793012697], [151.12561823700003, -33.83022672212695], [151.12574123100012, -33.83013715312694], [151.12586673500005, -33.830049048126966], [151.12575711600005, -33.82994337912697], [151.12564990600004, -33.82983979212697], [151.12594803900004, -33.82961947512695], [151.1258738790001, -33.82948985512696], [151.1259202320001, -33.82950434012698], [151.12612343900003, -33.82956822812696], [151.12606052800004, -33.829110213126995], [151.12599815700003, -33.828897220127004], [151.1259298430001, -33.82841081712698], [151.12589799500006, -33.82818423412701], [151.12589483800002, -33.828161842127], [151.12586497000007, -33.82794935112698], [151.1258482710001, -33.82773755912699], [151.12579699600008, -33.82738540012699], [151.12573558300005, -33.826963572126985], [151.12571695700012, -33.82683553212699], [151.1256736350001, -33.826815901127], [151.1256548990001, -33.82669680412703], [151.12563152100006, -33.82654756412699], [151.1255944280001, -33.82631085212699], [151.12547846100006, -33.82625871712701], [151.125363579, -33.82620676212701], [151.12524650000012, -33.82615384812704], [151.12509492000004, -33.82609063312702], [151.12496349900005, -33.82603171412701], [151.1248354490001, -33.82597410212702], [151.124690761, -33.82590935512701], [151.12455692800006, -33.82567800412699], [151.1245655250001, -33.82567713412704], [151.12457395100012, -33.825675521127046], [151.12458215300012, -33.82567319012702], [151.12459000600006, -33.82567015212704], [151.12459744600005, -33.82566644912703], [151.12460436600009, -33.825662120127], [151.1246107300001, -33.825657216127], [151.12461643900008, -33.82565178412699], [151.12462144200003, -33.82564588612701], [151.12462567300008, -33.82563958412704], [151.12462910700003, -33.82563295112702], [151.12463168800002, -33.825626058127014], [151.1246333910001, -33.82561897612704], [151.1246342070001, -33.82561176912703], [151.12463411600004, -33.825604553127], [151.1246331310001, -33.82559737312705], [151.12463124800001, -33.82559032712704], [151.1246284980001, -33.82558347012703], [151.12462491100007, -33.825576899126986], [151.12429406900003, -33.825376178126994], [151.12419853900008, -33.82531766112702], [151.12410179100004, -33.825259359127024], [151.12404487000003, -33.825227865127054], [151.12416928100004, -33.82510757212704], [151.12448433800012, -33.82480034112702], [151.12474522600007, -33.82454562912701], [151.1248034470001, -33.82454055612705], [151.12488158600001, -33.824588747127], [151.1250139660001, -33.82467035412704], [151.1251454940001, -33.82475144212704], [151.12527429800002, -33.824836214127025], [151.1253984660001, -33.824928875127014], [151.1254337040001, -33.824955176127006], [151.12553169000012, -33.825036748126976], [151.1255991600001, -33.82509289912702], [151.12565984800005, -33.82515624712699], [151.1256799350001, -33.82517721312703], [151.12576664300002, -33.825286565127], [151.125791197, -33.82531754412703], [151.12583776600002, -33.825389830127], [151.12585947500008, -33.82543485612701], [151.1258746960001, -33.82546588912705], [151.12590251200004, -33.825544539127016], [151.12597109600006, -33.82583499012703], [151.12598880000007, -33.825907078126995], [151.1260039760001, -33.82597040012701], [151.12603079500002, -33.82608254812702], [151.12608486500005, -33.82631416012702], [151.12612252400004, -33.82654755512705], [151.1261377620001, -33.82664199012704], [151.12615585100002, -33.82675325112699], [151.12616935900007, -33.82683632012703], [151.1262046500001, -33.82705326712698], [151.12623278, -33.827250824126985], [151.12625533400012, -33.82741231012698], [151.12626283600002, -33.82746620112701], [151.1262706970001, -33.827521231127015], [151.12627823800005, -33.82757369712702], [151.12628573900008, -33.82762891612701], [151.12629359200002, -33.827684008126965], [151.1263012920001, -33.827737882126975], [151.12630859700005, -33.827792185126974], [151.12632223200012, -33.82797806312701], [151.12632985100004, -33.828031820126995], [151.12633731800008, -33.828084931127], [151.12634516200012, -33.82814008512699], [151.12635240500003, -33.82819361012699], [151.1263604190001, -33.828250675127], [151.12636788500004, -33.828303222127005], [151.1263756300001, -33.82835870012699], [151.12638333900009, -33.828413990126954], [151.12639126300007, -33.82846862512699], [151.12639902500007, -33.828524390127], [151.12640656500002, -33.82857683012698], [151.1264142560001, -33.828631608126976], [151.12642169600008, -33.82868681812702], [151.1264286700001, -33.82873805612696], [151.1264366580001, -33.828791643127], [151.12644445600006, -33.828848492126966], [151.1264525050001, -33.828903926126976], [151.1264605010001, -33.828960667127], [151.12647201000004, -33.82904373612696], [151.12650017600004, -33.82925009612696], [151.12651080700005, -33.82932405812694], [151.12651878500003, -33.82938054812697], [151.1265264760001, -33.82943419812695], [151.1265345270001, -33.829490331126976], [151.12654219900003, -33.829544249126975], [151.12654982700008, -33.82959639312696], [151.12655800100003, -33.82965479312696], [151.12656572900005, -33.82970652412695], [151.12656741500007, -33.82971730012697], [151.12658621100002, -33.829919795126955], [151.12659593800004, -33.83002107012698], [151.126620698, -33.83033255012696], [151.12662157400007, -33.83033437912697], [151.12662238200005, -33.83033623512696], [151.1266231090001, -33.830338117126935], [151.12662374400009, -33.83034000812695], [151.12662430900002, -33.83034192712694], [151.1266247740001, -33.830343863126934], [151.1266251610001, -33.83034580812694], [151.12662546500007, -33.830347762126976], [151.12662568000007, -33.83034972512695], [151.12662805600007, -33.83038169112696], [151.12663128300005, -33.830425076126964], [151.12663952100002, -33.83055458712699], [151.12664922900012, -33.83070719112696], [151.12666024600003, -33.83085683612692], [151.1266615180001, -33.83087311412697], [151.12667032100012, -33.83098400812696], [151.12667362800005, -33.83102998512697], [151.1266769550001, -33.831077878126955], [151.12668036900004, -33.83112359412695], [151.12668432400005, -33.83116988512694], [151.12668592700004, -33.83118863712695], [151.12670787100012, -33.83135503612698], [151.1267114300001, -33.83141637612697], [151.12671394900008, -33.83146337412695], [151.12671581300003, -33.83150566612693], [151.12671587600005, -33.831507531126924], [151.12671766900007, -33.83154990412694], [151.1267209770001, -33.83159296712693], [151.1267240420001, -33.831642053126906], [151.12672494700007, -33.83165818112694], [151.1267271800001, -33.83169068312695], [151.1267284260001, -33.83170963312692], [151.1267304160001, -33.83173920512692], [151.12673188600002, -33.83175975012692], [151.12673419800012, -33.83178736912696], [151.1267352200001, -33.83180298412696], [151.12673643900007, -33.83181818712693], [151.12674105600001, -33.83189203212696], [151.1267413160001, -33.831898217126906], [151.12674392400004, -33.83193576712693], [151.12675078100006, -33.83204409712695], [151.126755999, -33.83212140212695], [151.126762417, -33.83221678712695], [151.12676582300003, -33.83226695012693], [151.12676896900007, -33.83231393912694], [151.12677237600008, -33.8323646491269], [151.1267787490001, -33.832459093126914], [151.12678201200004, -33.832507463126916], [151.12678505100007, -33.832551001126916], [151.12679387200012, -33.832681399126926], [151.1268032380001, -33.83272925912692], [151.12681149500008, -33.83277171212692], [151.1268289290001, -33.832861119126925], [151.12683992000007, -33.832917547126925], [151.12685874300007, -33.83301150812694], [151.1268747360001, -33.83309266712693], [151.1268792630001, -33.833115579126925], [151.12688570800003, -33.83313656412693], [151.12690750000002, -33.83320732512695], [151.12691953, -33.83324638212693], [151.12693395100007, -33.83329327212694], [151.12695360100008, -33.83335708712691], [151.12696071800008, -33.833380170126894], [151.12696779100008, -33.83340318012691], [151.12698399700002, -33.833455807126896], [151.1270020600001, -33.833514494126945], [151.12717380100003, -33.83392374512694], [151.12717675900012, -33.8339303231269], [151.1272020020001, -33.833986457126926], [151.1272166760001, -33.8340190861269], [151.12728040100012, -33.834160761126896], [151.12730184200007, -33.83420844012688], [151.12732820600002, -33.834267065126895], [151.12733533200003, -33.834282905126884], [151.12731472400003, -33.83437449912692], [151.12731080700007, -33.8343918981269], [151.12729827500004, -33.83444760012693]], [[151.12727061100009, -33.83456705412693], [151.12729827500004, -33.83444760012693], [151.12746438600004, -33.83466550512691], [151.12750858800007, -33.83466222412688], [151.12756216500009, -33.83478441212692], [151.12760589200002, -33.83488410112689], [151.12764572800006, -33.834974924126925], [151.1276720730001, -33.83503500012688], [151.12771490300008, -33.83513332612687], [151.12775352800008, -33.83522103012688], [151.1277793370001, -33.83527963612686], [151.12784427100007, -33.83542768712692], [151.1279563380001, -33.83568322212687], [151.128077092, -33.83592115312688], [151.12815604700006, -33.83607628312687], [151.1281596770001, -33.83608644912692], [151.12825458800012, -33.836353001126874], [151.12830618500004, -33.8364982981269], [151.12835326200002, -33.83663076812688], [151.1283761400001, -33.83669415212686], [151.12837627400006, -33.83692115612687], [151.12834804600004, -33.83688706712688], [151.12810020200004, -33.836850126126876], [151.12805750500002, -33.83684376112686], [151.12779996200004, -33.836804768126875], [151.12769312800003, -33.83678874612688], [151.12772566, -33.836651367126855], [151.127749665, -33.83654287612688], [151.12777628800006, -33.836422741126896], [151.12780604800002, -33.83628829912691], [151.12782654000011, -33.836191775126885], [151.12768141300012, -33.8361712211269], [151.12768638800003, -33.83614551212689], [151.12770667400002, -33.8360518301269], [151.1277135480001, -33.836023324126856], [151.12774206400002, -33.83589202012689], [151.1274094810001, -33.83584691312688], [151.12765047100004, -33.83570674312687], [151.12755356000002, -33.835584761126874], [151.1275742670001, -33.83557384312691], [151.12747352100007, -33.83544614212689], [151.12726628200005, -33.83556072012692], [151.12705623800002, -33.835525599126925], [151.12707615600004, -33.83543610312688], [151.1270958770001, -33.83534708212687], [151.12711638700011, -33.83525642012689], [151.1271359100001, -33.83516877912688], [151.12715600700005, -33.83507892412689], [151.1271753970001, -33.834991776126905], [151.12719578100007, -33.83490103412691], [151.12721585100007, -33.83481094612689], [151.12724357700006, -33.834687978126915], [151.12727061100009, -33.83456705412693]], [[151.12887432200012, -33.83731968112684], [151.12856476100012, -33.837212432126854], [151.12857876100009, -33.83694952712686], [151.12859140000012, -33.83670559012686], [151.12849674100005, -33.83644409312687], [151.12860599300006, -33.83638615012686], [151.12879886400003, -33.83647388912691], [151.12931892500012, -33.83666716212687], [151.12935192300006, -33.836680071126914], [151.12956352700007, -33.83676286112687], [151.1296480750001, -33.83679589412689], [151.12887432200012, -33.83731968112684]]]}, "properties": {"OBJECTID": 275704, "LABEL": "Gladesville town centre (Victoria Road)", "LAY_CLASS": "Town Centre", "LGA_NAME": "SEPP"}}, {"type": "Feature", "geometry": {"type": "Polygon", "coordinates": [[[151.17121447800002, -33.812587564127156], [151.1712806690001, -33.81259998812721], [151.17134288800003, -33.812573598127194], [151.17143035900006, -33.81256323612718], [151.17145003500002, -33.8125969141272], [151.17170503300008, -33.8125566651272], [151.1716843260001, -33.81258570812718], [151.17188576400008, -33.8129266251272], [151.1717052670001, -33.813032483127174], [151.17176080700006, -33.813126254127155], [151.1717859690001, -33.813169442127155], [151.17133562700008, -33.81333853912717], [151.17130275600005, -33.81328081212715], [151.17106931600006, -33.81336681112719], [151.17108257400002, -33.813390056127155], [151.17118549100007, -33.81356972012718], [151.17122976300004, -33.813647545127175], [151.17123634200004, -33.81369821012717], [151.17125380400012, -33.81384258312713], [151.17127142700008, -33.81398848112716], [151.17129230500007, -33.81415996212716], [151.17107828000007, -33.81419693912713], [151.17107251700008, -33.81415081012714], [151.1710575830001, -33.81403115912716], [151.17103841800008, -33.813854353127155], [151.17103418600004, -33.81381535112716], [151.171020848, -33.81369468712714], [151.17095799300012, -33.81358928812716], [151.17082201900007, -33.81365438512716], [151.17064938900012, -33.813874835127166], [151.17048901500004, -33.814066585127186], [151.17050302600012, -33.814183376127154], [151.1705103050001, -33.814244053127176], [151.17053174600005, -33.81424236012717], [151.17055171800007, -33.814409009127175], [151.17057112600003, -33.81457101412716], [151.17059070300002, -33.81473448212714], [151.17061034300002, -33.81489834412715], [151.1706301260001, -33.81506345112714], [151.1706513700001, -33.81519862812713], [151.170858618, -33.81518120212713], [151.17089356000008, -33.81547055912714], [151.17077691200006, -33.81548064312711], [151.1707627390001, -33.81541123512712], [151.17067616500003, -33.815416775127126], [151.17068948700012, -33.81551398012717], [151.17068994300007, -33.815517736127106], [151.1707061080001, -33.81565091712716], [151.17070611600002, -33.81565097712713], [151.1707065710001, -33.81565471612715], [151.17072298400012, -33.81579017812716], [151.17073974700008, -33.81592696912714], [151.17019613500008, -33.81597471112714], [151.16995083500012, -33.815830005127125], [151.16946679900002, -33.81586972512715], [151.16944726600002, -33.81572485812713], [151.16926025100008, -33.815740177127125], [151.1692422870001, -33.81575337212713], [151.1692237320001, -33.81576632512714], [151.16920465600003, -33.81577872312717], [151.16918508700007, -33.815790573127124], [151.169165044, -33.81580185012712], [151.16916084100012, -33.81580442212716], [151.16915805200006, -33.81580680712712], [151.16913658400006, -33.81580841112715], [151.16911565300006, -33.8158185141271], [151.16909432800003, -33.81582801612713], [151.1690726170001, -33.815836899127156], [151.16905061800003, -33.81584516412716], [151.16902706300004, -33.81585321312715], [151.1690032450001, -33.815860582127144], [151.1689791220001, -33.81586723212713], [151.16895474000012, -33.815873176127134], [151.16893011600007, -33.81587838412714], [151.16890528600004, -33.815882857127136], [151.1688802760001, -33.81588660412712], [151.16885511500004, -33.81588962412713], [151.16878542900008, -33.815714514127166], [151.1686041050001, -33.81527848812717], [151.16837733500006, -33.815294766127145], [151.1681710570001, -33.815360705127176], [151.16801703600004, -33.81547018212713], [151.16789911500007, -33.815554006127144], [151.16772329600008, -33.81570568512712], [151.1676631470001, -33.81575713712715], [151.16759778300002, -33.815844070127135], [151.16749253600005, -33.81598414112711], [151.16735410500007, -33.81616791212713], [151.1672641880001, -33.81600935712716], [151.16721458100005, -33.815920506127114], [151.1671872500001, -33.81587150912715], [151.16746010400004, -33.815669641127116], [151.1673875140001, -33.81552665512717], [151.1675725220001, -33.815445818127124], [151.1674456720001, -33.81517209412717], [151.16734169000006, -33.81494776212716], [151.16726031500002, -33.81496689112718], [151.16690749300005, -33.81505322312713], [151.16681899200012, -33.814795939127144], [151.16677532800009, -33.81480709912714], [151.16659560800008, -33.81485315712713], [151.16655801500008, -33.81486295312718], [151.16661981100003, -33.81464956712712], [151.16662374400005, -33.81464858412712], [151.16675112600012, -33.81461685812716], [151.1668784860001, -33.81458514212713], [151.16704993100007, -33.81454642612718], [151.16721824700005, -33.814504851127154], [151.16738828400003, -33.81446272112717], [151.16749756500008, -33.81443584712716], [151.16755818700005, -33.81443974612713], [151.16772007800012, -33.814450180127174], [151.16775797700006, -33.814006714127146], [151.16792652700008, -33.81401734512715], [151.16808988800005, -33.814027564127166], [151.16825221500005, -33.81403777412717], [151.16841450700008, -33.81404802012717], [151.16855833600005, -33.814057253127174], [151.168593707, -33.81384997012718], [151.16867793300003, -33.81367457112719], [151.16880133100005, -33.813415020127174], [151.16894253100008, -33.81311971912719], [151.16901572200004, -33.8130124651272], [151.1690575030001, -33.8129512221272], [151.16924403500002, -33.81267782212716], [151.16935326100008, -33.81249529712715], [151.16943342600007, -33.81254817512718], [151.16956243700008, -33.8126332711272], [151.16969172300003, -33.81271855412716], [151.1697669130001, -33.81276814312719], [151.16990988800012, -33.81286245312719], [151.17003204800005, -33.81294303012718], [151.17018349500006, -33.8127842611272], [151.16999559400006, -33.81261848912721], [151.17016855300005, -33.812436028127195], [151.17000571300002, -33.81238825012719], [151.1698436790001, -33.81234011412721], [151.16987068900005, -33.812311966127204], [151.1700325690001, -33.81235999512716], [151.1701453810001, -33.81239337712719], [151.17017458600003, -33.812429663127205], [151.17018112000005, -33.81243789912718], [151.17060990400012, -33.81250174212721], [151.17072396100002, -33.812514096127174], [151.17072635500006, -33.81251435512716], [151.17085465600007, -33.81253352012719], [151.17096781700002, -33.81254415112715], [151.17097662900005, -33.812545388127205], [151.17109725700004, -33.81256233912716], [151.17113668100012, -33.812567897127174], [151.17117468800006, -33.812573858127166], [151.17121447800002, -33.812587564127156]], [[151.16981176000002, -33.81302111512717], [151.16945991500006, -33.81278451112717], [151.1694185990001, -33.81279219212717], [151.16934729100012, -33.81289605912717], [151.16933640000002, -33.812911862127194], [151.16880298800004, -33.813811066127165], [151.16875401000004, -33.81405451912716], [151.16875999900003, -33.81406107212715], [151.16876248200003, -33.814063787127154], [151.16878628900008, -33.81408983812717], [151.1688021120001, -33.81409190812717], [151.1690146740001, -33.814105193127176], [151.16925630700007, -33.814120297127175], [151.16927453900007, -33.814110069127175], [151.1692920380001, -33.81400344212714], [151.1692966270001, -33.81397654112719], [151.16932178900004, -33.813923519127144], [151.16933680300008, -33.81389187612716], [151.16937231000009, -33.81381738512719], [151.1693900670001, -33.813779638127166], [151.1694418070001, -33.81367095012717], [151.169495008, -33.813559573127165], [151.16954829000008, -33.813447934127154], [151.16957643700005, -33.813389176127195], [151.1696101240001, -33.81334044812717], [151.16968261600005, -33.81323691312717], [151.1697477670001, -33.813143439127195], [151.1697531000001, -33.813135793127174], [151.16981977300009, -33.81304043212719], [151.16981368900008, -33.81302576812719], [151.16981176000002, -33.81302111512717]]]}, "properties": {"OBJECTID": 275708, "LABEL": "Lane Cove town centre", "LAY_CLASS": "Town Centre", "LGA_NAME": "SEPP"}}, {"type": "Feature", "geometry": {"type": "Polygon", "coordinates": [[[151.2405033360002, -33.913035529125935], [151.24041365900018, -33.913442125125854], [151.2402757120002, -33.913423561125846], [151.2403348490002, -33.91356982612585], [151.24053586500008, -33.91406716512589], [151.24047414000006, -33.914082556125926], [151.24049775100002, -33.91413622412588], [151.2404984860002, -33.91413798212589], [151.2408370290002, -33.91418938012586], [151.24086937100003, -33.91419428412592], [151.24081526400005, -33.91444474612586], [151.24077862000001, -33.914586959125906], [151.2407938760001, -33.91458918312592], [151.24126118700008, -33.9146579811259], [151.24158801500016, -33.914706829125905], [151.2415880110002, -33.914706865125844], [151.24158800700013, -33.91470689812586], [151.24158701800002, -33.91471145212589], [151.24154804300008, -33.91470571412587], [151.24146172100018, -33.915113692125864], [151.24149203600007, -33.91516152412592], [151.2414825610001, -33.915209158125855], [151.241467402, -33.91527968712583], [151.24137180200012, -33.91572315312592], [151.2413246010002, -33.91593824912589], [151.24131360600006, -33.915989153125814], [151.24131359800015, -33.9159891851258], [151.24131359000012, -33.915989219125926], [151.24130159700007, -33.91604268912593], [151.24130159000015, -33.91604272412589], [151.24130158200012, -33.91604276012592], [151.24129094600016, -33.916090280125914], [151.24129093800002, -33.91609031512583], [151.2412909310001, -33.91609034812581], [151.24128453000003, -33.91612195912589], [151.2412747520001, -33.916169678125826], [151.2412747410002, -33.91616971412589], [151.24127473500016, -33.91616974312583], [151.2412674860002, -33.91620300712589], [151.24126747800017, -33.91620304312587], [151.24126747100013, -33.916203079125815], [151.24125779500002, -33.91624740212589], [151.2412577880001, -33.91624743612585], [151.24125778200005, -33.91624746912585], [151.2412257300001, -33.91639900112587], [151.24122572300018, -33.91639903512592], [151.24118354900008, -33.91660023412591], [151.2411687230001, -33.916674545125844], [151.24103761800018, -33.916971767125865], [151.24102899000002, -33.9169781491259], [151.2410198660001, -33.91708810212588], [151.2410425490001, -33.91727485712586], [151.24000914900012, -33.91712420712584], [151.24004819900006, -33.916943733125905], [151.24014200600016, -33.91651011012591], [151.239995001, -33.916486138125904], [151.2396073550001, -33.916422809125905], [151.2396318310001, -33.91630794512589], [151.2397463000001, -33.915770708125834], [151.24004534000017, -33.915814819125856], [151.2400618800001, -33.91585665912585], [151.24019206100013, -33.91587487912587], [151.24019218900014, -33.91587489612587], [151.2402211550002, -33.91587887312588], [151.24022114100023, -33.91587883812584], [151.2401769400002, -33.91576655012588], [151.24014784100018, -33.9156952791259], [151.24011316000008, -33.915608948125865], [151.2401133090002, -33.9156089021259], [151.2399776950001, -33.91544233912586], [151.23997768000004, -33.9154423031259], [151.23988368000005, -33.91521758812584], [151.2398404710002, -33.91511430912592], [151.23979705000022, -33.915010489125876], [151.23971019900023, -33.914799169125864], [151.23964490000003, -33.91464783012586], [151.2396450440001, -33.914647784125904], [151.2395679450002, -33.91446760412587], [151.23952120600006, -33.91436130112588], [151.23947677200022, -33.914255113125925], [151.23942883300003, -33.91414316212587], [151.2394270440002, -33.914138990125856], [151.2393648860002, -33.914157003125844], [151.23933998100017, -33.91409899912593], [151.23926458900007, -33.914088289125836], [151.23926445100005, -33.91408826912595], [151.2390915000001, -33.91406427712592], [151.2390913710002, -33.91406425912593], [151.23896059900017, -33.91404619712583], [151.23896047000005, -33.91404617912592], [151.23891499900014, -33.91404009412587], [151.23891500600007, -33.91404005812586], [151.23898086100007, -33.91371555912591], [151.23884342200017, -33.91353272412589], [151.23889882800017, -33.91326330212593], [151.2389044130001, -33.91323608812587], [151.23891921300014, -33.91316704712584], [151.23892436100004, -33.913141798125864], [151.2387562560001, -33.913117262125915], [151.2386813160001, -33.913106316125884], [151.23857655500024, -33.913091015125865], [151.23846971700004, -33.91307541812592], [151.23836254900004, -33.91305976612586], [151.23825461000013, -33.91304399912587], [151.23814686900016, -33.9130282581259], [151.23814688500022, -33.91302817712591], [151.23817467300012, -33.91288492412589], [151.23821325300003, -33.91268987912588], [151.23821339400013, -33.912689898125905], [151.23832227700018, -33.91270559012594], [151.23847539700023, -33.91272828712597], [151.2385190240002, -33.91273461612588], [151.23852552300002, -33.912735557125934], [151.2385351590002, -33.912736956125926], [151.2385359650002, -33.91273707212588], [151.2386298460001, -33.912750652125844], [151.23864400900015, -33.912752705125854], [151.23870923100003, -33.91276240412596], [151.23874975600006, -33.91276842812591], [151.23882554800014, -33.91277913912593], [151.23899200900007, -33.91280989612591], [151.23910409400003, -33.912826882125955], [151.23911925100015, -33.91282917712597], [151.23918404400013, -33.912839002125914], [151.23924734800005, -33.912848593125894], [151.2393233260001, -33.91286011212595], [151.2395699970001, -33.91289851312592], [151.23972128200012, -33.91292018812595], [151.23977302200012, -33.91292802312585], [151.23977786300009, -33.91292876712596], [151.2398335380002, -33.912936968125905], [151.2398905130002, -33.91294535912591], [151.23994843000014, -33.91295387612587], [151.23994858300023, -33.91295389912591], [151.2400772330002, -33.91297278912594], [151.24019216900012, -33.91298972212592], [151.24020566000013, -33.9129917031259], [151.24034241400022, -33.91301170212586], [151.2405033360002, -33.913035529125935]], [[151.24181909800018, -33.91361376412595], [151.24181908700007, -33.91361380312593], [151.2414273610002, -33.91355207712592], [151.24143703300012, -33.91350969612585], [151.24145188600016, -33.91344385512593], [151.2414868730001, -33.913284251125944], [151.2414968490001, -33.91323798812594], [151.24150831400004, -33.913185225125915], [151.24189833800017, -33.91324288312591], [151.2418874540001, -33.913291907125874], [151.24187641100002, -33.91334327912584], [151.2418425180001, -33.91350377912589], [151.24182874100018, -33.9135681231259], [151.24181909800018, -33.91361376412595]], [[151.24242472900005, -33.91388628112593], [151.24239368700023, -33.91402440712588], [151.2423322830001, -33.91401575712592], [151.24223297100002, -33.91400176512591], [151.24212975100022, -33.913987225125915], [151.24199953200002, -33.91396888412593], [151.24197128700007, -33.913937116125894], [151.24197129300023, -33.91393708712585], [151.24197129900006, -33.913937056125846], [151.24197497800014, -33.913920111125876], [151.24200020600006, -33.913803823125846], [151.24202083700004, -33.91370874812588], [151.24202343600007, -33.913696764125916], [151.24204704000022, -33.913587968125825], [151.24204725400023, -33.91358699012584], [151.24205769000002, -33.91354055812593], [151.24206769700004, -33.913494580125864], [151.24207759000024, -33.91344905112589], [151.24211592000006, -33.913273265125945], [151.24217237300002, -33.91309366512591], [151.24217242900022, -33.91309358812587], [151.24230522100015, -33.91291645412588], [151.24234366000007, -33.91286520112596], [151.24237802900018, -33.912819364125944], [151.24241307800014, -33.91277263012593], [151.24244797200015, -33.91272607112587], [151.2424838400001, -33.91267826312594], [151.24252930300008, -33.912617636125965], [151.24255385900017, -33.9125848851259], [151.24258281500022, -33.91254627612591], [151.24261272500019, -33.91250639112593], [151.24265228900015, -33.912453622125895], [151.24273524100022, -33.912343391125944], [151.24314777100005, -33.912407879125915], [151.24299243500002, -33.91261937512593], [151.24295376600014, -33.91267191412588], [151.2429244980002, -33.91271167612593], [151.2428928370001, -33.91275468612593], [151.24287267700004, -33.91278208912586], [151.24282418200005, -33.912847955125926], [151.24279067400005, -33.91289347612587], [151.24275424500001, -33.912942958125875], [151.24271925000005, -33.912990502125936], [151.2426859300001, -33.91303576112591], [151.24264865800023, -33.91308640712594], [151.24259246300016, -33.9131622961259], [151.2425478670002, -33.91333672612585], [151.2425085240002, -33.91351141612591], [151.24250180100012, -33.91354210912595], [151.24249788400004, -33.91355802012594], [151.2424884190002, -33.91360138812592], [151.24247542900002, -33.91365969012592], [151.242466959, -33.91369762612596], [151.24246621400005, -33.91370095112585], [151.24244782900007, -33.913782980125895], [151.24243038500003, -33.913861003125874], [151.24242472900005, -33.91388628112593]], [[151.24220009200008, -33.91271687612589], [151.24216013000012, -33.912772014125956], [151.2420824840001, -33.91287951912585], [151.2419479800002, -33.91306451612586], [151.24170442800005, -33.913028123125905], [151.24155860200017, -33.913006789125916], [151.24144816600005, -33.91299066312592], [151.24138487100004, -33.91298134112594], [151.24132359400005, -33.912972323125935], [151.2412568120002, -33.91296248912596], [151.24125089600022, -33.912961620125884], [151.24123647300019, -33.91295948612589], [151.24113881900007, -33.91294510812587], [151.2409122370002, -33.91291174412594], [151.2408978760002, -33.9128960481259], [151.240941861, -33.912684252125885], [151.2409420250002, -33.912684274125866], [151.2410074940002, -33.9126929401259], [151.24118501900023, -33.912716482125866], [151.24129732000017, -33.91273137112586], [151.24130260000004, -33.91273220512585], [151.24137060100009, -33.912741088125884], [151.24137076000022, -33.912741110125864], [151.24143192300005, -33.91274944212587], [151.2414974320002, -33.912757816125904], [151.241497438, -33.91275777312591], [151.24149744700014, -33.912757737125894], [151.24151112800007, -33.912692243125896], [151.24152486200012, -33.912628070125955], [151.24153873000023, -33.91256230912591], [151.24153874800004, -33.91256222412591], [151.24155355800008, -33.91249384112593], [151.24155357500013, -33.91249376112593], [151.24158049200014, -33.91236560512597], [151.2415943950001, -33.91230168312591], [151.2415964490001, -33.91229189412594], [151.24170602300012, -33.91230798312593], [151.24201215300002, -33.91235310012593], [151.24242057800006, -33.9124127461259], [151.24229810400004, -33.91258151112589], [151.24222900000018, -33.91267724612588], [151.24220009200008, -33.91271687612589]]]}, "properties": {"OBJECTID": 275713, "LABEL": "Randwick town centre and light rail station", "LAY_CLASS": "Town Centre", "LGA_NAME": "SEPP"}}, {"type": "Feature", "geometry": {"type": "Polygon", "coordinates": [[[151.21029278700007, -33.8975676431261], [151.21049180600005, -33.89759442712611], [151.21054661100004, -33.89733660612612], [151.210681313, -33.8973552961261], [151.21071679300007, -33.89717863312612], [151.2107500410001, -33.89718365312613], [151.21075124100003, -33.89717810412614], [151.21081011700005, -33.896906818126155], [151.21081931300012, -33.896860510126125], [151.21082688900003, -33.896822360126144], [151.21083641600012, -33.89677441112612], [151.21110484300004, -33.896811594126156], [151.21120725600008, -33.89682577512613], [151.2112314420001, -33.896829128126136], [151.2113214850001, -33.89684159612611], [151.21131783600003, -33.89685905812613], [151.2113108630001, -33.89689243112613], [151.211236793, -33.897246867126135], [151.21123394300002, -33.89725991812614], [151.2112329480001, -33.89726446312609], [151.21188938000012, -33.897355233126135], [151.21188978300006, -33.89735330512611], [151.21189208700002, -33.89734150012613], [151.21197619600002, -33.896934033126136], [151.21199054800002, -33.896936041126104], [151.212058199, -33.896945533126114], [151.21229407700002, -33.896978637126125], [151.2125093200001, -33.89700914212611], [151.21273772200004, -33.897041251126126], [151.21286622000002, -33.89705930512613], [151.21311660300012, -33.89690515212615], [151.21315108700003, -33.896887985126135], [151.2133520420001, -33.89709779612612], [151.21344734700006, -33.89716430912611], [151.2135691310001, -33.897227487126116], [151.21372415500002, -33.897263728126134], [151.21405211, -33.89730852212609], [151.21426713800008, -33.897337251126096], [151.21443381900008, -33.89735955812609], [151.2143977080001, -33.897540481126114], [151.21428027000002, -33.89811943812611], [151.213222835, -33.897970341126104], [151.21322504900002, -33.89795940512615], [151.21315146300003, -33.897949034126114], [151.2125916550001, -33.89787006912611], [151.212577043, -33.897839556126094], [151.2122680020001, -33.897836267126095], [151.21214771300004, -33.8980109021261], [151.2117464590001, -33.898458770126126], [151.2115093440001, -33.89842322712612], [151.21110511300003, -33.89836337512611], [151.21069291300012, -33.8983027791261], [151.210777236, -33.89781931612613], [151.210641172, -33.89780093912612], [151.2105643420001, -33.89819731712614], [151.21040850300005, -33.8981755351261], [151.2103837630001, -33.89826680712613], [151.2103633160001, -33.8982642341261], [151.21030382300012, -33.898561380126125], [151.21025376700004, -33.898810606126126], [151.21022077200007, -33.8989732041261], [151.2102091270001, -33.89903064612612], [151.20980322900004, -33.89898177312608], [151.2097319840001, -33.89897319512608], [151.2092099030001, -33.89891034012612], [151.209250375, -33.898713365126135], [151.209274165, -33.898597299126116], [151.20929040900012, -33.89852022812614], [151.20947465400002, -33.89764373012612], [151.2095135940001, -33.89744884312611], [151.20957269300004, -33.89716108112615], [151.20963507300007, -33.896859085126124], [151.20964493300005, -33.89681138812612], [151.20968690300003, -33.896611357126126], [151.21010622900008, -33.89667132612616], [151.21007267700008, -33.896836352126144], [151.2100675590001, -33.89685928212613], [151.21006508400012, -33.89687036112614], [151.2100150120001, -33.897112496126134], [151.21008912700006, -33.8971225451261], [151.21005746600008, -33.8972700841261], [151.21034800600012, -33.89730884312611], [151.21029278700007, -33.8975676431261]]]}, "properties": {"OBJECTID": 275715, "LABEL": "Waterloo town centre (Danks Street)", "LAY_CLASS": "Town Centre", "LGA_NAME": "SEPP"}}, {"type": "Feature", "geometry": {"type": "Polygon", "coordinates": [[[151.2259392090001, -33.82957485212696], [151.22587912300003, -33.829486736126974], [151.22606974200005, -33.82939958712694], [151.22611393500006, -33.829409691126976], [151.22627455200006, -33.82933324612697], [151.226557769, -33.82919844612697], [151.2266156930001, -33.829170863126954], [151.22666680500004, -33.82914654412698], [151.22674815300002, -33.82910782912695], [151.22679678400004, -33.829084684126954], [151.22684290300003, -33.82906273112696], [151.22689344200012, -33.82903867312695], [151.22693420100006, -33.82901927412696], [151.22697806200006, -33.82899839712697], [151.22703151400003, -33.82897295712698], [151.2273143100001, -33.82883835412697], [151.22740870100006, -33.82879343512698], [151.227503081, -33.82874850812701], [151.2275977690001, -33.82870345512699], [151.22769246300004, -33.82865839412695], [151.2277924120001, -33.828610821126986], [151.22785588600004, -33.82858061212695], [151.22808686100007, -33.82847055312699], [151.22826156000008, -33.82838742112696], [151.22835597000005, -33.82834249312699], [151.22836503100007, -33.82833819012696], [151.22844023900007, -33.828302397126976], [151.22848613500003, -33.828280561127], [151.22854476800012, -33.828252656126985], [151.2285994660001, -33.828226625126966], [151.22865882600001, -33.82819837912697], [151.2287162760001, -33.82817104012699], [151.2287742640001, -33.828143448127], [151.2288315080001, -33.82811620712702], [151.228888008, -33.828089322127006], [151.22894682100002, -33.828061329127], [151.22900319500002, -33.828034509126994], [151.22905867200006, -33.82800775112699], [151.22911677700006, -33.827980106127], [151.22917421800003, -33.82795276612698], [151.22923119400002, -33.827925659126976], [151.2293257010001, -33.82788068712696], [151.22941945600007, -33.82783607312697], [151.22951503700006, -33.82779059012697], [151.22960898000008, -33.82774588712702], [151.22970424100004, -33.827700645127024], [151.22981068800004, -33.82765005312697], [151.22991277000006, -33.82760143212702], [151.23000178100006, -33.82755905912698], [151.2297997710001, -33.827261894126984], [151.22980549900012, -33.82725916912696], [151.2298153050001, -33.827254517127], [151.2299131200001, -33.82720829012701], [151.2299210980001, -33.82720415712701], [151.22994018200006, -33.82719511312699], [151.23001180400001, -33.82716133612699], [151.23004284600006, -33.82714652812699], [151.23010931300007, -33.82711494812699], [151.23013954100009, -33.82710056112699], [151.23020860000008, -33.827067708127], [151.230236181, -33.827054539127], [151.2303072840001, -33.82702073612699], [151.23033508100002, -33.82700751412699], [151.23034814100004, -33.82700130312702], [151.2304089710001, -33.82697235812701], [151.23041764700008, -33.826968215126996], [151.23046251300002, -33.826946891127015], [151.23051046000012, -33.826924069127], [151.2305464520001, -33.826976544127035], [151.23055182100006, -33.826973989126984], [151.23061413000005, -33.826944336126964], [151.23072217600009, -33.826960386126984], [151.23070530200005, -33.82704251112698], [151.2306630280001, -33.82724706812699], [151.23091515900012, -33.827125929127], [151.231046181, -33.82706063912701], [151.2310411200001, -33.82708690012702], [151.2310130720001, -33.82720535012703], [151.2309829630001, -33.827325090127026], [151.23094543700006, -33.82758173812701], [151.23094118100005, -33.827605609127005], [151.23079595500008, -33.82771125912698], [151.23078316400006, -33.82771982812697], [151.23055882200003, -33.82784392612698], [151.23053083500008, -33.82785770312699], [151.23061114600011, -33.82747796212701], [151.23047130700002, -33.82754427812698], [151.23048504000008, -33.82755235512698], [151.23040818200002, -33.82791580812697], [151.2303407820001, -33.82794802412698], [151.23024589800002, -33.82799339112699], [151.2302083930001, -33.828011319127], [151.230169283, -33.82803001812701], [151.2301099330001, -33.82805838812701], [151.2300569560001, -33.82808371212699], [151.2299626450001, -33.82812880112701], [151.2298683450001, -33.828173881126965], [151.229774044, -33.82821897012699], [151.229679733, -33.828264049126986], [151.22958543100003, -33.828309129127], [151.2295684280001, -33.828317241126996], [151.22948239200002, -33.82835848512698], [151.22943827100005, -33.828379523126976], [151.22939403400005, -33.82840064212697], [151.22930450100012, -33.82844364412696], [151.22930230500003, -33.828444629127], [151.22920856000007, -33.82848946612697], [151.2291166430001, -33.82853344412697], [151.2291149130001, -33.828534277126984], [151.22911368400003, -33.828534859126954], [151.22901937500012, -33.828579922126984], [151.22901708900008, -33.828581016127], [151.2289913630001, -33.82859331412699], [151.228925064, -33.828624994127026], [151.22883074700007, -33.828670064127], [151.22878417800007, -33.828692330126984], [151.22877119800012, -33.82869853312698], [151.22873643600008, -33.828715135127], [151.22864216200003, -33.82876026712696], [151.22854510000002, -33.828806738126985], [151.22835624700008, -33.828896440127004], [151.2281920270001, -33.828654099126965], [151.22820203900005, -33.82862413212697], [151.2281421240001, -33.828653723126955], [151.22803522900006, -33.82870460212697], [151.2280283890001, -33.828707856127004], [151.22796795400006, -33.828736621126986], [151.22800382800006, -33.82874487712697], [151.22817943200005, -33.82900401712699], [151.2281721270001, -33.829047224126974], [151.22795328900008, -33.829226566126984], [151.22790105600006, -33.829271798126996], [151.22771837000005, -33.82942998612698], [151.22766836000005, -33.829473290126955], [151.2276395770001, -33.82949821012694], [151.22758558600003, -33.829544984127], [151.22756038900002, -33.82956682012696], [151.2274829580001, -33.82963390812695], [151.22745830700012, -33.829655259127], [151.22744256600004, -33.829664654126944], [151.227399987, -33.82969004812698], [151.2273576230001, -33.82971531812695], [151.22731503600005, -33.829740722126935], [151.22727468000005, -33.82976479012696], [151.22727402500004, -33.82976517512699], [151.22723281800006, -33.82978975612696], [151.22721842200008, -33.82979834212695], [151.2271295710001, -33.82985134612693], [151.2270407200001, -33.829904341126976], [151.2269969670001, -33.829930435126975], [151.22695086500005, -33.82995026312693], [151.22694665200004, -33.82995208312696], [151.22685012700003, -33.829993766126975], [151.2266656480001, -33.83007309712698], [151.2266568550001, -33.83007686212693], [151.22658907900006, -33.830106021126944], [151.22636667300003, -33.83020198112695], [151.2262048560001, -33.829964615126976], [151.22613945400008, -33.82986867312697], [151.22607269900004, -33.82977073412695], [151.2260059360001, -33.82967280212696], [151.2259392090001, -33.82957485212696]], [[151.23004731000003, -33.82909833712696], [151.23000306400002, -33.82930346812699], [151.22997470200005, -33.829436538126984], [151.22995145000004, -33.829547449126956], [151.22968806100005, -33.82951172812695], [151.22966226200003, -33.82963351312698], [151.22963355100012, -33.82976902112695], [151.22960774400008, -33.82989080612697], [151.22956509400012, -33.82988500612698], [151.22962933700012, -33.82958177212699], [151.229607922, -33.82955659312695], [151.2294873840001, -33.829540215126954], [151.22938947000011, -33.82952692212696], [151.22921312200003, -33.82950296112694], [151.22919095500004, -33.82949992212696], [151.22917101100006, -33.82949724212694], [151.22893053300004, -33.829267567127005], [151.2287794550001, -33.82934998212694], [151.22859744200002, -33.82945087112695], [151.22842156700005, -33.82955906712699], [151.22835103900002, -33.829620111126935], [151.22828247300004, -33.829679471126965], [151.22828179200008, -33.829680062126975], [151.22814623800002, -33.82979740112696], [151.22814420400005, -33.82979546612696], [151.2278683190001, -33.83003416612696], [151.2276923390001, -33.83014169812697], [151.22760546000006, -33.83005913112699], [151.22751866200008, -33.829976654126945], [151.22751854500007, -33.829976537126996], [151.22749284500003, -33.829951814126964], [151.22745504400007, -33.82994817512697], [151.22744428800002, -33.82994714312697], [151.22767008100004, -33.829803604126944], [151.22792308900011, -33.82958781412697], [151.2280601210001, -33.82946833312698], [151.22812915300005, -33.829408597126935], [151.22817769300002, -33.82936763212696], [151.22837889000004, -33.82920069712698], [151.22842054500006, -33.82916672212697], [151.2284523840001, -33.829140753127], [151.22848715700002, -33.829118845127], [151.2285194530001, -33.82909849712697], [151.22860887000002, -33.829042169126986], [151.22866535200012, -33.82901525812697], [151.22872403000008, -33.82898729112699], [151.228753191, -33.82897327912697], [151.22884096500002, -33.82893155212698], [151.22892909900008, -33.82888953812696], [151.22898805500006, -33.828861436126964], [151.22923674300011, -33.82874199112697], [151.22926445000007, -33.82872875112699], [151.22954687700008, -33.828593879126984], [151.22955944600005, -33.828587873126956], [151.2298219390001, -33.82846252112697], [151.22985109700005, -33.828448591127], [151.2299055630001, -33.82842277512698], [151.23005104800006, -33.828353098127], [151.23009577000005, -33.82834402712697], [151.2301393790001, -33.828356289126965], [151.23015089700004, -33.82836812112699], [151.2301686290001, -33.828386274126984], [151.23017211600006, -33.828424567126966], [151.2301720260001, -33.82850814812698], [151.23016265, -33.82855254612698], [151.2301376040001, -33.82867105012699], [151.23004731000003, -33.82909833712696]]]}, "properties": {"OBJECTID": 275716, "LABEL": "Cremorne town centre", "LAY_CLASS": "Town Centre", "LGA_NAME": "SEPP"}}, {"type": "Feature", "geometry": {"type": "Polygon", "coordinates": [[[151.2377502820001, -33.87997556412631], [151.23776644400004, -33.88001816012632], [151.23747849500012, -33.88008720112635], [151.23694548600008, -33.87998455412635], [151.2369418300001, -33.88000009812635], [151.23692800800006, -33.879996683126315], [151.23691168400012, -33.88003623212633], [151.23689389100002, -33.88004879912632], [151.23686623700007, -33.88006846612634], [151.23674429200003, -33.880161484126354], [151.23671909400002, -33.88013582212632], [151.23669218300006, -33.88010840112634], [151.23666498600005, -33.88008068412632], [151.23649861500007, -33.88020279112638], [151.23637115600002, -33.88029600812634], [151.23628733400005, -33.880275669126334], [151.23623130900012, -33.88031369412636], [151.23608306300002, -33.88024174112633], [151.23601682000003, -33.88020950512633], [151.235961502, -33.880182067126334], [151.23579574000007, -33.880096479126344], [151.23578427500001, -33.88009144112635], [151.2356479770001, -33.88002682112632], [151.23552957200002, -33.87995130712631], [151.23497161900002, -33.87959550012635], [151.23495786800004, -33.879585586126346], [151.2349446820001, -33.879575161126375], [151.23493207900003, -33.879564242126335], [151.2349200760001, -33.87955286812633], [151.23490871900003, -33.87954104412633], [151.2348980150001, -33.87952880012633], [151.23488797700008, -33.879516151126346], [151.2348786540001, -33.879503144126346], [151.23487004900005, -33.87948980512636], [151.23486217800007, -33.87947614412634], [151.23485505100007, -33.87946219612634], [151.2348487050001, -33.87944800612634], [151.23484312900007, -33.879433574126324], [151.2348383520001, -33.87941895412634], [151.23483437100003, -33.87940417312632], [151.2348312160001, -33.87938923912637], [151.23482886800002, -33.87937421512637], [151.2348273350001, -33.87935911212636], [151.2348266450001, -33.879343970126364], [151.23485182500008, -33.879239648126344], [151.23486551200006, -33.87918409812632], [151.23487585700002, -33.87914042512634], [151.23488639800007, -33.87909712912633], [151.23493220400007, -33.878909397126364], [151.234975178, -33.87873272612635], [151.23496089800005, -33.878676799126346], [151.23522515600007, -33.87880367612635], [151.23552957200002, -33.87886669212637], [151.2359541520001, -33.878954592126334], [151.23681830600003, -33.87911283412633], [151.23699310400002, -33.87914486312635], [151.23774520000006, -33.879191583126364], [151.23771378000004, -33.87924889012636], [151.23779476200002, -33.87952567912637], [151.237724296, -33.879562763126344], [151.23768258500002, -33.87958488712633], [151.23768368000003, -33.87959135812635], [151.23770014700006, -33.87968329312635], [151.23771773400006, -33.87978694412637], [151.23773537600005, -33.87988968912636], [151.2377450030001, -33.87994511312633], [151.2377502820001, -33.87997556412631]]]}, "properties": {"OBJECTID": 275717, "LABEL": "Edgecliff station and town centre", "LAY_CLASS": "Town Centre", "LGA_NAME": "SEPP"}}, {"type": "Feature", "geometry": {"type": "Polygon", "coordinates": [[[151.28541224700007, -33.795668688127414], [151.2854190060001, -33.795505051127385], [151.2856079930001, -33.79553174612741], [151.28566732600007, -33.795540118127384], [151.28579803800005, -33.79555858412742], [151.28592701200012, -33.79557610012737], [151.28612157600003, -33.79560435412739], [151.28632016300003, -33.79563318312738], [151.2864497820001, -33.79565200612737], [151.28662731500003, -33.795677778127384], [151.28663955000002, -33.795679554127375], [151.2868927290001, -33.795716314127375], [151.28696601800004, -33.795727842127384], [151.2870570030001, -33.79574069612735], [151.28718249000008, -33.79575810412739], [151.2873712170001, -33.79578408212738], [151.28762438900003, -33.795780305127415], [151.2876671990001, -33.7959149831274], [151.2877251420001, -33.796097318127394], [151.28803603100005, -33.79699681812738], [151.28812937300006, -33.79714505612738], [151.28818703800005, -33.797241104127366], [151.28863970100008, -33.79797382012737], [151.28870620500004, -33.798079622127396], [151.28925986600007, -33.79889584812735], [151.28909987600002, -33.798992568127346], [151.28890022000007, -33.79910837312734], [151.28885005000006, -33.79905086012735], [151.28880198500008, -33.798996055127354], [151.2886257350001, -33.799098271127356], [151.28852489000008, -33.79897588512734], [151.28842826000005, -33.79885888812738], [151.28831139500005, -33.79892759812735], [151.28819279200002, -33.79899720212733], [151.28807118600002, -33.79906856412737], [151.28806517300006, -33.799072087127335], [151.28794779800012, -33.79914100212733], [151.2876512790001, -33.79878519512739], [151.2875306510001, -33.79885561612736], [151.2874096910001, -33.79892535712736], [151.28723631800005, -33.79902567112735], [151.28686580200008, -33.79923960612733], [151.28716207000002, -33.79959723312737], [151.2874523050001, -33.79994776912734], [151.28767014800007, -33.80015385912734], [151.28746864700008, -33.800271978127334], [151.28730494700005, -33.8003655271273], [151.28729167100005, -33.80037311012731], [151.28717012000004, -33.80044282312735], [151.28705057600007, -33.800510905127325], [151.28693704700004, -33.80057923712732], [151.28676346800012, -33.80067930212734], [151.28648806800004, -33.80083225412731], [151.28635732800012, -33.80087267012735], [151.28621259500005, -33.8006596981273], [151.28609762400004, -33.8005018061273], [151.2859845160001, -33.80033536312736], [151.28590921900002, -33.800239413127365], [151.2858019470001, -33.80013995712731], [151.28564304300005, -33.80000114112731], [151.28545841100004, -33.799876730127366], [151.28536108100002, -33.79981357912735], [151.2844875410001, -33.79924909912734], [151.28477977500006, -33.798678561127375], [151.28478468900005, -33.798668726127346], [151.28478550300008, -33.79866713112733], [151.2847875650001, -33.79865670512738], [151.284995556, -33.79871017612738], [151.28499637200002, -33.79871035512735], [151.28499718800003, -33.79871048912736], [151.28499801300006, -33.79871059712733], [151.2849988370001, -33.798710660127355], [151.28499967100004, -33.79871068612737], [151.2850005130001, -33.79871067812734], [151.28500134700005, -33.79871064212735], [151.28500217200008, -33.79871056112734], [151.285002995, -33.79871044412738], [151.28500382100003, -33.798710301127365], [151.2850046200001, -33.798710122127375], [151.28500540700009, -33.79870989812735], [151.285006188, -33.79870964812732], [151.28500695900004, -33.79870936012736], [151.2850076950001, -33.798709037127374], [151.28500841900006, -33.79870868912736], [151.28500911800006, -33.798708302127345], [151.2850097820001, -33.79870790012735], [151.2850104370001, -33.79870745012739], [151.28501105400005, -33.798706984127364], [151.28501164700003, -33.798706501127356], [151.28501220200008, -33.79870598812738], [151.28501272200003, -33.798705434127335], [151.28501320700002, -33.79870486912734], [151.2850136730001, -33.79870428612735], [151.28501409400008, -33.79870369412737], [151.28505226400011, -33.79863250212736], [151.28505928000004, -33.798622140127335], [151.28508392300012, -33.798628209127344], [151.28509634800002, -33.79857403212736], [151.28509636500007, -33.79857395912734], [151.28510882500007, -33.798519637127356], [151.28518245500004, -33.79819863712738], [151.28520466800012, -33.798101790127355], [151.28520771600006, -33.79808852412737], [151.28523197200002, -33.79798286512738], [151.28525823600012, -33.79786854612735], [151.28528254700007, -33.79776328312738], [151.28530558500006, -33.79766190112737], [151.2849806490001, -33.797614096127354], [151.2850035340001, -33.79750911912738], [151.2850269480001, -33.79740169412737], [151.2850503620001, -33.79729421612734], [151.28507417900005, -33.79718484812739], [151.28508698000007, -33.79712609612734], [151.28511823700012, -33.79698261912734], [151.2851436410001, -33.79697221212737], [151.28517199300006, -33.796777238127355], [151.2852222020001, -33.79655165812735], [151.28522851200012, -33.7965232951274], [151.28524034400004, -33.79647016712735], [151.28525254500005, -33.79641538812737], [151.28528491300005, -33.796269893127395], [151.28532020500006, -33.79610325312738], [151.28533196500007, -33.79604772112741], [151.28536520400007, -33.79589081612737], [151.28537696600006, -33.795835284127385], [151.28538872500008, -33.79577975212741], [151.28540048600007, -33.79572422012737], [151.28541224700007, -33.795668688127414]], [[151.2856816860001, -33.796910728127344], [151.28570492100005, -33.796914456127375], [151.28570567500003, -33.79691244912738], [151.28572632700002, -33.796915748127354], [151.28572671200004, -33.7969140991274], [151.28575688500007, -33.796918921127386], [151.28576074900002, -33.79690103812738], [151.28577354000004, -33.79690308312737], [151.28577317300005, -33.79690467812738], [151.285796784, -33.79690846012734], [151.28579722300003, -33.7969066231274], [151.2858148460001, -33.79690943712736], [151.28581376300008, -33.796914109127336], [151.28581844100006, -33.79691486112735], [151.2858193190001, -33.796911060127364], [151.28582896400007, -33.79691272712736], [151.2858295200001, -33.79690951812736], [151.28586606600004, -33.79673469412736], [151.2856642600001, -33.79670478112737], [151.28562408400012, -33.79688130912737], [151.28564029200004, -33.79688397912739], [151.28563617600003, -33.79689939812741], [151.28566136400002, -33.796903405127374], [151.2856609170001, -33.79690537712739], [151.285682134, -33.79690876412736], [151.2856816860001, -33.796910728127344]], [[151.28581368100004, -33.79604843812738], [151.28609596600006, -33.79609351712738], [151.28613421600005, -33.796099623127404], [151.28618334600003, -33.79588123312741], [151.28586272300004, -33.79583315912742], [151.28581368100004, -33.79604843812738]], [[151.2861608830001, -33.79838421812735], [151.2863946020001, -33.79866966812734], [151.28651614300009, -33.79881790512735], [151.28653296900006, -33.79880810712733], [151.28659771500008, -33.79877038612733], [151.28674441500004, -33.79868492312733], [151.28660670600004, -33.79852480912735], [151.28652064400012, -33.79841233812737], [151.28650997600005, -33.798418452127365], [151.28638220300002, -33.79825740512735], [151.2861608830001, -33.79838421812735]], [[151.28432139300003, -33.79684508512738], [151.28442279400008, -33.796860387127396], [151.28450390900002, -33.79687189612737], [151.28417649100004, -33.79824161012738], [151.28443536100008, -33.79830404512733], [151.28444442400007, -33.79830550612735], [151.2844536120001, -33.798306268127355], [151.2844628370001, -33.79830634812738], [151.28447203300004, -33.79830573012738], [151.2844811230001, -33.79830441212738], [151.28449004300012, -33.798302413127374], [151.28449870100008, -33.79829976012734], [151.28450703700003, -33.79829645212739], [151.28451498700008, -33.79829253512735], [151.28452247300004, -33.79828804412733], [151.28452944800006, -33.798282997127345], [151.28453584800002, -33.79827744912735], [151.28454162100002, -33.79827143312736], [151.28454672100008, -33.798265016127345], [151.28455214400003, -33.79849967412735], [151.28447638900002, -33.79882828512735], [151.28444948900005, -33.798906379127345], [151.28444288100002, -33.79892555312733], [151.2844418960001, -33.79892818812738], [151.2844408300001, -33.79893080612739], [151.28443967300007, -33.79893339712737], [151.2844384450001, -33.798935969127335], [151.28443713600007, -33.798938506127335], [151.2844357560001, -33.79894101612734], [151.2844342850001, -33.798943489127325], [151.28443275300003, -33.79894593712736], [151.28443114000004, -33.79894834812733], [151.284429444, -33.798950733127356], [151.28442768800005, -33.79895307212734], [151.28442585100004, -33.79895536712735], [151.28442395000002, -33.79895763512735], [151.28442197000004, -33.79895984912736], [151.28441993400008, -33.79896202812733], [151.28441782700008, -33.798964161127344], [151.28441565000003, -33.79896624112734], [151.2844134180001, -33.798968284127334], [151.28441111300003, -33.798970265127366], [151.28440875500007, -33.798972211127364], [151.28440633600007, -33.798974093127356], [151.2844038620001, -33.79897593112736], [151.2844013240001, -33.79897770612734], [151.2843987450001, -33.79897943512737], [151.2843961000001, -33.798981103127346], [151.28439341000012, -33.79898270712737], [151.28439066700003, -33.798984267127366], [151.28438788800008, -33.79898575512737], [151.28438505600002, -33.79898718912733], [151.2843821780001, -33.798988561127366], [151.2843792650001, -33.79898987012734], [151.28437630700012, -33.79899111612736], [151.28437331300006, -33.79899229012732], [151.28437028200005, -33.798993410127366], [151.2843672260001, -33.79899445912736], [151.28436413400004, -33.79899544512733], [151.28436100400006, -33.79899636012737], [151.284357859, -33.79899721112734], [151.284354677, -33.79899799112735], [151.28435148500012, -33.798998699127374], [151.28434825800002, -33.79899934512734], [151.28434502300001, -33.798999918127365], [151.2843417690001, -33.79900042012734], [151.28433849600003, -33.79900085812733], [151.28433521600004, -33.79900121812732], [151.28433192600005, -33.79900151412732], [151.28432862700004, -33.79900172912732], [151.2843253200001, -33.79900188112736], [151.28415318400005, -33.799197735127336], [151.28386034800008, -33.79902580612738], [151.28383951700005, -33.79901428012737], [151.28377356900012, -33.79897424512733], [151.28350961500007, -33.798821150127374], [151.28334656100003, -33.798743127127345], [151.28326405500002, -33.79871000512737], [151.28330108700004, -33.79857859312733], [151.28338727400012, -33.798163597127385], [151.28341056300007, -33.79804556812738], [151.28341361100001, -33.79803270512737], [151.28344366700003, -33.797905811127364], [151.28346121900006, -33.797831509127384], [151.2834789320001, -33.797756309127365], [151.28350521400012, -33.79764583812739], [151.2835401200001, -33.79749845212735], [151.28357893400005, -33.79733452712737], [151.28359683400004, -33.7972589691274], [151.28361890300005, -33.797165207127385], [151.2836413760001, -33.797070036127394], [151.28364454100006, -33.797057657127375], [151.28366726500008, -33.79696168012739], [151.2836706070001, -33.79694755312734], [151.2837124790001, -33.79677076512738], [151.28369325100005, -33.79673876312736], [151.28386588000012, -33.796770854127395], [151.28402282100012, -33.79679633912739], [151.28432139300003, -33.79684508512738]], [[151.28362256200012, -33.797729606127376], [151.28387567700008, -33.79776827712738], [151.28413971100008, -33.797808632127335], [151.28416370800005, -33.79770146812736], [151.2841867720001, -33.79760047112735], [151.2839147510001, -33.79755687012739], [151.28367173800007, -33.79751792112734], [151.28364891600006, -33.79761644512735], [151.28362256200012, -33.797729606127376]], [[151.2850742060001, -33.79501646012738], [151.2850497710001, -33.7951254161274], [151.28503819800005, -33.79517744312738], [151.28502607000007, -33.795231667127375], [151.28501164700003, -33.7952961541274], [151.28501010500008, -33.7953030391274], [151.28499339600012, -33.79537779912742], [151.28498492500012, -33.795415599127395], [151.28498296200007, -33.795420691127376], [151.28497150500004, -33.79556674112739], [151.28492307400006, -33.79554039612741], [151.28465412700007, -33.7954993411274], [151.2844237800001, -33.79546409412738], [151.2842735920001, -33.79544110612736], [151.284325759, -33.79535289512739], [151.28435682000008, -33.7952961541274], [151.2844187060001, -33.79518310012741], [151.28451661100007, -33.795004368127415], [151.2845859470001, -33.79501488212741], [151.2846268500001, -33.794939613127376], [151.2846710330001, -33.79485790612738], [151.2846780980001, -33.79484484512737], [151.28473624600008, -33.79473774312743], [151.2847141420001, -33.794637804127426], [151.284711613, -33.79462639312743], [151.28468718700003, -33.794515678127425], [151.28465826000001, -33.79438508212741], [151.28463647700005, -33.7942894541274], [151.28463296300004, -33.794274027127415], [151.28460700400012, -33.79416216612742], [151.2847142930001, -33.79402046212745], [151.28472435100002, -33.7940075551274], [151.28484248600012, -33.79385122312743], [151.28490073500006, -33.79377428612743], [151.28494830600005, -33.79371148512741], [151.28496239000003, -33.79369285712739], [151.28496947100007, -33.79365775412742], [151.28522654100004, -33.793693252127404], [151.28535892000002, -33.79371152912739], [151.2853479570001, -33.793763000127406], [151.28533278100008, -33.79383284712742], [151.2853149350001, -33.79391502912738], [151.2852796620001, -33.794077394127385], [151.28527149400009, -33.794114997127394], [151.28526447600007, -33.79414740212741], [151.28525733900005, -33.794180273127424], [151.28525043900004, -33.79421205012739], [151.28524353600005, -33.79424387312742], [151.28523664300008, -33.7942755601274], [151.28522940900007, -33.794308826127406], [151.28522286500004, -33.7943389541274], [151.28519999800005, -33.794451980127405], [151.28517156400005, -33.794580443127415], [151.2851470480001, -33.7946908261274], [151.28514489600002, -33.794700327127416], [151.28512263000005, -33.794798556127425], [151.28509824900004, -33.79490904512737], [151.2850742060001, -33.79501646012738]], [[151.2854190060001, -33.795505051127385], [151.28538050600002, -33.79549566512741], [151.2853486570001, -33.79546889012742], [151.28532742100003, -33.795428418127415], [151.2853196220001, -33.7953652931274], [151.2853202230001, -33.795304957127414], [151.28532135300009, -33.7952962081274], [151.28532958100004, -33.79523185512737], [151.28535619500008, -33.79511284112743], [151.28527591400007, -33.79510026412741], [151.28527583300001, -33.794994480127386], [151.28529996400005, -33.79489602012739], [151.28531063100002, -33.794845373127416], [151.28532200600011, -33.79479141012739], [151.28534096500005, -33.794701547127424], [151.28535892000002, -33.79461637112739], [151.28536884400012, -33.79456926512739], [151.28537794300007, -33.79452602312739], [151.28538765000008, -33.79447998512738], [151.28541289300006, -33.79436600712739], [151.28545921800003, -33.794157872127414], [151.28557455800012, -33.79417199012743], [151.2855747110001, -33.79417115812741], [151.28562258600004, -33.79417626612742], [151.28560790300003, -33.79424492112742], [151.2855754090001, -33.79438620312743], [151.2855487710001, -33.79449879012742], [151.28572529500002, -33.79451943412743], [151.28569505200005, -33.794657802127404], [151.28568625700007, -33.79469811312743], [151.28567509800007, -33.79474913712737], [151.28566272800003, -33.79474737912738], [151.28564504200006, -33.79483659912739], [151.28563791400006, -33.79483561212742], [151.28562550100003, -33.79489133212739], [151.28561540700002, -33.79493660012739], [151.28559252200012, -33.79503772312738], [151.28557164400002, -33.79512618812741], [151.28556788000003, -33.79514208112742], [151.28556734300003, -33.79514453712737], [151.285545156, -33.795242971127415], [151.28548178100004, -33.7952344001274], [151.28546849600002, -33.79529163612737], [151.2854190060001, -33.795505051127385]], [[151.28537754700005, -33.793626910127394], [151.284987354, -33.79356815112744], [151.28500114200006, -33.79349900112744], [151.28502789900006, -33.79336312512744], [151.28499127300006, -33.79329628912742], [151.2849086770001, -33.793146717127414], [151.28489793000006, -33.79312698812744], [151.28485240200007, -33.793043533127396], [151.2850660030001, -33.79305395812743], [151.28549775400006, -33.79307452112745], [151.28547556, -33.793174470127404], [151.28544062700007, -33.79333419912739], [151.28542423200008, -33.79340820612743], [151.2853976, -33.7935344361274], [151.28537754700005, -33.793626910127394]]]}, "properties": {"OBJECTID": 275718, "LABEL": "Manly town centre", "LAY_CLASS": "Town Centre", "LGA_NAME": "SEPP"}}, {"type": "Feature", "geometry": {"type": "Polygon", "coordinates": [[[151.07835313400005, -33.96870250412523], [151.07839134800008, -33.96874728012521], [151.0785588120001, -33.968641094125246], [151.07878047300005, -33.96851129512526], [151.07891893200008, -33.96843022512524], [151.0790456740001, -33.96857873112526], [151.07915871800003, -33.96876711812524], [151.0792275340001, -33.96884581212526], [151.07925940200005, -33.968882242125225], [151.0793727240001, -33.96901185312526], [151.07945017400004, -33.96910040812524], [151.07954840000002, -33.969212726125235], [151.07958807500006, -33.969258101125256], [151.07962645800012, -33.969302017125216], [151.07966599000008, -33.969347204125235], [151.07973470800005, -33.96942585412523], [151.07979443400006, -33.969494222125235], [151.0798911380001, -33.969604685125255], [151.07998812800008, -33.96971544412523], [151.08006411600002, -33.9698022261252], [151.0800877270001, -33.96982915312525], [151.08008976200006, -33.96983155512526], [151.08019623600012, -33.96995328612521], [151.08029200700003, -33.97006269112521], [151.08036120100007, -33.97014008612523], [151.0804210980001, -33.97020710012525], [151.0805465310001, -33.97034996912524], [151.08058613200012, -33.9703950481252], [151.08062570000004, -33.97043998512524], [151.08066507, -33.97048497512524], [151.08071716000006, -33.97045382612523], [151.08074072500006, -33.97044041512523], [151.08095080600003, -33.97067581012522], [151.080954463, -33.97067930512523], [151.08095502100002, -33.9706796901252], [151.0810464220001, -33.97076383312524], [151.08102434700004, -33.970801035125206], [151.08084270900008, -33.97110669012519], [151.08083068000008, -33.971131090125226], [151.08079608800006, -33.971196832125216], [151.08069656200007, -33.971387361125224], [151.0806124610001, -33.971548488125194], [151.08052612100005, -33.97172166312521], [151.08038700800012, -33.972059866125235], [151.08029858700002, -33.972283526125175], [151.0801558180001, -33.97206092412519], [151.07990455700008, -33.971770795125195], [151.07989634600006, -33.97177549212519], [151.0798581780001, -33.97179736412517], [151.079769703, -33.971848073125216], [151.07972505300006, -33.97187365712517], [151.0796817580001, -33.97189855012523], [151.07977653300009, -33.972005911125194], [151.079969053, -33.97222503612518], [151.0799088330001, -33.97226152012519], [151.07983553500003, -33.972305900125214], [151.0797745530001, -33.97223760412522], [151.0796953370001, -33.97228290712519], [151.079684895, -33.97228888612517], [151.07965523300004, -33.972305856125224], [151.07963543100004, -33.9723171671252], [151.0795954350001, -33.97234005212523], [151.07952919100012, -33.972378356125205], [151.07952275500008, -33.972382102125216], [151.07941654900003, -33.972442503125194], [151.07932696300009, -33.97249375812522], [151.079235207, -33.97254626012516], [151.0791453710001, -33.97259758812521], [151.07891647600002, -33.97233713912524], [151.07879836600011, -33.972184501125206], [151.07856875400012, -33.971923416125215], [151.07865882300007, -33.971871758125204], [151.07874784500007, -33.97182071512521], [151.07883755600005, -33.97176920012521], [151.07886735300008, -33.97175211512519], [151.07887814600008, -33.97174583012522], [151.07892823600002, -33.97171720012519], [151.07898688000012, -33.971683603125214], [151.07901556500008, -33.97166712712522], [151.07901829800005, -33.97166559412518], [151.07910715000003, -33.97161474112517], [151.07916671400005, -33.971580489125195], [151.0791956590001, -33.971564220125195], [151.0792161590001, -33.97155204712524], [151.07927336800003, -33.971520386125185], [151.07928729800005, -33.97151213912521], [151.07934015800004, -33.97148159112523], [151.07937562000006, -33.971460884125186], [151.07938159900004, -33.97145752212522], [151.0794152310001, -33.9714382491252], [151.07946272300012, -33.9714110081252], [151.07955303500012, -33.9713593931252], [151.07964175100005, -33.97130863112518], [151.07972935600003, -33.97125853112523], [151.07976433400006, -33.97123851412523], [151.079788967, -33.971224019125216], [151.07985624100002, -33.97118518712518], [151.07988327700002, -33.971168837125234], [151.07989854200002, -33.9711599991252], [151.07994290500005, -33.971133832125204], [151.0799985530001, -33.97110041512521], [151.07990383100002, -33.970993331125236], [151.0797708240001, -33.970843605125225], [151.07964061300004, -33.97069439112526], [151.07960441600005, -33.97065400012523], [151.07957420800005, -33.97061905812521], [151.07950980200008, -33.97054546412521], [151.07944516200007, -33.97047152012526], [151.0794103730001, -33.97043215112521], [151.07938095300005, -33.9703983111252], [151.0793167800001, -33.970325076125256], [151.07925252600012, -33.97025189412519], [151.07918288500002, -33.9701723651252], [151.07920120900008, -33.97016178812525], [151.07907423300003, -33.97001716212523], [151.07884391200002, -33.96975482312521], [151.07861608400003, -33.96949462712523], [151.07848979000005, -33.96935039612525], [151.07847320700012, -33.96935986312522], [151.07839565000006, -33.96927058012521], [151.0782461670001, -33.96909592612523], [151.0782085720001, -33.96905268312523], [151.07816965000006, -33.969008401125215], [151.07813159900002, -33.968962345125234], [151.07809310800008, -33.968917731125245], [151.0780548040001, -33.96887300112525], [151.07801652000012, -33.968828244125234], [151.07788629900006, -33.968677371125224], [151.07784792600012, -33.968632434125254], [151.0777694090001, -33.968540714125254], [151.07806698500008, -33.96836630212527], [151.0781756030001, -33.96849197812524], [151.078324306, -33.96866874712524], [151.07835313400005, -33.96870250412523]], [[151.0824477650001, -33.97089942712519], [151.0823781050001, -33.970938785125234], [151.08227710800008, -33.970995913125215], [151.08223682300002, -33.971019399125204], [151.08210620900002, -33.971095547125195], [151.08197184800008, -33.9711738291252], [151.08188167100002, -33.97122664612523], [151.08182541300005, -33.971259356125195], [151.0816992970001, -33.971332967125214], [151.08163291200003, -33.97137164712519], [151.08156705400006, -33.97141004112521], [151.08151076800004, -33.97144289312519], [151.08144834300003, -33.97147503812523], [151.08138242300004, -33.971513260125235], [151.081312969, -33.97155348112519], [151.08108823300006, -33.97129370512522], [151.08112807800012, -33.97122347212521], [151.0811690160001, -33.971151617125216], [151.08165126900008, -33.97040761612524], [151.08175765400006, -33.97026542012524], [151.08178233, -33.970232447125206], [151.08185968700002, -33.970279016125204], [151.08186497000008, -33.97028216312523], [151.08191790800004, -33.97031319012521], [151.08205604900002, -33.97045643112521], [151.08205795900005, -33.97045880512521], [151.08215746200005, -33.970581971125206], [151.08215818200006, -33.970582758125225], [151.0824477650001, -33.97089942712519]]]}, "properties": {"OBJECTID": 275723, "LABEL": "Mortdale station and town centre", "LAY_CLASS": "Town Centre", "LGA_NAME": "SEPP"}}, {"type": "Feature", "geometry": {"type": "Polygon", "coordinates": [[[151.26519594600006, -33.79326626212743], [151.26517095300005, -33.793385347127426], [151.26514597100004, -33.79350443412739], [151.26511809200008, -33.79363408912741], [151.2650928060001, -33.79375552412739], [151.26573467100002, -33.7938479961274], [151.26574736400005, -33.79389799712743], [151.2659043860001, -33.79392096212741], [151.26598163800008, -33.79393000812741], [151.266060637, -33.79394139212743], [151.2662252340001, -33.7939648871274], [151.2663032920001, -33.79397591212739], [151.26638927500005, -33.793988336127434], [151.26627320900002, -33.79453089912742], [151.26611213500007, -33.79450819312739], [151.26594546800004, -33.794484689127394], [151.2657872630001, -33.79446232612741], [151.2657594200001, -33.794458399127386], [151.2656372770001, -33.79444117012741], [151.26561253700004, -33.79443767412744], [151.26546146700002, -33.79441644712738], [151.26529999000002, -33.79439367912743], [151.26525049200006, -33.79438670512741], [151.26520446000006, -33.79438021512743], [151.26513447900004, -33.79437033612743], [151.26503310500004, -33.79435604712739], [151.26501796500008, -33.79435391412739], [151.2650054070001, -33.794352140127394], [151.2647248070001, -33.794303340127385], [151.2646874620001, -33.79430514112744], [151.26464912400002, -33.79429965512742], [151.26454505300012, -33.79428477512744], [151.2644332540001, -33.79426879212741], [151.26432915500004, -33.79425389512738], [151.2642018560001, -33.794235706127424], [151.26413847300012, -33.794226644127434], [151.26412636300006, -33.79422491312742], [151.2641026440001, -33.79422152512739], [151.2640788010001, -33.79421811012741], [151.26404066700002, -33.79421266012741], [151.26383695200002, -33.79418351812739], [151.263813421, -33.79418015712741], [151.26371233400005, -33.794165716127395], [151.26368481500003, -33.7941617801274], [151.26365467800008, -33.794157470127416], [151.2636037630001, -33.794150002127424], [151.26356260900002, -33.79414256212743], [151.26349805900009, -33.79413088212741], [151.26325801300004, -33.7940962901274], [151.26315174500007, -33.79408097012744], [151.26305422600012, -33.7940669061274], [151.26292656100009, -33.79404849412742], [151.2628187780001, -33.794032941127405], [151.26288925300003, -33.79369352012741], [151.26289746400005, -33.7936539631274], [151.26289933700002, -33.793644989127415], [151.26318879300004, -33.7936867331274], [151.26332430200011, -33.79370627612741], [151.26338451200002, -33.79341080512741], [151.26340329200002, -33.79341347712741], [151.26345001200002, -33.793384935127406], [151.263612404, -33.793408439127404], [151.2636136860001, -33.79340189512746], [151.26362605600002, -33.793338520127406], [151.26363821100006, -33.79327626512744], [151.2636474080001, -33.79322918612742], [151.26365357500003, -33.79323008312742], [151.2636566870001, -33.793214970127416], [151.26366922700004, -33.79315399512741], [151.2636857560001, -33.79307367012743], [151.26370701000008, -33.79297036112742], [151.26371455700007, -33.79293366112741], [151.2637294650001, -33.79286124212742], [151.2637330870001, -33.79284362712743], [151.26374211300003, -33.79279975012742], [151.2637546080001, -33.79273904312744], [151.2637658120001, -33.79268458812744], [151.26376980200007, -33.792665226127404], [151.263781267, -33.79260949812746], [151.26379675700002, -33.79253422712745], [151.2638306230001, -33.79236963012741], [151.2638319680001, -33.79236330112742], [151.26387123900008, -33.792178123127464], [151.2639179680001, -33.79195777112741], [151.26407682, -33.79198123012744], [151.26400074000003, -33.79236769412741], [151.26415899200003, -33.79239126012746], [151.2641533530001, -33.79241649512741], [151.26431302000003, -33.792439020127425], [151.26443670600008, -33.79245646412741], [151.26447081300012, -33.79246128712744], [151.26463602800004, -33.792484585127426], [151.2647975420001, -33.79250737912744], [151.2648826720001, -33.79251937312742], [151.26495930500005, -33.79253019312741], [151.2651200470001, -33.79255286312743], [151.26533987800008, -33.79258020612744], [151.26533187400003, -33.79261835312743], [151.2653061210001, -33.792741088127414], [151.26527242500003, -33.792901696127416], [151.2652609160001, -33.79295649312742], [151.26524686900007, -33.793023498127425], [151.2652213120001, -33.79314529212742], [151.26519594600006, -33.79326626212743]], [[151.2643731500001, -33.794491610127395], [151.26438255400012, -33.79444311512743], [151.26443398800006, -33.794450044127416], [151.26449020200005, -33.794457628127425], [151.26454161900006, -33.79446454812739], [151.26459918600005, -33.79447231112743], [151.26464790500006, -33.79447889912739], [151.264710357, -33.794487307127376], [151.2649195140001, -33.79451769512742], [151.2649893250001, -33.794527762127416], [151.26505500400003, -33.794537219127385], [151.2651201530001, -33.79454661312741], [151.26517947800005, -33.79455517412742], [151.26524623400007, -33.794564801127414], [151.26541032700004, -33.794588457127425], [151.26557864400002, -33.79461271312742], [151.26588441400008, -33.79465687912738], [151.26583444900007, -33.7949112411274], [151.26552607000008, -33.794866663127436], [151.26549625600012, -33.795007407127386], [151.26533583700007, -33.7949841901274], [151.26483819300006, -33.79491322212743], [151.26462781700002, -33.79488908212739], [151.26462659800006, -33.794894971127384], [151.26460043100008, -33.79502227812741], [151.2645732000001, -33.795154487127434], [151.26454499800002, -33.79529172612738], [151.264058631, -33.795224262127405], [151.26405287600005, -33.795222784127404], [151.26408034200006, -33.79508414612741], [151.26403856900004, -33.79507809612737], [151.26406558700012, -33.7949474371274], [151.2637469440001, -33.794902878127395], [151.2637753240001, -33.794768400127396], [151.2636730270001, -33.794749737127404], [151.2636840020001, -33.794696825127396], [151.26374488300007, -33.79440332412741], [151.263883017, -33.79442273912743], [151.26404650300003, -33.794445715127445], [151.26421820000007, -33.794469855127424], [151.2643731500001, -33.794491610127395]], [[151.26370517200007, -33.794401432127415], [151.26367382500007, -33.79455258312743], [151.263537465, -33.794532620127434], [151.26357795500007, -33.79432936212742], [151.26363795200007, -33.79433777012741], [151.26371611700006, -33.79434872412742], [151.26370517200007, -33.794401432127415]]]}, "properties": {"OBJECTID": 275724, "LABEL": "Balgowlah Stockland shopping centre", "LAY_CLASS": "Town Centre", "LGA_NAME": "SEPP"}}, {"type": "Feature", "geometry": {"type": "Polygon", "coordinates": [[[151.21655117700004, -33.76115366412781], [151.21648671800006, -33.76147755012786], [151.2164516050001, -33.76165128212779], [151.2164171500001, -33.76182443812779], [151.21639456100002, -33.761937116127804], [151.21634914800006, -33.76216351912779], [151.21632401300008, -33.76228257912784], [151.2163033050001, -33.76238990512781], [151.21625425500008, -33.762634334127824], [151.2161570600001, -33.76262072812778], [151.2160496250001, -33.762605640127774], [151.2159633120001, -33.76259364712779], [151.215886876, -33.762583024127814], [151.21582808900007, -33.76257487612782], [151.2157649830001, -33.76256610912781], [151.21572267500005, -33.76256022812782], [151.2156576750001, -33.7625512111278], [151.2155933140001, -33.762542265127834], [151.21553668900003, -33.762534404127784], [151.21547043600003, -33.7625252161278], [151.21540634400003, -33.7625163051278], [151.21534846300005, -33.76250826412781], [151.2152815920001, -33.76249897812777], [151.21522928700006, -33.76249171712783], [151.21516443400003, -33.762482708127834], [151.21510098600004, -33.762473906127795], [151.2150333510001, -33.76246452112781], [151.21496889200012, -33.762455557127794], [151.2149050600001, -33.76244669112783], [151.21484095000005, -33.762437691127786], [151.21477460800008, -33.76242856612783], [151.21470974400006, -33.762419494127826], [151.21464706900008, -33.76241079912779], [151.21458224900005, -33.762401719127816], [151.21451727800002, -33.7623926031278], [151.21438559700005, -33.76237455812783], [151.21419930800005, -33.76234864312778], [151.2141076150001, -33.76233588712779], [151.2141620000001, -33.76206350812783], [151.21417799200003, -33.7619859431278], [151.21422811700006, -33.76173971112781], [151.21423905400002, -33.76168573912782], [151.2142501510001, -33.76163216112781], [151.21427268700006, -33.76152333812781], [151.21432284000002, -33.76128172312784], [151.21435648200008, -33.761114536127835], [151.2143991050001, -33.76090296812784], [151.214460088, -33.76059855212785], [151.21448901500003, -33.76058468412784], [151.2147161260001, -33.760656610127825], [151.2149657550001, -33.76073542312783], [151.215253006, -33.76082568112784], [151.2152911830001, -33.760837719127856], [151.2153296030001, -33.76084983112784], [151.21561697100003, -33.76092491212781], [151.21582547100002, -33.76096551812784], [151.2159338020001, -33.76097851812781], [151.21608328500008, -33.760997055127824], [151.2161460860001, -33.76100156312784], [151.21635036700002, -33.761059901127815], [151.21651969700008, -33.76110786612782], [151.21655117700004, -33.76115366412781]]]}, "properties": {"OBJECTID": 275727, "LABEL": "Forestville town centre", "LAY_CLASS": "Town Centre", "LGA_NAME": "SEPP"}}, {"type": "Feature", "geometry": {"type": "Polygon", "coordinates": [[[151.1881158120001, -33.88057733312635], [151.18820296900003, -33.88068637112634], [151.1882537670001, -33.88065810812635], [151.188348463, -33.88072445912633], [151.18840980400012, -33.880767343126315], [151.18845129800002, -33.88079645812632], [151.18849597500002, -33.8808277431263], [151.18853794300003, -33.880857126126344], [151.1885802810001, -33.88088676112631], [151.188622161, -33.88091609112632], [151.18865549800012, -33.880939425126314], [151.18866456000012, -33.880945771126335], [151.18870526500007, -33.8809742671263], [151.18874797000012, -33.88100416212632], [151.18878945500012, -33.88103321412632], [151.1888303930001, -33.88106187312632], [151.1888743620001, -33.88109265512633], [151.18891387500003, -33.88112032712633], [151.18895450000002, -33.88114875112631], [151.18899496300003, -33.88117708612634], [151.18907211600003, -33.88123123812631], [151.1891018770001, -33.8811988691263], [151.18916060000004, -33.881234457126304], [151.18916196200007, -33.881235281126344], [151.18925081300006, -33.88128941412633], [151.18962856500002, -33.88151908012633], [151.189634758, -33.881522818126314], [151.18967241600012, -33.88154560512634], [151.1897163750001, -33.88157246112632], [151.18980403400008, -33.88162575112631], [151.18984498100008, -33.881650645126335], [151.1898545470001, -33.88165647112634], [151.18997677900006, -33.881730765126335], [151.19011504800005, -33.88181942812631], [151.19016836600008, -33.88185657412634], [151.19021883300002, -33.881891721126344], [151.19025493100003, -33.88191683912633], [151.1902623000001, -33.88192202012635], [151.19030516500004, -33.88195176312631], [151.19034189100012, -33.881977364126314], [151.19037666300005, -33.8820015751263], [151.19041135200007, -33.88202575012631], [151.19044069100005, -33.8820463061263], [151.19047752500012, -33.88207164712633], [151.19051535300002, -33.88209834112631], [151.19055096700004, -33.882123002126306], [151.1905867150001, -33.88214823612632], [151.19062274200007, -33.88217331612633], [151.19065901900012, -33.882198254126294], [151.1906934760001, -33.88222226912629], [151.19074730500006, -33.882260151126296], [151.19080303400006, -33.88229857012634], [151.19088028600004, -33.88235246112633], [151.19097201300008, -33.882416357126296], [151.19103783600008, -33.882462207126295], [151.19108600900006, -33.88249575012632], [151.19112760300004, -33.88252506312628], [151.1911658780001, -33.882551391126334], [151.19120663700005, -33.88257978812633], [151.19125031900012, -33.88261021112633], [151.19128900700002, -33.88263728312628], [151.19129130200008, -33.8826387621263], [151.19133505500008, -33.882669239126336], [151.19137297200007, -33.88269580912631], [151.1914171300001, -33.88272674412631], [151.19151550000004, -33.882800983126316], [151.191639946, -33.882885719126286], [151.19169215300008, -33.882921172126295], [151.19173634600008, -33.88295121012632], [151.19179029100007, -33.88298807112627], [151.19191932700005, -33.88307630312628], [151.19188077400008, -33.883181692126335], [151.19177213900002, -33.8834776831263], [151.19215258000008, -33.883446435126274], [151.1922590800001, -33.88344064412629], [151.19226052300007, -33.88344056312629], [151.192344659, -33.88321456312631], [151.1923592170001, -33.88317555212628], [151.19238798100002, -33.88309823812628], [151.19243046300005, -33.882984082126285], [151.1924577210001, -33.8829025361263], [151.19255256100007, -33.88264532412629], [151.19255145800003, -33.882635409126316], [151.19263934100002, -33.882640689126305], [151.19274818200006, -33.882633070126275], [151.19285449400002, -33.88262544212629], [151.19296334400008, -33.88261751712632], [151.19307257800006, -33.882609611126306], [151.19317859600005, -33.88260200012631], [151.1932019830001, -33.88260032412629], [151.19323044400005, -33.88259785912633], [151.1932869430001, -33.88259442612631], [151.19328892500005, -33.88259424712632], [151.19331605900004, -33.882591764126325], [151.19335086600006, -33.88258909312631], [151.1937661490001, -33.88255628412632], [151.19380399500005, -33.88255321812628], [151.1938251140001, -33.88255186512632], [151.19391590100008, -33.88254602912631], [151.19392822700001, -33.88254491812629], [151.19403545400007, -33.882537819126334], [151.19404934800002, -33.882536975126335], [151.19411319900007, -33.88253247612634], [151.19415374200003, -33.88252961712633], [151.19424817900006, -33.882522481126315], [151.19434483700002, -33.88251563312633], [151.1943491300001, -33.8825153371263], [151.19444791400008, -33.88250819312632], [151.19453908600008, -33.8825019541263], [151.19464221700002, -33.882494819126336], [151.19474199500007, -33.88248766512633], [151.19475832800003, -33.8826465611263], [151.19476367900006, -33.88269855112632], [151.1947763810001, -33.8828067741263], [151.19478395500005, -33.882878961126295], [151.1947914760001, -33.88295072712633], [151.19479450500012, -33.88297933012629], [151.19479957900012, -33.883026803126285], [151.194821487, -33.88323586112628], [151.1948103630001, -33.8832452651263], [151.19483581200006, -33.88335174912632], [151.19487087000005, -33.88369552612627], [151.19489194400012, -33.88390271912632], [151.19490183200003, -33.88398038312633], [151.19493171800002, -33.88428868112631], [151.19470894500012, -33.88430458312628], [151.1946097220001, -33.88431151212626], [151.19451021300006, -33.88431895212627], [151.19441195100012, -33.884326214126254], [151.19435596100004, -33.88433036312627], [151.19431361600004, -33.884334083126255], [151.19422576800002, -33.88434016112629], [151.19410323900001, -33.88434863212626], [151.19401536500004, -33.88435452212629], [151.1938008940001, -33.88436972412626], [151.19368718500004, -33.88437780912628], [151.193591566, -33.8843847831263], [151.19353128400007, -33.88438919412631], [151.19347594900012, -33.88439282512628], [151.19338397, -33.884399126126254], [151.19331136200003, -33.884404281126265], [151.1933081520001, -33.88440450512628], [151.1931627560001, -33.88441471512631], [151.19315222300008, -33.88441330812629], [151.19314178900004, -33.88441097712628], [151.19313198300006, -33.88440930012627], [151.19311714900005, -33.88440388712626], [151.19310194500008, -33.884398293126274], [151.19298447200003, -33.8843168731263], [151.19298388100003, -33.88431646012629], [151.19288276600003, -33.88424636212625], [151.19257358100003, -33.88429468712628], [151.19257635100007, -33.88430654612626], [151.1925781970001, -33.88431855812628], [151.1925791650001, -33.884330641126276], [151.19257925500006, -33.884342761126284], [151.19257845800007, -33.884354854126286], [151.19257678100007, -33.88436689112628], [151.19257423600004, -33.884378814126265], [151.19257082000001, -33.884390584126265], [151.1925665540001, -33.8844021651263], [151.19256144400003, -33.88441351312629], [151.1925555360001, -33.884424575126296], [151.19254881400002, -33.884435314126286], [151.19254132900005, -33.884445694126285], [151.19253309900012, -33.8844556801263], [151.192524154, -33.88446523612631], [151.1925145350001, -33.884474299126296], [151.19250427200006, -33.88448286712628], [151.19249340700003, -33.884490909126285], [151.19248197000002, -33.884498385126285], [151.19247001100007, -33.88450525112627], [151.1924575690001, -33.88451150812626], [151.19244469700004, -33.88451711912628], [151.19243143900007, -33.8845220671263], [151.19234606700002, -33.88453121912627], [151.1922369030001, -33.88454310512629], [151.19215693600006, -33.88455224912629], [151.19210234500008, -33.88455846112631], [151.19204844400008, -33.884563840126255], [151.19199750200005, -33.88456853712627], [151.19195197300007, -33.884573045126274], [151.19190131900007, -33.88457768012628], [151.19172731000003, -33.88459420112629], [151.1915280490001, -33.884453861126275], [151.19145135400004, -33.88439988812628], [151.1914118940001, -33.884372109126296], [151.19137610100006, -33.884346526126265], [151.1916280160001, -33.88408889212628], [151.19132568800012, -33.8838782921263], [151.19116170100006, -33.88376374112626], [151.19119656200007, -33.88372948112632], [151.19145410500005, -33.883473586126314], [151.19114750200004, -33.8832597771263], [151.1911242220001, -33.883243526126265], [151.19099834100007, -33.88315575112628], [151.19081405000009, -33.883027234126274], [151.19056134800007, -33.8832843751263], [151.19052542000009, -33.88331993512629], [151.19027263500004, -33.883570021126296], [151.19025066400002, -33.883554127126295], [151.19050310800003, -33.883302626126316], [151.19044959400003, -33.8832652811263], [151.1904852880001, -33.883231146126285], [151.1903820760001, -33.883158816126326], [151.1902864220001, -33.883091784126314], [151.19023201000005, -33.8830536601263], [151.19018296000002, -33.88301928312628], [151.1901323300001, -33.882983812126305], [151.1900807080001, -33.8829476431263], [151.1900326870001, -33.88291398312633], [151.18997911000008, -33.88287638012629], [151.18977412100003, -33.882732722126306], [151.1896755990001, -33.88266376212634], [151.1896249880001, -33.88262829312632], [151.1895724410001, -33.88259146812632], [151.18947216100003, -33.88252119912628], [151.1893108710001, -33.88240299112633], [151.18923589700012, -33.88235064212628], [151.1892329650001, -33.88234859812631], [151.18921097600003, -33.882333252126315], [151.18915765100007, -33.88229601512629], [151.18910901200002, -33.88226206812632], [151.18895574600003, -33.8821550661263], [151.1888980000001, -33.88211475512632], [151.1888525700001, -33.8820830401263], [151.18880566200005, -33.88205028612632], [151.1887047460001, -33.8819798281263], [151.18865551500005, -33.88194546112634], [151.18865336300007, -33.88194396412631], [151.18860300400002, -33.88190879812634], [151.1884990850001, -33.881836261126345], [151.18840119800007, -33.881767920126315], [151.18829938600004, -33.88169682712635], [151.1882023500001, -33.88162908612633], [151.18810201600002, -33.8815590411263], [151.18799926200006, -33.88148730212633], [151.18789233100006, -33.88141265112631], [151.18779018700002, -33.88134134212635], [151.18768901900012, -33.88127070712629], [151.1876371080001, -33.88123446512633], [151.18758805800007, -33.88120022212632], [151.18743483600008, -33.88109324612635], [151.18725603200005, -33.88098161812632], [151.18701072300007, -33.88066993212635], [151.1869552810001, -33.88069626712632], [151.1868366430001, -33.88054492012633], [151.18728603400007, -33.88030721212636], [151.1869840910001, -33.87992932712633], [151.18711786100005, -33.87982405412636], [151.18738869900005, -33.879671927126324], [151.18743875300004, -33.87973426212633], [151.18746229300007, -33.87976357412635], [151.18748891600012, -33.879796723126354], [151.18753700800005, -33.879856612126346], [151.1875601900001, -33.87988546712632], [151.18758362100004, -33.879914644126316], [151.18760907000012, -33.87994634012632], [151.18763175700008, -33.87997457812635], [151.187656327, -33.88000518912634], [151.18767916800005, -33.88003362312635], [151.18772740300005, -33.88009369112633], [151.18777912500002, -33.88015810612633], [151.1878153130001, -33.880203087126354], [151.18788840500008, -33.88029408112635], [151.1879234270001, -33.88033770812631], [151.1879699860001, -33.88039567812632], [151.18799703900004, -33.88042938312634], [151.18802057000005, -33.88045868612631], [151.18804948800005, -33.88049467612632], [151.1881158120001, -33.88057733312635]], [[151.1864839640001, -33.878997567126326], [151.18654684700005, -33.879099093126364], [151.18671608600005, -33.879003850126324], [151.18672214600008, -33.87900057812638], [151.18681170600007, -33.878950254126345], [151.1868600570001, -33.87901066312636], [151.18688441200004, -33.87904107812633], [151.18690605900008, -33.87906814012633], [151.1869544650001, -33.87912862012636], [151.18700239600003, -33.87918849012637], [151.18702556800008, -33.87921745312635], [151.1870495290001, -33.879247375126354], [151.18709789800005, -33.87930781812634], [151.18712125800005, -33.87933699612633], [151.18716941200012, -33.87939716312634], [151.18719358900012, -33.879427362126314], [151.1872904710001, -33.87954839412637], [151.1870173210001, -33.87970242212635], [151.18685797700005, -33.87978033712633], [151.1868117680001, -33.87980383112634], [151.18644174500002, -33.879992012126316], [151.18640947400002, -33.87995203312635], [151.18632192300004, -33.87983919512637], [151.18624026100008, -33.879735382126356], [151.18623155700004, -33.87972431212632], [151.18631827500008, -33.87967521612634], [151.18627590200003, -33.87961733612634], [151.18624122900007, -33.879570642126346], [151.186200363, -33.879515460126385], [151.1861925820001, -33.879505851126346], [151.1861588060001, -33.87945991112635], [151.18615138300004, -33.879449781126326], [151.18611438800008, -33.879399493126364], [151.18610978000004, -33.87940151912632], [151.18607494700007, -33.87935826712637], [151.1860401660001, -33.87931521412636], [151.18600666800012, -33.87927259012635], [151.18605417700007, -33.879248182126354], [151.18588864000003, -33.87903732112632], [151.1858642210001, -33.87900611812634], [151.18588713400004, -33.87899388212635], [151.1858163270001, -33.87890302412633], [151.18561225300004, -33.878641786126344], [151.18585990100007, -33.87851102012635], [151.18604817200003, -33.878438321126374], [151.18608619700012, -33.87848661112636], [151.18612613100004, -33.87853819912638], [151.18616192500008, -33.87858416612634], [151.18619475000003, -33.87862551612633], [151.18623026600005, -33.87867074012636], [151.18626801300002, -33.87872009612638], [151.18630379700005, -33.878765883126356], [151.1863397610001, -33.878811931126364], [151.186375321, -33.878857898126356], [151.18640901700007, -33.87890107012637], [151.1864460820001, -33.87894890112632], [151.1864839640001, -33.878997567126326]]]}, "properties": {"OBJECTID": 275728, "LABEL": "Broadway shopping centre and Glebe Point Road south", "LAY_CLASS": "Town Centre", "LGA_NAME": "SEPP"}}, {"type": "Feature", "geometry": {"type": "Polygon", "coordinates": [[[151.28973726900006, -33.752840667127934], [151.28970187900006, -33.753022554127945], [151.28961419300003, -33.7534731381279], [151.2895951270001, -33.753470511127944], [151.28950501200006, -33.75391719512793], [151.28932843000007, -33.75389312712792], [151.28920118700012, -33.75387562912793], [151.28903921800008, -33.75385333612791], [151.28887626900007, -33.753830836127904], [151.2887128110001, -33.75380832812794], [151.2885541490001, -33.75378651012792], [151.2886444610001, -33.75333940412793], [151.28862497400007, -33.75333447412793], [151.289173354, -33.752950538127955], [151.28907173700009, -33.75293663512794], [151.28863640100008, -33.75287758012793], [151.28854466500002, -33.75331845512789], [151.28853756500007, -33.75332359112793], [151.28849050500003, -33.75335765512789], [151.28847475600003, -33.753373396127934], [151.28840766000008, -33.75344046412794], [151.28834216000007, -33.75350592812793], [151.2881691010001, -33.753678924127925], [151.28812105500003, -33.75372694412793], [151.2881720680001, -33.75373395412793], [151.28819744600003, -33.753737450127915], [151.28823192100003, -33.753742193127934], [151.2881963430001, -33.75392157012793], [151.28818751300003, -33.753964086127894], [151.2881068370001, -33.75437089812794], [151.28804475300012, -33.75436262512788], [151.2878844490001, -33.75434102112791], [151.2877179180001, -33.75431847712792], [151.28762109700006, -33.754305022127916], [151.2875568610001, -33.754296578127914], [151.287546678, -33.7542949201279], [151.28752306700005, -33.75429171112789], [151.2873955020001, -33.75427467912793], [151.287311347, -33.754719848127905], [151.28716829100006, -33.75470029812793], [151.2871672240001, -33.75470015412791], [151.28714883100008, -33.75469754612792], [151.2869838040001, -33.75467507312792], [151.28682117800008, -33.754652851127894], [151.28665807000004, -33.7546304671279], [151.28649627000004, -33.75460834612788], [151.28633731200011, -33.75458782612793], [151.28617488400005, -33.75456573912792], [151.28600857600009, -33.7545416711279], [151.28584677600008, -33.754519611127925], [151.285681973, -33.75449708412793], [151.285644315, -33.75467926812791], [151.285565388, -33.75507822812787], [151.2854868180001, -33.75547441912792], [151.28532661400004, -33.75545243812789], [151.28516390000004, -33.75543009212792], [151.28483910700004, -33.755385522127916], [151.28467495200005, -33.755363032127924], [151.2845155130001, -33.75534118212792], [151.28448062100006, -33.755524223127885], [151.28441603500005, -33.755847185127905], [151.28436435800006, -33.75610520412793], [151.28407575300002, -33.75613649612788], [151.28403165100008, -33.75613047412789], [151.28387675300007, -33.7561089891279], [151.28383806500005, -33.75628553312791], [151.283758303, -33.75669189712786], [151.28371591100006, -33.75690662912787], [151.283662756, -33.75717898212788], [151.28365225100003, -33.757232784127844], [151.28304626800002, -33.75715633812786], [151.28298910400008, -33.75715361312786], [151.28292956500002, -33.75715107712786], [151.28240206200007, -33.757090426127895], [151.282222272, -33.75706975512788], [151.2821651260001, -33.75708881312785], [151.28225569900007, -33.75697169812789], [151.28237841500004, -33.7568254691279], [151.28240205300006, -33.75679758212791], [151.2825194820001, -33.75665898912788], [151.28265825200003, -33.7564949671279], [151.28279552800007, -33.7563322801279], [151.28291375300012, -33.75619224512788], [151.28308661300002, -33.75599939312789], [151.28321444900007, -33.7558547061279], [151.28319922900005, -33.75585258112787], [151.28330771000003, -33.7557294251279], [151.28333374300007, -33.75570009512788], [151.2834634950001, -33.7555519301279], [151.28359295200005, -33.75540462412792], [151.2837762580001, -33.755195576127875], [151.28407353000011, -33.7548580371279], [151.28411859200003, -33.754807050127894], [151.2841854730001, -33.75473091912788], [151.28425072900006, -33.7546568491279], [151.28433625600007, -33.75455969812793], [151.28438267100012, -33.754507160127886], [151.28456392300006, -33.75431646012793], [151.28464900900008, -33.754255873127924], [151.28471152500003, -33.75421194912791], [151.2847146790001, -33.75420972612789], [151.2848439830001, -33.754118428127924], [151.28489343900003, -33.754084079127956], [151.28493644900004, -33.75405412812789], [151.28498047900007, -33.75402327512789], [151.28502801500008, -33.75398993812791], [151.28506688200002, -33.75396267912793], [151.28507453800012, -33.7539574891279], [151.28527978600005, -33.753813661127936], [151.28535031500007, -33.75376427912794], [151.28542122900012, -33.75371465412791], [151.28549023400012, -33.75366635712793], [151.2855091660001, -33.75365309012789], [151.28552607200004, -33.753641266127936], [151.28555935500003, -33.7536179691279], [151.2855671090001, -33.75361254612788], [151.2856264410001, -33.75357101612792], [151.2858792180001, -33.75339596712791], [151.28602351900008, -33.75329444112794], [151.28618406400005, -33.75318224712795], [151.28633020300003, -33.753079664127945], [151.28639872400004, -33.753030541127956], [151.2865261830001, -33.752941323127914], [151.28656197500004, -33.752916152127916], [151.28664102000005, -33.752860925127955], [151.28668844900005, -33.752827346127894], [151.28678437200006, -33.752759721127916], [151.286875258, -33.75269564712789], [151.28694482800006, -33.752646883127916], [151.28720118800004, -33.752467200127924], [151.28750332800007, -33.752255703127915], [151.28760991800004, -33.752181348127934], [151.28771603600012, -33.75210700912796], [151.28799784400007, -33.751910159127945], [151.28820980600005, -33.75176143912793], [151.28826359900006, -33.751723701127915], [151.2885330470001, -33.751760453127936], [151.28889736300005, -33.751810149127984], [151.2897417690001, -33.75192487912791], [151.2899026990001, -33.75194677012794], [151.2900161110001, -33.75196234912791], [151.29037576300004, -33.752011364127924], [151.28998931800004, -33.75227669012794], [151.28980729500006, -33.752394323127945], [151.28928833600003, -33.75277963112792], [151.28938836400005, -33.752793237127946], [151.2893986360001, -33.75279471712793], [151.28970786700006, -33.75283666812794], [151.28973726900006, -33.752840667127934]], [[151.2879256110001, -33.75052922312792], [151.28792274400007, -33.75054180012794], [151.28787072600005, -33.750769879127944], [151.28785777300004, -33.750826666127935], [151.28782622900007, -33.750964971127964], [151.28782021400002, -33.75099136112798], [151.28779989300006, -33.75108045412798], [151.28781327500008, -33.75126231612794], [151.28782360200012, -33.751402199127966], [151.28782910600012, -33.751476823127945], [151.28794505500002, -33.75159210912792], [151.28781909300005, -33.75168046612795], [151.28683680300003, -33.75236777212792], [151.28682966700012, -33.752373966127955], [151.2868219490001, -33.75237964012793], [151.28681368500008, -33.75238476712794], [151.28680944600012, -33.75238696312797], [151.2868049440001, -33.752389303127934], [151.28679579100003, -33.75239323912792], [151.28656890600007, -33.752555773127945], [151.28651481500003, -33.75254305312794], [151.28650979700012, -33.752541332127926], [151.28650408700003, -33.75254030912795], [151.286090832, -33.75244172012795], [151.28607203900003, -33.752494713127945], [151.28614708600003, -33.752570787127915], [151.28618726500008, -33.75261152012792], [151.28631068000004, -33.752736630127906], [151.2861852740001, -33.75282468312793], [151.28606617000003, -33.75290828212792], [151.28601719900007, -33.75294262212794], [151.2859978460001, -33.75295619412794], [151.28593430000012, -33.753000566127945], [151.28587543300011, -33.75304187212793], [151.28580773800002, -33.7530894611279], [151.2856802440001, -33.75317880612794], [151.28562038300004, -33.75322083912795], [151.28555532100006, -33.75326644612789], [151.28549139900008, -33.75331103312795], [151.28542767300007, -33.75335613112793], [151.28532873900008, -33.75342531612789], [151.2852769540001, -33.75346136812795], [151.28522652200002, -33.75349675812795], [151.28518295700007, -33.75352733312791], [151.28513111900008, -33.75356371012793], [151.28507854600002, -33.75360060612792], [151.28489768800011, -33.753727518127896], [151.28456502500012, -33.75395514012791], [151.28448302300012, -33.75401134412793], [151.28434634100006, -33.7541243531279], [151.2842597660001, -33.754209520127915], [151.28422058400008, -33.754248056127935], [151.2841012020001, -33.75437816812791], [151.2840013970001, -33.754487323127925], [151.2838875100001, -33.754612128127896], [151.28378228200006, -33.75473323112793], [151.28367465100007, -33.75485686212787], [151.28350083100008, -33.75505787112789], [151.28335639500006, -33.755224924127866], [151.28313885600005, -33.7554763451279], [151.28303026700007, -33.75560199312791], [151.28292831900012, -33.75572025512789], [151.28287425700012, -33.7557832991279], [151.2828196040001, -33.7558466651279], [151.28270573500004, -33.7559777901279], [151.28246577800007, -33.75625592512786], [151.2824499310001, -33.75627454312788], [151.28237241800002, -33.75626267512787], [151.28238688600004, -33.75622635212785], [151.28240205200007, -33.756188264127864], [151.28250052200008, -33.755940984127875], [151.28255715700004, -33.75579949712785], [151.28258408400006, -33.755732572127876], [151.2826142120001, -33.75566370112789], [151.2826634160001, -33.75553582112788], [151.28271765700003, -33.75540068012789], [151.28278623100005, -33.75522915612792], [151.28284519600004, -33.75513713012791], [151.2830847770001, -33.754762508127875], [151.2831657580001, -33.7546361071279], [151.28322059000004, -33.7545506271279], [151.28324784000006, -33.75450815512788], [151.28332930500005, -33.75438007712789], [151.28340783700003, -33.75425624012791], [151.28342825000004, -33.7542264351279], [151.28357628800006, -33.75399993312794], [151.28365684900007, -33.75387620312789], [151.28373862700005, -33.75375057212789], [151.284103468, -33.75380836812793], [151.28414141500002, -33.753628537127874], [151.284161637, -33.75353246012792], [151.2841758180001, -33.75346526812791], [151.284190071, -33.753397840127946], [151.2842090470001, -33.75330800312793], [151.28421835200004, -33.75326258312794], [151.28424706400006, -33.75312668012794], [151.2842756760001, -33.75299068712793], [151.284304076, -33.752855950127916], [151.28433337800004, -33.75272346312796], [151.28436298600002, -33.75258863512795], [151.28439085500008, -33.752450608127916], [151.28441957600012, -33.752315207127936], [151.28444818100002, -33.75217927712796], [151.28447688300002, -33.752044970127955], [151.28496208500007, -33.75211021712796], [151.28518193500008, -33.75213978212795], [151.28522218400008, -33.75192858112793], [151.28534890700007, -33.75133158912794], [151.28536109900006, -33.751314610127935], [151.285469733, -33.75116381012796], [151.28549206200012, -33.751063683127974], [151.2854398830001, -33.75090132712794], [151.2854806780001, -33.750710744127936], [151.2855099190001, -33.750573138127976], [151.28567655000006, -33.75057381912793], [151.2858394530001, -33.75057438412794], [151.28600374500002, -33.75057494912792], [151.28609930000005, -33.75057527112794], [151.28616791900004, -33.75057551312794], [151.28633079500003, -33.75057606912796], [151.28649665500006, -33.750576643127985], [151.28665590000003, -33.75057719012793], [151.2866012820001, -33.75006697812794], [151.2868178980001, -33.750046683128], [151.2871000120001, -33.75001831212795], [151.28742934100012, -33.74998517312796], [151.28755315900003, -33.75009513312795], [151.28768503600008, -33.75021223012798], [151.28776950500003, -33.750323545127955], [151.28786116100002, -33.75044432612798], [151.2879256110001, -33.75052922312792]]]}, "properties": {"OBJECTID": 275730, "LABEL": "Dee Why town centre", "LAY_CLASS": "Town Centre", "LGA_NAME": "SEPP"}}, {"type": "Feature", "geometry": {"type": "Polygon", "coordinates": [[[151.2668124820001, -33.76573824712774], [151.2668447430001, -33.76577620912777], [151.2667794770001, -33.766101198127735], [151.26674363000006, -33.76627977012777], [151.26673506800012, -33.76632246512777], [151.26671682100005, -33.766421039127756], [151.2669284850001, -33.766454047127745], [151.26762284400002, -33.76655275912776], [151.26765173500007, -33.76641831712777], [151.26775857600012, -33.76591879912777], [151.26776724400008, -33.76587634612778], [151.26781266500006, -33.76588257612777], [151.26814175900006, -33.76593021012776], [151.26821074500003, -33.76594014112779], [151.2684322010001, -33.76597157012776], [151.26888481900005, -33.76604243912778], [151.26914983100005, -33.76608393312774], [151.2693297290001, -33.76611209812774], [151.26935366300006, -33.76612017612775], [151.26937206600007, -33.766159016127766], [151.26905486600003, -33.76660869412773], [151.2689737510001, -33.76671351912774], [151.26894296900002, -33.766753301127785], [151.26886161200002, -33.766860143127744], [151.26885618000006, -33.76686710712771], [151.2687976630001, -33.766941231127745], [151.26873435900006, -33.76702141312775], [151.26870338900005, -33.767062325127775], [151.2686853890001, -33.76708566812777], [151.26861824000002, -33.767172770127715], [151.2685092380001, -33.76731425812774], [151.26839609400008, -33.76746141812776], [151.26836311600005, -33.767504222127734], [151.26830014400002, -33.767583186127744], [151.2682427210001, -33.76765896712775], [151.26818442800004, -33.7677342921277], [151.2681573750001, -33.76776855212773], [151.26812531100006, -33.76780915912774], [151.2680998090001, -33.767840811127755], [151.26806534900004, -33.767883560127736], [151.26806116300008, -33.767888759127736], [151.26802246700004, -33.767929599127726], [151.26799804900008, -33.767957236127735], [151.26797288700004, -33.767984503127735], [151.26794716900008, -33.76801140412776], [151.26792086900002, -33.76803791112775], [151.26789402200006, -33.768064032127754], [151.26786609900012, -33.76808987512774], [151.2677614910001, -33.76818676712773], [151.26751588500008, -33.76841291912772], [151.2674286570001, -33.768493291127726], [151.26741799900003, -33.76850321412773], [151.26741261900008, -33.768508627127716], [151.26738449900006, -33.76853495412772], [151.26662373700003, -33.76923741712769], [151.2665753130001, -33.76928260412771], [151.26637902000004, -33.769473698127705], [151.26620472500008, -33.76967840012772], [151.26604738700007, -33.76989955012774], [151.26601236700003, -33.7699734401277], [151.26596969800005, -33.770025360127725], [151.26589798600003, -33.770040285127735], [151.26582882000002, -33.77002834612769], [151.2658283710001, -33.76998919112773], [151.26578349800002, -33.76997990212774], [151.26555584000005, -33.76955926812772], [151.26546782200012, -33.76939583712775], [151.2654237900001, -33.76931392312771], [151.26525819000005, -33.769131328127706], [151.26524417100006, -33.769122606127695], [151.26484622500004, -33.76887885812775], [151.26434992400004, -33.768574853127724], [151.26427800700003, -33.76853101012773], [151.2636417970001, -33.76825144212772], [151.26334893500007, -33.768122405127755], [151.2630157220001, -33.76797604512772], [151.26297685800012, -33.767958974127716], [151.26290463500004, -33.767912899127715], [151.2628673270001, -33.76788650012776], [151.26282987500008, -33.76786062212772], [151.26279194000006, -33.76783524412774], [151.2627534840001, -33.76781039612773], [151.26281044100006, -33.767513751127744], [151.26285193500007, -33.76729933212777], [151.26289158300006, -33.767091655127736], [151.2629043400001, -33.76708969212775], [151.26336576000006, -33.76714518812774], [151.26346632600007, -33.76649807812777], [151.26208647500005, -33.76642995212774], [151.26207476800005, -33.76624622612777], [151.26295285100002, -33.76629080412779], [151.26294136, -33.76605280212778], [151.26293940300002, -33.76601046612775], [151.2631404230001, -33.76602057612775], [151.26313019600002, -33.76585459012775], [151.26312318500004, -33.76572402012779], [151.26338869000006, -33.76573540412776], [151.26430930000004, -33.76577067912777], [151.26487507000002, -33.765474706127776], [151.2649507530001, -33.765435085127784], [151.2649710830001, -33.765424471127766], [151.26495428500004, -33.765404948127774], [151.26493508500005, -33.765385639127786], [151.26491445800002, -33.765358237127785], [151.2649045710001, -33.76534968412775], [151.26489384100012, -33.765336050127786], [151.26488920600002, -33.76532086712777], [151.2648842220001, -33.76530901512777], [151.26488187500001, -33.76529596312777], [151.26488026800007, -33.76528338712776], [151.2649444960001, -33.765292351127776], [151.26534554500006, -33.7653482871278], [151.2653077970001, -33.76552909912779], [151.26563504600006, -33.7655747441278], [151.26586854800007, -33.76560748912779], [151.2662076360001, -33.76565421812775], [151.26621138400003, -33.765654971127745], [151.26638475700008, -33.76567899512777], [151.26654886900008, -33.76570161112774], [151.2668124820001, -33.76573824712774]]]}, "properties": {"OBJECTID": 275731, "LABEL": "Warringah Mall shopping centre", "LAY_CLASS": "Town Centre", "LGA_NAME": "SEPP"}}, {"type": "Feature", "geometry": {"type": "Polygon", "coordinates": [[[151.0917910280001, -33.80444869112727], [151.092222697, -33.804744125127264], [151.09227579100002, -33.8047803231273], [151.09228128600012, -33.804775410127306], [151.09278412100002, -33.80511864912726], [151.09267839900008, -33.805226541127276], [151.09259359200007, -33.80531272912729], [151.09250249000002, -33.80540568612729], [151.09267361600007, -33.80551776712728], [151.09261067600005, -33.805581918127274], [151.09252640600005, -33.80566756812729], [151.0922985950001, -33.80589952912729], [151.09229613900004, -33.80590376012727], [151.09229452500006, -33.80590826112725], [151.09229381800003, -33.80591291312728], [151.09229401400012, -33.80591761012728], [151.09229510800003, -33.80592221812728], [151.09229709800002, -33.80592661012725], [151.09210243600012, -33.806031712127286], [151.09188589300004, -33.80643565612724], [151.09185899300007, -33.80648615912727], [151.0916432560001, -33.806889484127225], [151.09157469100012, -33.807069777127246], [151.09178545200007, -33.807214545127245], [151.0919099890001, -33.80729959512724], [151.09203392400002, -33.80738506712726], [151.09216057700007, -33.80747219712727], [151.09227979800005, -33.80755860112726], [151.09253736000005, -33.80773059412724], [151.09262685700003, -33.80757246812726], [151.0927380270001, -33.80764825812726], [151.09284853500003, -33.80772386112723], [151.09296392800002, -33.80780299512724], [151.0930733250001, -33.80787852512725], [151.09318659400003, -33.80795618012725], [151.09330248100002, -33.80803553812722], [151.09360071100002, -33.808240733127256], [151.09380276900004, -33.80837852712722], [151.09366900800012, -33.8085120271272], [151.09356313500007, -33.80861926412724], [151.09345932300005, -33.8087244021272], [151.09335330600004, -33.80883187112725], [151.0932536800001, -33.80893310112723], [151.0931930580001, -33.80899692512723], [151.09301434200006, -33.80917678612721], [151.09302310900011, -33.80921908812722], [151.09278190500004, -33.80907208812723], [151.09269001500002, -33.80901737212723], [151.0925537810001, -33.80893679612721], [151.09248339600003, -33.80889512912721], [151.09241385400003, -33.80885821712723], [151.092211904, -33.80874989512721], [151.0920723270001, -33.808675217127245], [151.09192928000004, -33.80859887112722], [151.091792606, -33.80852579612725], [151.09177220300012, -33.80851467212721], [151.09172639700012, -33.808471035127226], [151.09147961000008, -33.80829506312722], [151.0911958900001, -33.80816658212722], [151.09098018200007, -33.80806891112723], [151.0908672270001, -33.80801855112723], [151.09077629600006, -33.80797339112723], [151.090733762, -33.80794754812723], [151.09043964500006, -33.807978607127204], [151.090363657, -33.80797090812723], [151.09029807600007, -33.807958233127245], [151.09015667900007, -33.80792130112723], [151.090122607, -33.80791246312725], [151.09010726000008, -33.80795099912722], [151.089720832, -33.807857280127216], [151.08973543500008, -33.807811215127224], [151.08910994500002, -33.807653117127245], [151.08908704300006, -33.80763651612721], [151.08868288400004, -33.80757023612722], [151.08865914700004, -33.807580464127234], [151.08859527900006, -33.807573571127236], [151.08853189500007, -33.80756676712724], [151.08843234100004, -33.807556009127204], [151.08838061000006, -33.807550434127215], [151.08832510500008, -33.80754444712721], [151.0882701910001, -33.807538530127275], [151.08821228400006, -33.807532247127256], [151.08815918100004, -33.80752668912726], [151.08810305800012, -33.80752052212723], [151.08803451000006, -33.80751312612723], [151.0879806910001, -33.807501635127274], [151.08790681000005, -33.80748587612725], [151.08783725800004, -33.807471041127265], [151.08776285700003, -33.80745517412726], [151.08766579500002, -33.807434611127235], [151.08761498700005, -33.80742368412723], [151.08756767500006, -33.807413528127256], [151.08750110900007, -33.807399320127224], [151.08743662200004, -33.80738562312723], [151.08736941900008, -33.80737131612721], [151.08730234300003, -33.807356911127215], [151.0872380520001, -33.80734319712724], [151.08707656600006, -33.80730874812727], [151.08678318400007, -33.80725151312727], [151.08670096600008, -33.807237108127254], [151.08658645100002, -33.80721705512724], [151.08647293100012, -33.80719716412722], [151.08636239700002, -33.807177802127235], [151.08624926200002, -33.80715798212726], [151.08619170500003, -33.80714789812725], [151.08613651300004, -33.80713824412727], [151.08602148700004, -33.80711808512724], [151.0859645490001, -33.80710810712726], [151.0859067120001, -33.80709797812722], [151.0858481690001, -33.80708771412728], [151.0858161850001, -33.80708212012724], [151.0857880750001, -33.807080489127266], [151.08573024800012, -33.80707718912726], [151.08567546000006, -33.80707400812725], [151.08562112900006, -33.80707076412723], [151.08544811500008, -33.80706071412728], [151.08533296400003, -33.80705400912723], [151.0852191040001, -33.80704738512725], [151.08513265500005, -33.807042365127245], [151.08507216600003, -33.80703831312725], [151.0850063790001, -33.807033930127275], [151.08493900700012, -33.80702943012723], [151.08486967800002, -33.80702481412728], [151.08480797000004, -33.80702069012723], [151.0847427120001, -33.80701633412726], [151.08467724000002, -33.807011968127256], [151.08461230500006, -33.80700762112725], [151.08454365900002, -33.80700304012727], [151.08447805900005, -33.806998657127245], [151.08441343000004, -33.80699434512725], [151.08434804700005, -33.806988787127246], [151.08428165200007, -33.806983239127256], [151.08421588200008, -33.80697766312723], [151.08415200500008, -33.80697224812724], [151.08408957100005, -33.806966879127245], [151.0840224650001, -33.806957315127256], [151.08395721700003, -33.80694801012727], [151.0838918610001, -33.80693869612725], [151.0838284230001, -33.80692966112726], [151.0837852080001, -33.80689159112724], [151.0835246160001, -33.80687728412727], [151.08355734400004, -33.80685347612725], [151.08352725100008, -33.80666197912724], [151.08351029200003, -33.80655405112727], [151.08373468600007, -33.80657622912726], [151.08377331200006, -33.80660418712723], [151.08385914200005, -33.806610140127255], [151.08403351000004, -33.80662224112724], [151.08421182100005, -33.806634603127264], [151.08438958500005, -33.80664694612724], [151.08456898200006, -33.80665938812725], [151.08474864700008, -33.80667184812722], [151.08492923500012, -33.80668439012728], [151.08506962900003, -33.80669412412727], [151.0851707700001, -33.80670107012726], [151.08533605800005, -33.80671262512727], [151.0854972830001, -33.80672389312724], [151.08566449700004, -33.80673558212727], [151.08582581300004, -33.80674685912726], [151.0859901770001, -33.80675834112728], [151.08615307900004, -33.80676973412724], [151.08631912700002, -33.80678133512726], [151.0864484330001, -33.806790379127236], [151.0865824430001, -33.80679973712724], [151.08661364800003, -33.806677217127245], [151.08664949500007, -33.80654089312725], [151.08668873800002, -33.80639101512727], [151.08673569000007, -33.80621206412725], [151.0871610790001, -33.806240851127285], [151.08717199600005, -33.80622580912725], [151.0870661230001, -33.806111311127296], [151.0869432710001, -33.80597858312724], [151.08680880300005, -33.80583320512724], [151.08668250900007, -33.80569672812728], [151.08667693300004, -33.805690400127226], [151.08685399000012, -33.80558601412727], [151.08725666100008, -33.80534852212728], [151.08777927000006, -33.80503502512732], [151.08775902000002, -33.80498394012725], [151.08795187700002, -33.80490425712728], [151.08797866400005, -33.80497215212725], [151.0880466210001, -33.80514443112728], [151.088060551, -33.805179758127245], [151.0881621320001, -33.80536285612728], [151.08822730000009, -33.80548034712726], [151.0882870700001, -33.80558811212727], [151.08837236300008, -33.80565942912725], [151.08846324, -33.80546407712725], [151.08866194400002, -33.805528241127284], [151.08897249200004, -33.80562888012726], [151.08917950500006, -33.805682547127255], [151.08910172600008, -33.805848749127236], [151.0890225380001, -33.806017953127274], [151.08938997200005, -33.80613630412724], [151.08946139700004, -33.80598410612727], [151.08982939500004, -33.80610585312726], [151.0900341780001, -33.806168414127264], [151.09027875100003, -33.805636186127245], [151.0905838750001, -33.80573699412726], [151.09105764000003, -33.80574000512726], [151.09106845000008, -33.80571018312728], [151.09107918000007, -33.80568033312724], [151.09108984700003, -33.80565047412724], [151.09110042400005, -33.80562058812727], [151.09111092900002, -33.805590684127274], [151.09112136400006, -33.80556077212728], [151.09113172700006, -33.80553083112724], [151.09115444200006, -33.80546460612728], [151.09118572600005, -33.80536342112729], [151.09119145400007, -33.80534477612727], [151.09119711000005, -33.8053261121273], [151.0912026960001, -33.80530743212726], [151.091208208, -33.805288742127274], [151.0912136490001, -33.80527003412728], [151.09121900900004, -33.80525131712725], [151.09122429800004, -33.80523257412725], [151.091229515, -33.805213830127265], [151.09123466000005, -33.805195058127296], [151.09123973400006, -33.80517628012724], [151.09124473600002, -33.8051574911273], [151.09124965700005, -33.80513868512728], [151.09134100900008, -33.80514156212727], [151.091342058, -33.80512475512726], [151.09136204700008, -33.804671016127294], [151.0913661620001, -33.804598731127264], [151.09136741700001, -33.80457665212729], [151.0913734280001, -33.80446660612726], [151.0916000320001, -33.80430706012729], [151.09164000300007, -33.804319906127304], [151.0917910280001, -33.80444869112727]], [[151.08920859500006, -33.80794358612724], [151.0891460890001, -33.80797769412727], [151.0890990900001, -33.808329861127206], [151.0890913280001, -33.8083880301272], [151.08908530400004, -33.80843302312724], [151.08887435500003, -33.80840401212724], [151.08882751900012, -33.80834985112721], [151.0885296990001, -33.80830888612723], [151.0883731340001, -33.80828813412721], [151.08816976800006, -33.80825955712724], [151.08811175300002, -33.808251597127246], [151.08806883500006, -33.80829585212723], [151.08806375100005, -33.808301087127234], [151.0878698880001, -33.80850577112721], [151.08789321100005, -33.80839072712722], [151.08791817600002, -33.808274240127204], [151.08793271100012, -33.80820830112725], [151.08772105800006, -33.80817908712726], [151.08758521000004, -33.80815882912724], [151.08760852400007, -33.80805365412727], [151.0876326010001, -33.80794693712721], [151.08731228300007, -33.80789996712725], [151.08690714800002, -33.807840742127205], [151.0868999060001, -33.80787463812726], [151.08669290700004, -33.807835705127225], [151.08658801100012, -33.80781783012725], [151.08649247300002, -33.80780141712723], [151.08647862400005, -33.80779909412723], [151.0864190950001, -33.80778909112723], [151.08636295200006, -33.80777934812721], [151.08632084900012, -33.80777226712725], [151.0863034140001, -33.80776947812723], [151.08624700300004, -33.80775971712723], [151.08618890000002, -33.80774982912725], [151.0861305960001, -33.80773994712724], [151.08607225900005, -33.80773006412722], [151.08601284600002, -33.807720185127266], [151.08594695200009, -33.807709348127226], [151.08595385400008, -33.80767749812725], [151.08602493000012, -33.80734920212722], [151.08609029500008, -33.80736103612726], [151.08614903600005, -33.80737146912723], [151.0862640890001, -33.807391880127234], [151.08632497200006, -33.807402681127265], [151.0863786120001, -33.80741219212724], [151.08643694900002, -33.80742207012725], [151.08649416800006, -33.80743271112728], [151.08655550700007, -33.807443673127246], [151.08666350600004, -33.807462750127236], [151.08677072400008, -33.80748203012723], [151.08701267100002, -33.807530023127235], [151.08736943700012, -33.807605581127234], [151.08737420500006, -33.80760675512725], [151.08762023100007, -33.80765860312727], [151.0876938880001, -33.807673985127224], [151.0877833390001, -33.80769290812726], [151.08807059900005, -33.807745231127235], [151.08810039500008, -33.807748295127226], [151.08816080400004, -33.80775452612721], [151.08822221600008, -33.807760872127226], [151.08828451600004, -33.807767301127235], [151.08834324000009, -33.80777335112724], [151.08840300200006, -33.80777951812725], [151.08847578100006, -33.807786958127224], [151.08865678100005, -33.807805630127234], [151.08863267900006, -33.80784107012726], [151.0889458250001, -33.807884028127255], [151.0889493740001, -33.807858356127205], [151.08920859500006, -33.80794358612724]]]}, "properties": {"OBJECTID": 275735, "LABEL": "West Ryde station and town centre", "LAY_CLASS": "Town Centre", "LGA_NAME": "SEPP"}}, {"type": "Feature", "geometry": {"type": "Polygon", "coordinates": [[[151.08179108100012, -33.790403650127466], [151.081847669, -33.79058629112744], [151.08200301500005, -33.790431375127476], [151.0820106530001, -33.79051534112744], [151.08202086300003, -33.79060563512745], [151.08203274000005, -33.79069578612744], [151.0820463120001, -33.79078577512744], [151.08206170300002, -33.79087555812748], [151.08195358900002, -33.79089973412748], [151.08204332700006, -33.79108017012748], [151.08212031900007, -33.79126557212747], [151.08212731900005, -33.79130207412747], [151.08214422600008, -33.7913902081274], [151.0821671550001, -33.79148079912742], [151.08231610100006, -33.79144794512742], [151.0825316580001, -33.79140039112745], [151.08254241500003, -33.79139801512745], [151.0826085430001, -33.79119603912743], [151.08261167000012, -33.79119531312743], [151.08261477200006, -33.79119452412747], [151.08261785500008, -33.79119367212745], [151.08262090300002, -33.79119274912743], [151.08262392400002, -33.79119176412743], [151.08262691800007, -33.79119070612743], [151.08262987600006, -33.79118959412743], [151.0826327970001, -33.79118841012745], [151.0826356760001, -33.79118717312745], [151.08263852700009, -33.79118586512747], [151.0826413320001, -33.791184502127436], [151.0826440840001, -33.79118307712745], [151.08264679900003, -33.79118158912743], [151.08264947100008, -33.791180047127426], [151.08265208900002, -33.79117845112742], [151.08265466000012, -33.791176793127455], [151.08265718000007, -33.791175081127435], [151.08265964400005, -33.79117332312744], [151.0826620480001, -33.791171505127444], [151.08266440500006, -33.79116964012744], [151.0826666910001, -33.79116772212741], [151.08266892300003, -33.79116575012743], [151.08267110100007, -33.79116374312745], [151.08267320800007, -33.79116167912745], [151.08267525200006, -33.791159573127445], [151.08267723200004, -33.791157422127455], [151.08267914200007, -33.79115523512744], [151.08268098000008, -33.79115300312744], [151.08268275400007, -33.79115073512746], [151.08268445800002, -33.79114843112744], [151.08268608900005, -33.79114608412746], [151.08268764900004, -33.79114370712744], [151.08268912800008, -33.791141297127446], [151.0826905350001, -33.79113885812743], [151.08269187100007, -33.79113638412745], [151.0826931250001, -33.79113389212743], [151.08269429900008, -33.791131364127445], [151.08269540300012, -33.79112881912748], [151.0826964250001, -33.79112624512748], [151.08269736600005, -33.79112364612744], [151.08269822600005, -33.791121037127446], [151.0826990060001, -33.79111840212747], [151.08269969600008, -33.79111575712742], [151.082700315, -33.79111309412745], [151.0827008440001, -33.79111042412743], [151.08270130100004, -33.79110774412747], [151.0827016600001, -33.79110504512748], [151.08270194600004, -33.79110234712748], [151.0827021440001, -33.79109964912747], [151.08270226000002, -33.79109694212745], [151.0827022960001, -33.79109422612746], [151.0827022410001, -33.79109151912745], [151.08270210800003, -33.79108881212743], [151.08270023500006, -33.79106030612745], [151.08268764900004, -33.79086848612745], [151.08253053600004, -33.790875343127475], [151.08252777600012, -33.79082245612744], [151.08252547300003, -33.790778281127444], [151.08252315100003, -33.79073385612745], [151.08252082900003, -33.79068931512744], [151.08251849900012, -33.79064473612747], [151.08251617700012, -33.79060036412743], [151.08251385500012, -33.79055595712746], [151.08251150700005, -33.79051111012745], [151.08250912100004, -33.79046543012747], [151.0825116310001, -33.790359377127444], [151.08251378400007, -33.79036224512746], [151.082516015, -33.790365078127465], [151.08251831000007, -33.79036786612744], [151.08252067700005, -33.79037061812744], [151.08252311500007, -33.79037332512745], [151.0825256160001, -33.79037599612745], [151.08252818800008, -33.79037861312747], [151.08253082400006, -33.79038118612749], [151.08253352200006, -33.79038371412745], [151.0825362820001, -33.79038619712746], [151.08253911600002, -33.79038862612748], [151.08254200200008, -33.79039100212746], [151.08254494300002, -33.79039333212744], [151.0825479450001, -33.79039560912746], [151.08255101100008, -33.79039782312747], [151.08255413100005, -33.79039999312749], [151.08255729500002, -33.79040210812745], [151.08256052100012, -33.79040416112746], [151.08256379400007, -33.79040616012745], [151.08256711900003, -33.790408105127476], [151.08257049000008, -33.79040997812744], [151.08257391300003, -33.79041180712743], [151.08257737400004, -33.79041356412743], [151.08258088800005, -33.79041526712744], [151.08258443800003, -33.79041689912748], [151.0825880310001, -33.79041847612745], [151.08259166300002, -33.79041999112745], [151.08259532900001, -33.79042143412749], [151.0825990300001, -33.79042281512743], [151.08266752500003, -33.79042808712743], [151.08266797300007, -33.79028130912746], [151.08266845700007, -33.79012083612746], [151.08267148700008, -33.79005610812749], [151.08268824900006, -33.78969845412745], [151.0827273320001, -33.78934890312746], [151.08298809500002, -33.78937887912746], [151.08330311500004, -33.78953327412745], [151.08330818900004, -33.7895085611275], [151.08331943000007, -33.78947982212748], [151.0833435520001, -33.78945134412748], [151.08337186900008, -33.78943230412745], [151.0834092130001, -33.78941973712745], [151.08360007300007, -33.78937787512746], [151.08373871900005, -33.78934824912744], [151.0838729290001, -33.78931950912751], [151.08393921900006, -33.78935756212746], [151.0839334530001, -33.78944794612744], [151.0839293470001, -33.78952830812746], [151.08400037, -33.789518019127456], [151.0840956840001, -33.78981296812748], [151.0841461760001, -33.789992869127445], [151.08414577500002, -33.78999295612749], [151.08403401200007, -33.79001687212747], [151.08387404200005, -33.79005082812744], [151.08398031800004, -33.79041518712744], [151.0841414450001, -33.79038065712745], [151.08430340600012, -33.790345931127476], [151.084461916, -33.79031203812747], [151.0845729350001, -33.79028825712748], [151.08462496200002, -33.79027704312743], [151.0846792750001, -33.790265479127456], [151.08478936200004, -33.79024184112744], [151.084955142, -33.79020638912749], [151.0851093660001, -33.79017334712744], [151.08526502600012, -33.79014000012745], [151.08542740000007, -33.79010520312742], [151.08558334600002, -33.790071750127474], [151.08574710800008, -33.79003665512749], [151.08591452000007, -33.79000076512743], [151.08604128900004, -33.78997352212747], [151.0860822720001, -33.790019490127456], [151.08617696800002, -33.79033620512745], [151.08617024500006, -33.790364603127436], [151.08615955100004, -33.79039144112744], [151.08626312900003, -33.79060509712746], [151.08656363800003, -33.790790006127445], [151.08694983200007, -33.79099331712744], [151.08682802200008, -33.79121069412745], [151.08670247200007, -33.79126045412741], [151.08653089200004, -33.79141590712746], [151.0864856510001, -33.79128283612746], [151.086416503, -33.79107247912744], [151.0863979300001, -33.79101583612746], [151.08617633100005, -33.791064699127425], [151.08596263900006, -33.79111201812747], [151.08575082800007, -33.791158668127466], [151.0855362860001, -33.79120598012746], [151.08543953700007, -33.79122718812746], [151.08533697100006, -33.79124982312745], [151.08524595200004, -33.79126975012744], [151.08522753900002, -33.791274043127466], [151.08519180000008, -33.79128173512747], [151.08513957500008, -33.79129319012745], [151.08512267800006, -33.79129709012743], [151.08507818200007, -33.791306717127405], [151.08502385000008, -33.79131866512742], [151.08499824000012, -33.79132434812745], [151.08493417500006, -33.791338557127446], [151.08491103000006, -33.79134369212743], [151.08492482400004, -33.791387269127455], [151.08482049300005, -33.79141029612747], [151.0848065570001, -33.79136680612747], [151.08479258400007, -33.791323202127415], [151.08468834400003, -33.79134621012746], [151.08470214200008, -33.791389796127454], [151.08459742600007, -33.79141279712746], [151.08449280600007, -33.79143572712745], [151.08440673400003, -33.791454632127426], [151.08428000900005, -33.79148269812746], [151.08410803200002, -33.79151865512742], [151.0840033280001, -33.79154582212747], [151.0838635350001, -33.79157595912742], [151.08384662900005, -33.79152287412743], [151.0837897880001, -33.79153571112747], [151.08366439100007, -33.791151371127434], [151.0835906000001, -33.79116757912747], [151.08351441500008, -33.79118448412746], [151.0836361810001, -33.79157037512747], [151.08365279200007, -33.791621497127466], [151.08359010700008, -33.791635014127415], [151.08352292200004, -33.79164954412745], [151.08348698600003, -33.791657288127425], [151.08336885800009, -33.79168272112745], [151.08330906800006, -33.791695754127446], [151.08327392900003, -33.791703122127416], [151.0830982440001, -33.79174251812745], [151.0832023790001, -33.79206551812743], [151.08295417400006, -33.792122601127424], [151.08290437100004, -33.792105748127454], [151.08268625200003, -33.79214281512745], [151.08265673200003, -33.79218508012743], [151.08238017600002, -33.792251494127434], [151.0820669300001, -33.79229849212746], [151.08206153300011, -33.79230581612743], [151.08203241800004, -33.79234629712746], [151.0815940980001, -33.792456589127454], [151.0813760220001, -33.79251623512747], [151.0811274770001, -33.792581789127404], [151.08095189900007, -33.79263065212741], [151.0807093520001, -33.792697066127424], [151.0806713730001, -33.792707955127426], [151.0805069820001, -33.79275509012741], [151.08029993200012, -33.79280523512741], [151.08011937000003, -33.79284796612741], [151.0798492130001, -33.7929059361274], [151.0794303, -33.79299727912741], [151.0793431070001, -33.79272878112747], [151.07929048900007, -33.79256802112742], [151.07945293300008, -33.792532873127435], [151.0795011140001, -33.79252254612745], [151.07942385900003, -33.79228386112745], [151.07937551200007, -33.79229633112746], [151.07921257500004, -33.79232991112743], [151.07914815000004, -33.792129288127434], [151.07893554200007, -33.79217555912745], [151.0780978040001, -33.79235663212742], [151.0778860470001, -33.792402573127404], [151.0776754740001, -33.79244786812742], [151.0774952370001, -33.79248674412742], [151.07746458000008, -33.792493378127425], [151.07717301900004, -33.79237459612741], [151.07703629900004, -33.79206343812742], [151.0769564210001, -33.79188260812746], [151.07689916900006, -33.79175257612744], [151.07683370400002, -33.791603416127465], [151.07676621400003, -33.791451198127426], [151.07667866300005, -33.791264434127456], [151.07689785000002, -33.79122492912743], [151.07731037300005, -33.79115863212744], [151.07738815300002, -33.791145858127464], [151.07743720400003, -33.79125653712747], [151.0774920460001, -33.79138056212746], [151.0775502770001, -33.79151227912743], [151.0776064260001, -33.79163928112745], [151.07766696900012, -33.791776036127445], [151.07801478900012, -33.791700406127426], [151.07880601300008, -33.791528350127436], [151.07889615400006, -33.79150874712745], [151.08003267000004, -33.79126165512745], [151.0801402930001, -33.791238205127435], [151.08014065100008, -33.79122467012745], [151.08012068800008, -33.79121372512745], [151.0801014960001, -33.79120217012744], [151.0800925860001, -33.791196604127464], [151.08008420400006, -33.79119048012743], [151.08006927000008, -33.79117991312743], [151.08006570300006, -33.791177394127466], [151.08004779300006, -33.791163760127446], [151.0800304830001, -33.79114957812747], [151.07962298100006, -33.79125633112742], [151.07960439800001, -33.791259081127436], [151.0795219480001, -33.79127474312746], [151.07946118100006, -33.79128293612745], [151.07944181000005, -33.79128575012747], [151.07934503600006, -33.79129818312746], [151.07926344400005, -33.791315286127464], [151.07925029400008, -33.791317868127436], [151.07915931000002, -33.791326115127426], [151.07906191600011, -33.79132783612746], [151.07903541000007, -33.79114300912743], [151.078816769, -33.791115919127456], [151.07862875800004, -33.791093185127444], [151.07842602100004, -33.791068347127435], [151.07822585500003, -33.79104383012747], [151.07823119700004, -33.79108144312742], [151.0780415380001, -33.79109691512747], [151.07800033, -33.790773495127425], [151.07797152000012, -33.79059364512744], [151.07805619400006, -33.79056745812743], [151.07820769400007, -33.79052067512748], [151.07800056300005, -33.79006988512747], [151.0781945440001, -33.79003201212748], [151.07830027400007, -33.79001119812744], [151.0783896360001, -33.790003704127464], [151.078604207, -33.78998541612748], [151.07873279500006, -33.78997429312745], [151.07873703600012, -33.789973881127466], [151.07876578200012, -33.789971443127456], [151.0789379800001, -33.789956770127446], [151.07912737100003, -33.78994089312748], [151.07932032100007, -33.789924488127426], [151.07945496900004, -33.78991280012747], [151.07959352600005, -33.78990034912749], [151.07963215900008, -33.789782733127474], [151.07968173100005, -33.78963198612746], [151.0797313370001, -33.78948121212745], [151.0802413250001, -33.78953864412745], [151.08025753200002, -33.78955581012745], [151.080316121, -33.78935499912747], [151.08034604300008, -33.78933312712747], [151.08053434800001, -33.789439242127465], [151.080959107, -33.789877895127454], [151.08106841400001, -33.78999076912748], [151.08128206900005, -33.79021141712747], [151.08136224400005, -33.79029420912745], [151.08154649800008, -33.79048448712745], [151.08153029200002, -33.79041976712744], [151.08154296700002, -33.78979554112748], [151.08179482000003, -33.78940641612746], [151.08192981700006, -33.78889487812746], [151.08199081600003, -33.788595507127475], [151.08201349900003, -33.78845468312746], [151.08222630900002, -33.788483565127486], [151.0822350400001, -33.78848458712748], [151.08220711700005, -33.78863252012748], [151.0821752500001, -33.7888162371275], [151.0821305920001, -33.78910836412746], [151.08209954900008, -33.7893024171275], [151.08180452800002, -33.789824146127444], [151.0817877280001, -33.7901774171275], [151.08179108100012, -33.790403650127466]]]}, "properties": {"OBJECTID": 275738, "LABEL": "Eastwood station and town centre", "LAY_CLASS": "Town Centre", "LGA_NAME": "SEPP"}}, {"type": "Feature", "geometry": {"type": "Polygon", "coordinates": [[[151.2249748270001, -33.872906972126415], [151.2249432210001, -33.873187921126416], [151.22501429500005, -33.87315975712641], [151.22502962400006, -33.873154593126436], [151.22511924700007, -33.87312678712645], [151.22538693700005, -33.87328364812643], [151.22531259000004, -33.873325429126425], [151.2253002640001, -33.87333286912643], [151.2252412460001, -33.87336582112644], [151.22517173000006, -33.87340479612644], [151.2251432160001, -33.873421021126426], [151.22510173900002, -33.8734446221264], [151.22503080800004, -33.87348473712641], [151.22502903200007, -33.873486807126405], [151.2249853510001, -33.873537857126415], [151.2249397070001, -33.87359200012643], [151.22491946600007, -33.87361536912643], [151.224749061, -33.8738141271264], [151.2246887240001, -33.873885221126415], [151.22469070500006, -33.873888905126385], [151.22469189600008, -33.873892804126434], [151.22469227400006, -33.87389682812639], [151.22469182500004, -33.87390084512642], [151.22469057000012, -33.87390473512638], [151.224688527, -33.87390838412641], [151.22468577400002, -33.87391170012641], [151.224682378, -33.873914568126416], [151.22467844100004, -33.87391691812641], [151.2246741040001, -33.87391866512641], [151.22466944200005, -33.873919776126435], [151.22466463800004, -33.873920198126406], [151.2246598150001, -33.87391993812641], [151.22465527000008, -33.87391889912645], [151.22445764200006, -33.87388775712643], [151.22424688900003, -33.87385479712643], [151.22401971600004, -33.87381920112641], [151.22399942900006, -33.87387367512643], [151.2239959750001, -33.87389113112645], [151.2239444270001, -33.87415161212644], [151.2239214970001, -33.87429255212642], [151.2239313660001, -33.874294041126426], [151.22392493000007, -33.874325298126415], [151.22387915100012, -33.87454745212639], [151.2238741220001, -33.87457185212641], [151.2238714870001, -33.87458459912639], [151.22386763300005, -33.8746032711264], [151.22392907100004, -33.874611895126414], [151.22398967700008, -33.87462046412643], [151.224051421, -33.87462912312642], [151.2240917590001, -33.874635551126424], [151.22410904100002, -33.8746379611264], [151.2241715460001, -33.8746467381264], [151.22433363400012, -33.8746696041264], [151.22441740200009, -33.87468124912644], [151.22449646400003, -33.874692355126406], [151.2245607630001, -33.874701400126426], [151.22459833200003, -33.8746823961264], [151.22461552400011, -33.87464360012639], [151.22463498500008, -33.8746462711264], [151.22480685100004, -33.874741487126435], [151.22478203000003, -33.874796633126394], [151.22476840500008, -33.874827236126414], [151.22468792600012, -33.87500786912638], [151.22469753500002, -33.87505650812637], [151.2248123280001, -33.87515646512641], [151.22477891100004, -33.8751960151264], [151.22466272000008, -33.875322415126405], [151.22462795700005, -33.87533799512643], [151.22456918000012, -33.875568207126385], [151.224549173, -33.87564658012638], [151.22454787300012, -33.87565164412638], [151.22455039900012, -33.87587240312638], [151.2243303880001, -33.87585810312642], [151.2242944520001, -33.87588788112641], [151.22418627500008, -33.875873242126374], [151.22406221300002, -33.87585646312642], [151.2239451160001, -33.875840543126415], [151.223857306, -33.8758286651264], [151.2237697270001, -33.87581681512638], [151.2237110310001, -33.87580887312641], [151.22364587200002, -33.875799999126414], [151.22352952000006, -33.87578439212638], [151.22340733200008, -33.87576786312639], [151.22327836800002, -33.87575040112637], [151.22321072500006, -33.87574123912641], [151.22300259000008, -33.87571308312641], [151.22277603500004, -33.87568277612639], [151.22259170900008, -33.875617931126406], [151.2224341220001, -33.8755419701264], [151.22221710300005, -33.8754264871264], [151.22218955800008, -33.875412092126396], [151.22219628000005, -33.87538667912641], [151.2222334270001, -33.87523292712638], [151.22233352800004, -33.87470833912644], [151.2223377680001, -33.87468858112643], [151.22235418100001, -33.874611159126424], [151.2223741800001, -33.87451685912642], [151.22238507100008, -33.874465504126384], [151.22238823500004, -33.87445059712641], [151.22239286900003, -33.87442870712645], [151.22244860800004, -33.87416585612643], [151.22246089800012, -33.87411028012642], [151.2224807780001, -33.8740156911264], [151.22250465900004, -33.87389812012644], [151.22253185600005, -33.8739288041264], [151.22276405900004, -33.873955247126425], [151.22280199500005, -33.87393002312641], [151.22294116000012, -33.873764682126385], [151.22310256600008, -33.873617565126416], [151.22325614500005, -33.8734781211264], [151.22331851700005, -33.873421603126395], [151.2233834430001, -33.873362773126395], [151.22351075000006, -33.873247254126426], [151.22359208900002, -33.87317180512641], [151.2235994120001, -33.873136656126434], [151.2236209880001, -33.873028425126435], [151.22364237600004, -33.872920051126464], [151.22366454500002, -33.87281094212641], [151.2236861120001, -33.872702019126436], [151.223692378, -33.872672144126454], [151.22365447800007, -33.87258732612645], [151.22363584200002, -33.872544218126436], [151.22364863400003, -33.87247567012644], [151.22367787400003, -33.87242034412644], [151.22390279800004, -33.87245173712642], [151.22392018800008, -33.8724541671264], [151.22392339700002, -33.87244063112644], [151.22401639800012, -33.87245397812642], [151.22410829800003, -33.87246734312645], [151.22422910500006, -33.872484912126424], [151.2243837960001, -33.87250750212642], [151.22436559100004, -33.87258799012641], [151.22434859500004, -33.872669651126444], [151.22431800900006, -33.87281653412643], [151.22425233100012, -33.8731312691264], [151.22421972900008, -33.8732905051264], [151.22429508000005, -33.87324331912644], [151.22434865700006, -33.87299155712643], [151.22439380900005, -33.872778707126415], [151.22442187500008, -33.87264517012641], [151.2244324090001, -33.87259029412643], [151.2244462750001, -33.872523494126405], [151.2244481130001, -33.87251544412644], [151.22447209100005, -33.87241087012642], [151.2244993690001, -33.872281905126435], [151.22453008800005, -33.872138437126445], [151.22457594800005, -33.872144505126464], [151.2248987580001, -33.87218730812644], [151.22510684000008, -33.87221175312646], [151.22509614600006, -33.87226718612646], [151.22508453700004, -33.87232986212641], [151.22507391500005, -33.872385833126415], [151.2250634190001, -33.872440881126465], [151.2250527960001, -33.87249587512644], [151.2250421020001, -33.87255148812641], [151.2250311580001, -33.872608445126424], [151.2249748270001, -33.872906972126415]]]}, "properties": {"OBJECTID": 275741, "LABEL": "Kings Cross station and town centre", "LAY_CLASS": "Town Centre", "LGA_NAME": "SEPP"}}, {"type": "Feature", "geometry": {"type": "Polygon", "coordinates": [[[150.991980312, -33.76229476112781], [150.9921144230001, -33.7622360291278], [150.9924729820001, -33.7620790341278], [150.99257255400005, -33.762002257127804], [150.99258369500012, -33.76187796212782], [150.99252428300008, -33.7617951441278], [150.99227225100003, -33.76152686112784], [150.9920671110001, -33.761390887127796], [150.9914737580001, -33.76075950912782], [150.9913709770001, -33.760652192127814], [150.99125851600002, -33.76053341912783], [150.9910532670001, -33.76031777312781], [150.99095054000009, -33.76020983712787], [150.99069858000007, -33.75994509512785], [150.99058753400004, -33.75982843012784], [150.99047805700002, -33.759712903127856], [150.9903680420001, -33.75959561412785], [150.99023211500003, -33.75945359812787], [150.99016498900005, -33.759383714127836], [150.99014959400006, -33.759366435127816], [150.99012285800006, -33.75933641212786], [150.9900840360001, -33.75929242312786], [150.99004329900004, -33.75924490812785], [150.990295209, -33.75906667912782], [150.9906586180001, -33.75882147812784], [150.99092212400012, -33.75864315812786], [150.99127158500005, -33.75840652712785], [150.99127588800002, -33.758403560127874], [150.9913392620001, -33.75836070312789], [150.9914279080001, -33.758356992127844], [150.9919430320001, -33.75834303512782], [150.99268469300011, -33.75832284812788], [150.99293923900007, -33.758273984127875], [150.99295468900004, -33.75832327912785], [150.992996263, -33.758458661127854], [150.9930375340001, -33.758595765127836], [150.99308358100006, -33.758869077127876], [150.99304964400005, -33.758870592127884], [150.99306407500012, -33.75900515912784], [150.99309651600004, -33.75900514112787], [150.99311691900004, -33.75928082012784], [150.99307415200008, -33.75928220912787], [150.9930810090001, -33.75941988712786], [150.99308315100006, -33.75947293512785], [150.99308643200004, -33.759554256127835], [150.99309087900008, -33.75968780212786], [150.993106484, -33.76015644812785], [150.993144249, -33.76030259712782], [150.99316827300004, -33.76049761812784], [150.99318457000004, -33.76062694012782], [150.99317675200007, -33.760771090127854], [150.99317780100012, -33.7608313911278], [150.9932254460001, -33.760866968127814], [150.99331885900006, -33.760888886127844], [150.99343030800003, -33.760886089127794], [150.99344829000006, -33.76092380112785], [150.99368893700012, -33.76143748112782], [150.99380017200008, -33.76149406212779], [150.99385837400007, -33.761422045127816], [150.99416178700005, -33.761046365127825], [150.99433458900012, -33.761152856127836], [150.99430313100004, -33.76119201212783], [150.99421243400002, -33.7613049401278], [150.99411809700007, -33.761422269127834], [150.99402869800008, -33.761533620127814], [150.9939773440001, -33.76159763212782], [150.99393515100007, -33.76165021512784], [150.99380315700012, -33.76181417512784], [150.9937801100001, -33.76184281412783], [150.99375689300007, -33.76187143712782], [150.99346975900005, -33.76222901812781], [150.99358644300003, -33.76233126212782], [150.9936665890001, -33.76240153012782], [150.99377748300003, -33.76249868212777], [150.99392407100004, -33.76262711012782], [150.9941270590001, -33.762805193127804], [150.99385634800012, -33.762930621127786], [150.9937936980001, -33.762957889127776], [150.99357203800002, -33.763054378127826], [150.99338638500012, -33.76313600312776], [150.99330683000005, -33.76317098012781], [150.99324728200008, -33.763273555127796], [150.99323792300004, -33.7632896731278], [150.99322493900002, -33.76328454112779], [150.99321110100004, -33.76328116112778], [150.99319694000008, -33.763277783127805], [150.99290547500004, -33.76323380912781], [150.99288928400006, -33.763230426127784], [150.99287309400006, -33.7632293051278], [150.9928245110001, -33.763229299127815], [150.99280832300008, -33.763230425127794], [150.99279212500005, -33.76323380412781], [150.99277690700012, -33.76323591912778], [150.99276834700004, -33.76323774612779], [150.99276075000012, -33.7632394341278], [150.99274454800002, -33.76324394112782], [150.99272937700005, -33.76324958312777], [150.9927145360001, -33.76325633812779], [150.99265778900008, -33.763280482127804], [150.99260851700012, -33.7633012771278], [150.99259722300008, -33.763286185127804], [150.99238789600008, -33.76294785012783], [150.99227230500003, -33.76276055612782], [150.9920867610001, -33.76245989512778], [150.991980312, -33.76229476112781]]]}, "properties": {"OBJECTID": 275742, "LABEL": "Baulkham Hills town centre", "LAY_CLASS": "Town Centre", "LGA_NAME": "SEPP"}}, {"type": "Feature", "geometry": {"type": "Polygon", "coordinates": [[[151.05214826000008, -33.7775412721276], [151.05206944200006, -33.77754041212761], [151.05200995100006, -33.7774998671276], [151.05196566100005, -33.77744849412759], [151.05192674900002, -33.77737908612759], [151.05186833100004, -33.77718616312762], [151.05181849100006, -33.77701852812764], [151.0518071040001, -33.776955388127625], [151.05177834100004, -33.776795898127645], [151.05175012300003, -33.77655888212763], [151.05174904600005, -33.77653921512761], [151.05174703900002, -33.776519494127626], [151.05174408000005, -33.77649986212765], [151.0517401630001, -33.77648033912767], [151.0517353040001, -33.776460977127606], [151.05172951300005, -33.77644178612761], [151.05162569300012, -33.77616232512765], [151.05160070500006, -33.77608030512765], [151.05155322000007, -33.775927038127634], [151.05154312500008, -33.775858284127644], [151.05151853900009, -33.77569082712763], [151.05150874000003, -33.77554017812765], [151.05150879500002, -33.77553987112764], [151.0515085070001, -33.775537195127654], [151.0514822340001, -33.77510177612768], [151.05147216700004, -33.774934929127674], [151.05147074400008, -33.774911366127654], [151.05147064900007, -33.77490977912766], [151.05147016500007, -33.774899759127685], [151.0514761080001, -33.77489857212766], [151.05184337600008, -33.774825227127636], [151.0518485340001, -33.77482419712766], [151.05184911000003, -33.77482408212764], [151.0518487610001, -33.77481706012766], [151.051848607, -33.774812338127624], [151.05184858000007, -33.774811521127624], [151.05185080600006, -33.77481144312765], [151.05185371800007, -33.77481134112767], [151.05185447400004, -33.77481131412765], [151.05232659600006, -33.77479472512768], [151.05232810200005, -33.77479467212768], [151.05233002900002, -33.77483321712768], [151.05283012900009, -33.77542673112766], [151.05292524700008, -33.775539498127614], [151.05294422300005, -33.77559845412766], [151.0531652840001, -33.776284404127644], [151.0532015870001, -33.77639704712766], [151.0532038020001, -33.776462205127636], [151.05321800000002, -33.77688059012763], [151.05332974600003, -33.77725218212764], [151.05332309100004, -33.777260161127614], [151.05330004200005, -33.77728779212762], [151.05329976200005, -33.77728812912759], [151.05327704, -33.77729331912762], [151.0531647260001, -33.77731897812764], [151.05221952800002, -33.77753491312761], [151.05214826000008, -33.7775412721276]]]}, "properties": {"OBJECTID": 275744, "LABEL": "Carlingford Court shopping centre", "LAY_CLASS": "Town Centre", "LGA_NAME": "SEPP"}}, {"type": "Feature", "geometry": {"type": "Polygon", "coordinates": [[[151.10240011300004, -33.880459143126295], [151.10249990900002, -33.88047272412633], [151.10260367600006, -33.88048689612635], [151.10266736500012, -33.880118019126314], [151.10270671800004, -33.879984465126334], [151.10272693000002, -33.87987871712633], [151.10274788000004, -33.879769194126325], [151.10276855000006, -33.879661107126324], [151.10278954400007, -33.87955130712637], [151.10281020600007, -33.87944326512634], [151.1026804700001, -33.87942503212634], [151.10249085400005, -33.879398283126314], [151.10247591200005, -33.879396428126334], [151.10234393500002, -33.87937842812631], [151.10215508200008, -33.879354109126325], [151.10201609700005, -33.87933642312637], [151.1019413990001, -33.879326769126365], [151.10187476200008, -33.87931812712635], [151.10172958900012, -33.87929926712635], [151.10169403800012, -33.87929483912634], [151.10151526100003, -33.87927229512634], [151.10130233000007, -33.87924476612633], [151.10129126800007, -33.87924286512637], [151.10108153800002, -33.879216001126366], [151.1010955590001, -33.879142209126336], [151.100932531, -33.87912367212636], [151.10076779000008, -33.879104901126325], [151.10066509900003, -33.87909331912638], [151.10060808800006, -33.87908699912637], [151.100595386, -33.87915090412636], [151.10045221300004, -33.87913103112638], [151.1004474350001, -33.879130054126364], [151.10031014300012, -33.87911138212635], [151.10025422600006, -33.87910396012633], [151.1001189860001, -33.87908520712633], [151.09969300900002, -33.87902608112634], [151.0995340060001, -33.878998122126376], [151.0995596790001, -33.878864997126385], [151.09958781600005, -33.87871910912636], [151.09961316700003, -33.878587662126364], [151.09963881300007, -33.878453570126375], [151.09964555300007, -33.87841967712635], [151.09922163800002, -33.87836671712635], [151.0991793830001, -33.87836136612637], [151.09920068000008, -33.87826186612633], [151.0992298320001, -33.87826344312637], [151.09923032400002, -33.87826086112633], [151.09925563800005, -33.87812928812637], [151.09926506800002, -33.878080775126335], [151.09926572300003, -33.87807743212633], [151.09926731000007, -33.87806926612635], [151.09934466000004, -33.87772880512635], [151.09934477600007, -33.877728168126374], [151.0993459770001, -33.87772178612639], [151.09934612100005, -33.87772098912636], [151.0993649290001, -33.87761896312637], [151.09978015700005, -33.87766439012635], [151.0998079090001, -33.877526863126356], [151.0998353750001, -33.87738872912637], [151.09986149600002, -33.877258761126356], [151.09988950800005, -33.8771176141264], [151.09991333400012, -33.8769992441264], [151.0999154220001, -33.876988057126354], [151.0999419210001, -33.87685523812638], [151.09995882600003, -33.87677009812637], [151.0999748710001, -33.87661022512639], [151.1000432930001, -33.87644509812639], [151.10016513300002, -33.87615016912638], [151.1002121040001, -33.87603633412641], [151.1005003690001, -33.8761491091264], [151.10060899300004, -33.87609929612638], [151.1006297450001, -33.875991801126354], [151.10065959500002, -33.87583728812638], [151.10068613700003, -33.875699898126435], [151.10070733700002, -33.875590125126415], [151.10072936100005, -33.87547609412639], [151.10073996500012, -33.87541986312643], [151.100750768, -33.875365390126376], [151.10077156400007, -33.87525760612643], [151.100793059, -33.87514630012641], [151.10081373000003, -33.87503929712638], [151.10083744100007, -33.87491555012641], [151.1008593030001, -33.874801707126394], [151.10088096000004, -33.87469092012642], [151.10089299000003, -33.874628639126406], [151.1009073680001, -33.874554426126416], [151.10093247600003, -33.87442450412643], [151.10094412000012, -33.87436430912643], [151.1009860360001, -33.87414726512643], [151.10100408100004, -33.87401130812642], [151.10101418300007, -33.873960921126425], [151.10103110700004, -33.873876409126446], [151.10105878100012, -33.87373827112641], [151.10117064000008, -33.87375637212638], [151.10375316300008, -33.874110987126436], [151.10389898000005, -33.87413101212641], [151.10421729000007, -33.87417472112642], [151.1042660910001, -33.87392553212643], [151.10429389700005, -33.87378357812643], [151.1043386450001, -33.8735550861264], [151.1043645430001, -33.8734228501264], [151.10448050900004, -33.872830743126414], [151.10451153300005, -33.87267231312642], [151.1045878530001, -33.87228259512642], [151.10462698000003, -33.87211983612644], [151.10449798000002, -33.872101559126456], [151.10458519000008, -33.87168796112645], [151.10451579100004, -33.87167806512644], [151.10443621700006, -33.871666896126456], [151.1043090270001, -33.87164917012643], [151.10430899200003, -33.87164916512642], [151.10430877900012, -33.87164913512646], [151.1043187360001, -33.871592468126444], [151.1043460850001, -33.871450648126434], [151.1043718840001, -33.87131711312645], [151.10439721600005, -33.87118585212642], [151.10445094500005, -33.87090753912646], [151.10446346000003, -33.87084272912644], [151.1044757850001, -33.87077865512648], [151.10450155500007, -33.87064537012646], [151.10452674400005, -33.87051496112645], [151.10455411200007, -33.870373133126485], [151.10457652200012, -33.870257193126484], [151.10458910800003, -33.870173398126454], [151.10460544900002, -33.870089916126474], [151.10460912400004, -33.870071261126455], [151.10460968900009, -33.870068385126466], [151.10462060700002, -33.87001257512648], [151.1046330680001, -33.869948922126476], [151.10465969000006, -33.86981285712644], [151.10468706500012, -33.869672993126485], [151.10471390400005, -33.86953590712645], [151.1047424190001, -33.86939016112647], [151.10477394500003, -33.86939605112647], [151.10514816400007, -33.86945488112647], [151.1051737470001, -33.86932424012647], [151.1051811320001, -33.86928651412645], [151.1054384260001, -33.86932067212645], [151.10547154000005, -33.869325127126466], [151.10553106100008, -33.869333132126464], [151.1056616300001, -33.869350684126495], [151.10572385800003, -33.869359047126494], [151.10579716400002, -33.869368899126506], [151.1058238600001, -33.86937252912648], [151.10581713700003, -33.86940377712644], [151.10579680700005, -33.869509803126476], [151.1057762790001, -33.86961690512648], [151.10575491800012, -33.86972829112644], [151.10573476700006, -33.869833384126444], [151.10571383600006, -33.86994252212648], [151.10569321900005, -33.87005008012643], [151.10567260200003, -33.870157612126455], [151.10565177900003, -33.87026616612646], [151.10562191100007, -33.87040425612647], [151.10560171500003, -33.87050921512647], [151.10558088100004, -33.87061759012649], [151.10556145700002, -33.870718462126455], [151.10553541700006, -33.870853987126466], [151.1055096650001, -33.87098796412647], [151.1054870380001, -33.871105749126464], [151.1054647530001, -33.87122168212643], [151.10544208400006, -33.871339665126484], [151.1054181410001, -33.871464273126435], [151.10539576700012, -33.87158064412643], [151.10537268500002, -33.87170080612646], [151.10535079500005, -33.87181471212642], [151.1053284300001, -33.871931064126436], [151.10530607400005, -33.87204743412643], [151.10528368200005, -33.87216394812644], [151.10526173800008, -33.87227721712645], [151.10526065300007, -33.872297530126424], [151.1052607260001, -33.872317878126466], [151.10526161200005, -33.872338217126455], [151.10526329800007, -33.87235851112642], [151.10526579800012, -33.872378743126426], [151.1052694650001, -33.87239889412642], [151.1052996730001, -33.872403216126415], [151.1052928160001, -33.872437870126404], [151.10527789100001, -33.87251122212641], [151.10526711600005, -33.872564324126394], [151.10525788200005, -33.87260992412643], [151.10522374000004, -33.872778375126394], [151.10536444700006, -33.872798714126404], [151.10548519200006, -33.872815870126416], [151.10567413600006, -33.872841320126426], [151.10572111400006, -33.87284739712644], [151.10580139700005, -33.872857805126436], [151.10587715100007, -33.872867621126424], [151.1060384850001, -33.87288852412643], [151.1062005980001, -33.87290952712645], [151.10632994800005, -33.872926290126415], [151.10645207400012, -33.872942111126434], [151.10655869200002, -33.8729559241264], [151.10665785000003, -33.87296877812641], [151.10667011300006, -33.87297035712645], [151.1067634110001, -33.87298244912641], [151.10686070600002, -33.87299506112644], [151.10695798200004, -33.87300765912645], [151.1069580730001, -33.87300767112643], [151.10713489600005, -33.87303388312642], [151.1071547690001, -33.87303657412644], [151.10715570000002, -33.873036681126436], [151.10715749300005, -33.873036896126436], [151.10716319400012, -33.87303764912643], [151.10724539500006, -33.873048603126435], [151.10725471600006, -33.87304984912644], [151.10726055300006, -33.87305062912644], [151.10735350000004, -33.87306308012641], [151.10736651600007, -33.87306481912643], [151.10744937900006, -33.873075855126416], [151.10764586200003, -33.87310202012643], [151.10777427900007, -33.87311913212641], [151.10794046700005, -33.873134896126416], [151.10793670600003, -33.87315684312641], [151.10791463700002, -33.8732856461264], [151.10789359700004, -33.873408373126416], [151.10786781800005, -33.8735591291264], [151.1077841120001, -33.87404338012645], [151.10777864400006, -33.87407145512642], [151.10774977100004, -33.874236627126415], [151.1077143540001, -33.87443922112644], [151.10769307400005, -33.8745750351264], [151.10762684700012, -33.874962628126426], [151.10756158100003, -33.87534481612642], [151.10756488100003, -33.87546624412643], [151.1075358180001, -33.8756166401264], [151.10750579900002, -33.8757743881264], [151.10747564400003, -33.87592890012638], [151.1074456770001, -33.87608395012637], [151.10742527500008, -33.8761848041264], [151.10740909600008, -33.87627078712637], [151.10739475200012, -33.87634702512638], [151.10738377200005, -33.87640538912638], [151.1073727910001, -33.876463754126405], [151.10736193500009, -33.8765214461264], [151.1073508280001, -33.87658049212638], [151.1073398840001, -33.8766386861264], [151.10732891200007, -33.87669699712636], [151.10730695000007, -33.87681372612638], [151.10728460300004, -33.87693249912636], [151.10730239800012, -33.8771373351264], [151.10727555000005, -33.87727684112638], [151.10724101000005, -33.877458290126384], [151.10721004100003, -33.87761887012638], [151.10710571200002, -33.87774099212639], [151.10706519100006, -33.87804116412635], [151.10704442100007, -33.878114104126354], [151.10700655000005, -33.87829452212637], [151.10694829300007, -33.87857867112635], [151.10691914200004, -33.878718204126386], [151.10689331700007, -33.87884205012634], [151.10685758600005, -33.879018685126326], [151.10682105700005, -33.879201416126335], [151.10679367300008, -33.87933935412635], [151.10676878900006, -33.87946377412637], [151.10673469900007, -33.879634287126365], [151.1066537260001, -33.880041053126334], [151.10663245600006, -33.88015126712635], [151.10659631300007, -33.88032445112634], [151.10653857600005, -33.880600505126324], [151.10650887000008, -33.880743184126345], [151.1063121190001, -33.88071501112632], [151.10611863200006, -33.88068939212632], [151.10591970300004, -33.88066310112635], [151.10556339400011, -33.880616094126296], [151.1055348420001, -33.88061209612636], [151.1054019610001, -33.88059450812631], [151.10527206300003, -33.880577494126335], [151.10500924000007, -33.88054252612631], [151.10487705800006, -33.88052501112635], [151.10474663200011, -33.880507826126355], [151.10461641200004, -33.880490490126306], [151.1044845790001, -33.88047304712631], [151.10446934000004, -33.88047121812634], [151.10432530700007, -33.88045201612635], [151.10416151700008, -33.88043044112636], [151.1040402970001, -33.88041442212631], [151.10375535900005, -33.880374730126334], [151.10373230400012, -33.88049358312634], [151.1036727380001, -33.88079592912635], [151.1035900810001, -33.88078462512635], [151.103597798, -33.880739644126315], [151.103508303, -33.88072420812631], [151.1034992320001, -33.880774901126344], [151.10348587500005, -33.88084232812633], [151.1034717660001, -33.88090963712631], [151.10345861400003, -33.88097321012633], [151.10344649600006, -33.88103239012634], [151.10342423800012, -33.88114687912633], [151.10337371700007, -33.88114005612636], [151.10306689000004, -33.88109859812635], [151.10282854600007, -33.881219235126295], [151.10248561800006, -33.88117102712636], [151.102508542, -33.88103271312633], [151.10253440200006, -33.88087110112633], [151.10254265800006, -33.88081915512633], [151.102552456, -33.88075784012632], [151.1025663680001, -33.880670658126355], [151.10236934800002, -33.880644043126324], [151.10237747000008, -33.88059288612635], [151.10240011300004, -33.880459143126295]]]}, "properties": {"OBJECTID": 275745, "LABEL": "Burwood station and town centre", "LAY_CLASS": "Town Centre", "LGA_NAME": "SEPP"}}, {"type": "Feature", "geometry": {"type": "Polygon", "coordinates": [[[151.00042408700006, -33.88627484812627], [151.0000766510001, -33.88622864712624], [150.99981022400004, -33.886193034126265], [150.99967033200005, -33.886174335126256], [150.99969505400009, -33.886157563126275], [150.99970161500005, -33.88601057212626], [150.999709692, -33.88582950812627], [150.9997158870001, -33.885690755126284], [150.9997223050001, -33.885547027126265], [150.99972299400008, -33.8855314911263], [150.9997379570001, -33.885196481126286], [150.99974311000005, -33.885080899126265], [150.9997751290001, -33.885085185126286], [150.99981239900012, -33.8850901731263], [150.99983918400005, -33.8845644811263], [150.99986650000005, -33.88454681712626], [150.9999067750001, -33.88436754712626], [151.00003909200007, -33.884385125126315], [151.00015955900005, -33.88431225612631], [151.00027516800003, -33.88406076312631], [151.0003056170001, -33.883903293126274], [151.00041764600007, -33.883919883126296], [151.00051889000008, -33.8834528121263], [151.0004539260001, -33.88344308212631], [151.00039001400012, -33.88343350812627], [151.00039775000005, -33.88338126612627], [151.00036814200007, -33.88319639312632], [151.00028229400004, -33.88312349912629], [150.99974973400003, -33.883051222126284], [150.99943768100002, -33.88300841012628], [150.99938122600008, -33.883296728126275], [150.99933929100007, -33.88329134012629], [150.99764860400012, -33.883060903126285], [150.99758302400005, -33.88306698912631], [150.99742517700008, -33.88307846312628], [150.9974584780001, -33.882907905126295], [150.9974852360001, -33.882770838126284], [150.99745185500012, -33.88273400412632], [150.9974862140001, -33.8825562041263], [150.9971192280001, -33.88250397112628], [150.99712794900006, -33.88245920412632], [150.9971666020001, -33.8822609301263], [150.99719356600008, -33.882122607126334], [150.99721907700007, -33.8819917331263], [150.99762548700005, -33.88204726512633], [150.9978376370001, -33.88209032812629], [150.9978126090001, -33.88221779612631], [150.9978261990001, -33.8822335991263], [150.99821683200003, -33.88228755312631], [150.9986038610001, -33.882340996126324], [150.99862277400007, -33.8823296841263], [150.99885511200011, -33.8823534301263], [150.99924250800007, -33.88240692712632], [150.99962970700005, -33.88246039712633], [150.99964862100012, -33.88244907512629], [150.99966856600008, -33.88234719912632], [150.99968981000006, -33.882238726126324], [150.99971105500003, -33.8821302531263], [150.9997322910001, -33.88202177112633], [150.99975353500008, -33.88191329812633], [150.99977478100004, -33.881804816126284], [150.99979602400003, -33.88169634312635], [150.99980079300008, -33.8816719821263], [151.0000170630001, -33.88170112112633], [151.00003589200003, -33.88159652912632], [151.00004949800007, -33.88161230612631], [151.000433175, -33.881664566126325], [151.0005632330001, -33.88168228712633], [151.00069329200005, -33.881700009126334], [151.00082335900004, -33.881717721126336], [151.00095341700012, -33.88173543512629], [151.00108347600008, -33.88175315712634], [151.00115413000003, -33.88176277612631], [151.00121354400005, -33.88177086912634], [151.001343603, -33.881788582126305], [151.0014736610001, -33.88180629512634], [151.00160372800008, -33.88182401812633], [151.00173378600005, -33.88184173012632], [151.00186385300003, -33.8818594421263], [151.00227030700012, -33.8819147941263], [151.00228922100007, -33.881903456126324], [151.00248600700002, -33.8820271861263], [151.00249962300006, -33.88204295312629], [151.0029126400001, -33.8820988261263], [151.00291142900005, -33.882105038126305], [151.00288883000007, -33.8822206191263], [151.0028662410001, -33.88233621012629], [151.00284365200002, -33.88245179212631], [151.00282105400004, -33.88256737312631], [151.00279846500007, -33.8826829541263], [151.00277586700008, -33.88279853612628], [151.00275617300008, -33.882899282126324], [151.0027697800001, -33.882915086126296], [151.0031663740001, -33.882969631126315], [151.00341343000002, -33.88300361412629], [151.00382627400006, -33.88306040012631], [151.0042391190001, -33.88311718712633], [151.00425802400002, -33.88310585712631], [151.00424212300004, -33.88318722312631], [151.00418861600008, -33.883460992126324], [151.00415142600002, -33.883653207126265], [151.00407934500004, -33.88401908912632], [151.00391691900006, -33.883996142126264], [151.0037545, -33.883973193126295], [151.00359207300005, -33.883950246126304], [151.0034296550001, -33.88392729812626], [151.0032725960001, -33.88390510412627], [151.00326722700004, -33.88390434112626], [151.0031048090001, -33.883881394126284], [151.00294238100003, -33.8838584461263], [151.00277996300008, -33.88383549812627], [151.00261754400003, -33.88381255012628], [151.00245511800006, -33.88378960212631], [151.00229269900012, -33.88376663712629], [151.00213027200004, -33.8837436881263], [151.0019678530001, -33.88372074212631], [151.00180543600004, -33.88369779312628], [151.0016430080001, -33.883674846126304], [151.00148059000003, -33.8836518891263], [151.00131167200004, -33.88362801712629], [151.001153691, -33.883590477126305], [151.0011458030001, -33.883588603126285], [151.00105011200003, -33.88356587112631], [151.0007325900001, -33.88349042012632], [151.00066882900012, -33.883475263126314], [151.00061216500012, -33.88346678012632], [151.00052026800006, -33.8839350781263], [151.00057772900004, -33.883943586126314], [151.0006436220001, -33.88394857012629], [151.00106976100005, -33.88398088512629], [151.00115413900005, -33.88398727612629], [151.00120128100002, -33.88399085312627], [151.00118564800005, -33.88407222812629], [151.00115106400006, -33.88410140612628], [151.00110607500005, -33.88413935912629], [151.00103839700012, -33.8844921011263], [151.0010657370001, -33.88452358212631], [151.00103156300008, -33.88470210112628], [151.00100339200003, -33.884698335126245], [151.000982291, -33.88469551112627], [151.0008796180001, -33.884681778126264], [151.0007898880001, -33.884669784126295], [151.000513457, -33.88463281712627], [151.00050947700004, -33.88463238712627], [151.0005054610001, -33.88463216212626], [151.00050144500005, -33.884632145126275], [151.00049742900012, -33.88463233312628], [151.0004934310001, -33.88463271012627], [151.00048947800008, -33.884633302126254], [151.00048557000002, -33.88463409012626], [151.0004817240001, -33.8846350761263], [151.00047795900002, -33.88463625012629], [151.00047429300002, -33.88463763212628], [151.00047073500002, -33.884639172126306], [151.00046728400002, -33.88464091112626], [151.0004639760001, -33.8846428121263], [151.00046081000005, -33.88464488312627], [151.00045780800008, -33.8846471061263], [151.0004549670001, -33.8846494821263], [151.00045230500007, -33.88465199112625], [151.0004498390001, -33.88465464412627], [151.00044756300008, -33.88465740512631], [151.00044549100005, -33.88466028212629], [151.00044364500002, -33.8846632581263], [151.0004420140001, -33.884666324126286], [151.0004406060001, -33.88466947112632], [151.00043943200012, -33.88467267112629], [151.0004385000001, -33.88467593412628], [151.0004378010001, -33.88467923312629], [151.00043735300005, -33.8846825761263], [151.00043714600008, -33.8846859461263], [151.00041548100012, -33.88517136412628], [151.0003686880001, -33.88621856412628], [151.00036862500008, -33.88622050812625], [151.00036865200002, -33.88622245312625], [151.00036876000001, -33.88622439912625], [151.00036895800008, -33.88622633512624], [151.0003692260001, -33.88622826212627], [151.00036958500004, -33.886230189126245], [151.00037002400006, -33.88623209912629], [151.00037054400002, -33.886233990126286], [151.00037114500003, -33.88623587312627], [151.0003718260001, -33.88623772712628], [151.0003725790001, -33.88623956612626], [151.00037341300003, -33.88624137612628], [151.00037432700003, -33.88624317012624], [151.00037532200008, -33.886244926126246], [151.00037637900004, -33.88624665612628], [151.00037751800005, -33.88624835912626], [151.0003787280001, -33.88625001812623], [151.00038001000007, -33.88625164112623], [151.00038135500006, -33.88625322712624], [151.0003827700001, -33.886254778126265], [151.00038425000002, -33.88625628412624], [151.0003857910001, -33.886257736126254], [151.00038738800004, -33.88625915212628], [151.00038905500003, -33.88626051512624], [151.00039077500003, -33.8862618231263], [151.00039255000002, -33.886263088126256], [151.0003943790001, -33.88626428812625], [151.0003962520001, -33.88626544512628], [151.00039818000005, -33.886266538126264], [151.0004001520001, -33.88626757812623], [151.00040216000002, -33.88626855512625], [151.00040422200004, -33.88626947012622], [151.00040631000002, -33.88627033012623], [151.00040843400006, -33.88627111812627], [151.00041059500006, -33.886271854126264], [151.00041279100003, -33.886272517126244], [151.00041500600003, -33.886273118126255], [151.0004172470001, -33.88627365512626], [151.0004195150001, -33.886274121126284], [151.00042179100012, -33.886274517126246], [151.00042408700006, -33.88627484812627]]]}, "properties": {"OBJECTID": 275746, "LABEL": "Chester Hill Shopping Centre", "LAY_CLASS": "Town Centre", "LGA_NAME": "SEPP"}}, {"type": "Feature", "geometry": {"type": "Polygon", "coordinates": [[[151.0842194940002, -33.77141277812768], [151.0842507230002, -33.77160477512762], [151.08425085500005, -33.77160557912771], [151.08425299900023, -33.77161875512763], [151.08425322500023, -33.77162015012766], [151.08424552300016, -33.77161766412763], [151.08398496000018, -33.77153354012768], [151.08387855800004, -33.7715581021277], [151.08387351000022, -33.77157081212766], [151.08381114500003, -33.7717278351277], [151.08380601200008, -33.77174076112771], [151.08345441000017, -33.77163650012767], [151.08344912100017, -33.77164924512766], [151.08341321900002, -33.77173573912761], [151.08340787800023, -33.7717486041277], [151.08344841800022, -33.77176128912772], [151.0834488160002, -33.77176141312769], [151.08344315700003, -33.77177403912769], [151.08342393200007, -33.7718169271277], [151.08341914900018, -33.7718277201277], [151.08341348900024, -33.77184049312767], [151.08338889200002, -33.77183322412769], [151.08338366100008, -33.77184598612768], [151.08337993700013, -33.77185507612767], [151.08337465700004, -33.77186796012768], [151.08336927200003, -33.77188067612764], [151.08335591800017, -33.77191221212768], [151.08335048100014, -33.771925051127646], [151.08334510100008, -33.77193776712766], [151.08333151500017, -33.77196987612763], [151.0833260820002, -33.77198271612763], [151.08327836500007, -33.772094721127694], [151.08324954700015, -33.77208609812765], [151.08322936000002, -33.7721303611277], [151.08321081300016, -33.77217183012767], [151.08319279600016, -33.772211585127636], [151.08317801500004, -33.77224420812768], [151.08317224200005, -33.77225695112768], [151.08317279500022, -33.77225711212768], [151.0832058120002, -33.772266722127696], [151.08319376500015, -33.77229767512767], [151.0831887710001, -33.772310503127684], [151.0832272990001, -33.772303671127645], [151.0834420020002, -33.772265632127684], [151.083499597, -33.772255427127654], [151.0836877590002, -33.77222209912765], [151.08433258300022, -33.77210771912768], [151.08434285600015, -33.772105780127596], [151.08434545600016, -33.77210528912769], [151.08431680000012, -33.77213321812768], [151.08412391900004, -33.772321186127655], [151.0841157660002, -33.772329132127695], [151.08411005100015, -33.77233470212764], [151.08411005200003, -33.772335371127596], [151.08411017900016, -33.77233561912771], [151.08411019400023, -33.77233598312766], [151.08411044600007, -33.7723419461277], [151.084110559, -33.772344621127665], [151.08412069500014, -33.77258364012772], [151.0841259570002, -33.772707680127645], [151.0841260100001, -33.77270893312769], [151.0842301250001, -33.772987390127625], [151.08438070800003, -33.773189400127634], [151.0843857330002, -33.77319614112768], [151.08438595500002, -33.77319643912759], [151.08437554700004, -33.773202188127605], [151.0842831540001, -33.77325322412768], [151.0840400530002, -33.7733875061276], [151.08384365300014, -33.77338547112769], [151.0838285750001, -33.77338591412765], [151.08381272700024, -33.773386379127686], [151.08381219800003, -33.773386395127694], [151.08374477200005, -33.77345394212759], [151.08372794200022, -33.77347080212766], [151.08372320200021, -33.77347555012758], [151.08372259400016, -33.773476160127665], [151.08372262500006, -33.773483614127635], [151.083723608, -33.7737226941276], [151.08372366100014, -33.773735569127645], [151.0837184400001, -33.773735573127595], [151.0835177050002, -33.77373570912769], [151.0833034650002, -33.77373585412764], [151.08327553300012, -33.77373587312767], [151.08283065900014, -33.77378551912764], [151.08281840700022, -33.773786914127655], [151.08282780500008, -33.773780789127635], [151.0828602380002, -33.77375965212766], [151.0828651710001, -33.773756437127666], [151.08286520600006, -33.773755031127656], [151.0828654090002, -33.77374684412765], [151.08286640000017, -33.773706901127674], [151.0828669110001, -33.77368632112761], [151.08286560200008, -33.773684231127646], [151.08285431600007, -33.77366619712766], [151.08282203400006, -33.773614618127645], [151.08270376600024, -33.77342565812766], [151.08266638500004, -33.773365947127594], [151.0825874850001, -33.77323987912766], [151.08257683000022, -33.77322285712765], [151.08251089700013, -33.77311752012761], [151.0824333060002, -33.7729583021276], [151.08225270800017, -33.772587695127676], [151.0822508970001, -33.772583985127646], [151.08224000600023, -33.77256162012769], [151.0822095530001, -33.772476193127716], [151.0821828510002, -33.772401289127615], [151.08192866900015, -33.77167200712768], [151.08191415600004, -33.771615668127644], [151.08185924900022, -33.7714024831277], [151.08182142300006, -33.7712556211277], [151.08180864000008, -33.77118349612772], [151.08179670100003, -33.7711112741277], [151.08178560300018, -33.77103895312763], [151.0817753760001, -33.770966542127674], [151.08176597200008, -33.77089405912762], [151.08175782900003, -33.77077669112771], [151.08175629100003, -33.77075452512765], [151.08174031700014, -33.77053894212765], [151.08172676400022, -33.770182853127686], [151.08172674500008, -33.77018234612765], [151.0817348800001, -33.76989071312768], [151.08173504700005, -33.76988475012771], [151.0817529190001, -33.76957674712772], [151.08175299900017, -33.769575377127715], [151.08175840700005, -33.76948217812773], [151.08178441300004, -33.76930126712771], [151.08178540300014, -33.76929437412772], [151.08178652200002, -33.76928658312769], [151.08178911700008, -33.76926853012773], [151.08179053100002, -33.769260912127685], [151.08184191600014, -33.76898396912773], [151.08189601300023, -33.76873806012773], [151.0818996070002, -33.768721209127726], [151.08190248500011, -33.7687077161277], [151.0819049060002, -33.76870841412765], [151.08210682800018, -33.76876997312767], [151.08210923900015, -33.768770702127746], [151.08243794800023, -33.76887012912769], [151.0824394980002, -33.768870598127734], [151.0824406710002, -33.768870952127685], [151.08253858000023, -33.768900574127734], [151.08257490000005, -33.76891155812766], [151.08288260000006, -33.76900486112773], [151.08288296500018, -33.76900497112767], [151.08287753800005, -33.76901767312766], [151.08279535200018, -33.769210032127674], [151.08271671000023, -33.76939131012764], [151.08271533000004, -33.76939455612765], [151.08271048300014, -33.76940594412771], [151.0827099490001, -33.76940740612767], [151.082895236, -33.76946150712772], [151.0831224110001, -33.769527841127704], [151.0831169830002, -33.76954054412774], [151.08310360600024, -33.76957184512767], [151.0830981280002, -33.769584663127695], [151.08304939700008, -33.76969880812768], [151.08304423100003, -33.769710908127735], [151.08304402200008, -33.76971165712771], [151.08345447300007, -33.76983172012771], [151.08364790200017, -33.76988825912767], [151.08365120700012, -33.76988921612772], [151.08365147400013, -33.769889344127726], [151.08364967300008, -33.76989349912773], [151.0836459830001, -33.76990202912772], [151.08361087100002, -33.769983181127685], [151.08358320000013, -33.770047137127634], [151.0835762480001, -33.77006320612771], [151.08350826900005, -33.7702196061277], [151.0835028140001, -33.770232432127685], [151.08393553200017, -33.77036227312773], [151.08405448500014, -33.7703979661277], [151.0840665930001, -33.77046889412772], [151.0840883100002, -33.77060192112771], [151.08411902500018, -33.770790126127686], [151.08412136300012, -33.77080445312771], [151.08412145500017, -33.77080527012767], [151.08415091500012, -33.77099211512768], [151.0841533050002, -33.771007275127666], [151.08418355000003, -33.771193495127704], [151.08418601300002, -33.77120865912764], [151.08421238000017, -33.7713693991277], [151.08421374800014, -33.771377746127705], [151.08421700100007, -33.77139757312762], [151.0842194940002, -33.77141277812768]], [[151.08218956700023, -33.77176988412769], [151.08256722900023, -33.771886158127636], [151.08256750900023, -33.771885886127606], [151.08257738300017, -33.77186344712771], [151.08264063900003, -33.77171969512767], [151.08264620800003, -33.77170703712766], [151.08264590000022, -33.77170694412767], [151.08262480400003, -33.77170052712768], [151.08240023600013, -33.77163221612767], [151.08212825300006, -33.77154947712768], [151.08212313400008, -33.77154791912767], [151.08211937800002, -33.771546780127714], [151.08212294300006, -33.771562271127664], [151.08214947800002, -33.77167754712768], [151.08214996000004, -33.77167899212764], [151.08217917600018, -33.771766684127606], [151.0821847850002, -33.771768412127685], [151.08218956700023, -33.77176988412769]], [[151.0837053250002, -33.772422602127605], [151.08384804500008, -33.77277763312768], [151.0838572250002, -33.77277436212766], [151.08405186200002, -33.772705023127585], [151.0840605640002, -33.77270192312766], [151.0840602640002, -33.77270110512766], [151.08405701300012, -33.772692205127655], [151.0839712310002, -33.77245739712763], [151.08393833000002, -33.77236734212766], [151.08381819400006, -33.77238973612763], [151.08371065900008, -33.77240977912769], [151.08370090200015, -33.772411598127675], [151.0837053250002, -33.772422602127605]], [[151.0810011750001, -33.77120275212771], [151.081070457, -33.77134498312763], [151.08107527100003, -33.77136807512767], [151.08108017500012, -33.77139115612772], [151.08108515900017, -33.77141422912767], [151.08109022300005, -33.77143728512772], [151.0810953770001, -33.77146033212768], [151.0811006120001, -33.77148336012771], [151.08110593700007, -33.771506379127686], [151.0811113420001, -33.77152938112772], [151.08111683700008, -33.77155236412768], [151.08112241300023, -33.77157533912771], [151.0811280690001, -33.771598305127675], [151.08113381400017, -33.77162124512767], [151.08113964200015, -33.771644182127716], [151.081145557, -33.771667094127615], [151.08115155500013, -33.77168999812767], [151.0811576320002, -33.77171288212771], [151.08116379900002, -33.771735749127615], [151.0811700480001, -33.771758599127686], [151.08117637600014, -33.771781440127704], [151.08117967400005, -33.771793169127704], [151.08118279300004, -33.77180426112762], [151.08118885300019, -33.77182526412769], [151.08119175700006, -33.771835185127706], [151.08119499400004, -33.771846248127645], [151.08120121600007, -33.77186726812767], [151.081204199, -33.771877233127604], [151.08120750800003, -33.77188828112763], [151.0812140510002, -33.771909822127654], [151.08121728200013, -33.77192033912764], [151.08122066700014, -33.77193135412766], [151.0812270770001, -33.77195192512767], [151.08123008700022, -33.771961494127645], [151.08123354800023, -33.77197248912767], [151.08124027100018, -33.771993608127666], [151.08124352900006, -33.77200371112768], [151.0812470750002, -33.77201470912762], [151.08125783000014, -33.772051390127665], [151.08126103200004, -33.772062307127655], [151.08127518600008, -33.77210639212767], [151.08128692800005, -33.77214267512765], [151.08129047800014, -33.77215365012768], [151.0813063710001, -33.772202908127646], [151.08131423400016, -33.77222751112765], [151.08131774700018, -33.772238504127685], [151.0813222380001, -33.77225270212767], [151.08133064000015, -33.77227611312771], [151.0813345810002, -33.772287097127624], [151.08133497400013, -33.7722881991276], [151.08133930300005, -33.7723003541277], [151.0813394060001, -33.77230064312764], [151.0813406860002, -33.7723042341277], [151.0813423000002, -33.77230876312762], [151.08134734200007, -33.77232339712769], [151.08135109300008, -33.77233428312768], [151.08135630100003, -33.77234944112769], [151.081365193, -33.772374019127696], [151.08136913700002, -33.77238492212762], [151.0814214100002, -33.772521428127604], [151.08142553900007, -33.77253220812764], [151.081429941, -33.772546561127676], [151.08143330200005, -33.77255751412768], [151.08143554200024, -33.77256421812762], [151.08143854500008, -33.77257319112766], [151.08144220200006, -33.77258411912764], [151.08154406000017, -33.772832837127616], [151.0815484530001, -33.77284356312764], [151.08156719300007, -33.77288269712765], [151.0815722340002, -33.77289322312764], [151.08159220000005, -33.7729358411277], [151.0815971630002, -33.77294643412761], [151.08166095900015, -33.77308332212763], [151.0816621790001, -33.773085822127705], [151.08166747600012, -33.77309666112761], [151.08169142300005, -33.77314219212763], [151.0816970840002, -33.773152955127635], [151.0817602520001, -33.773272590127696], [151.08176579400003, -33.77328308612762], [151.08178817600015, -33.77332547112761], [151.08179380600006, -33.77333613312769], [151.0818143160002, -33.77336937212771], [151.0818206890001, -33.773379698127684], [151.08184575300004, -33.77342109312761], [151.08185205400002, -33.77343150212771], [151.08187772700012, -33.773479880127674], [151.08190081600003, -33.77351628612767], [151.08190737900009, -33.773526636127635], [151.08192997300023, -33.77355893012768], [151.08193709400018, -33.773569108127596], [151.08196060800003, -33.7736073161277], [151.0819669980002, -33.77361770212761], [151.08198800700006, -33.77365101712767], [151.08199450900008, -33.7736613291277], [151.08201424400022, -33.773692623127694], [151.08202072000017, -33.773702894127595], [151.08204169300006, -33.77373614312765], [151.08204821200013, -33.773746478127606], [151.08207026200023, -33.773781606127606], [151.082076808, -33.77379203412758], [151.08208930700005, -33.77382531912766], [151.0820934090001, -33.77383624312759], [151.08209349000015, -33.773837494127605], [151.08209652200003, -33.7738836171276], [151.08209660900013, -33.773884944127616], [151.08209128600015, -33.77389640312768], [151.0820769510001, -33.77392725512768], [151.08205414700024, -33.773953465127626], [151.08213041700014, -33.77401186312765], [151.08217747800018, -33.77404712712766], [151.0822650780001, -33.77411164212763], [151.08227749300022, -33.7741208401276], [151.0823216130001, -33.774116427127645], [151.08232283200016, -33.77411630512759], [151.08235080300005, -33.7741070431276], [151.08251468000003, -33.77405291112765], [151.08251522500018, -33.77405373512763], [151.0825179870002, -33.774057910127645], [151.08251998700018, -33.7740609301276], [151.08252281900002, -33.774065210127645], [151.08253950400012, -33.77409117312762], [151.08254472700014, -33.77409930012767], [151.0825343570001, -33.77410398312762], [151.0825156520001, -33.774112428127594], [151.08251075400005, -33.77411463912763], [151.08250508000015, -33.77411720112766], [151.08251031400005, -33.77412528412762], [151.08272641700023, -33.77445896212767], [151.08274869000002, -33.77444889412768], [151.0827561440001, -33.77444552512766], [151.08276504700007, -33.774459274127615], [151.08276528600015, -33.774459643127635], [151.08282140100005, -33.774434292127594], [151.08284016800008, -33.77446327112758], [151.08267393200003, -33.77449973712767], [151.08266210200009, -33.77450235612767], [151.0821510190002, -33.77461123212767], [151.0820903460001, -33.77462412112767], [151.08208168400006, -33.774625961127654], [151.08200819600006, -33.774641514127616], [151.0819399090002, -33.77465621412759], [151.08193786200002, -33.77465664912757], [151.0819292330002, -33.77465848312757], [151.081868019, -33.77467149812768], [151.0816572660001, -33.77471643412766], [151.08149082900013, -33.774751898127654], [151.08148212800006, -33.774753751127626], [151.08128319600007, -33.77479896612769], [151.0812745500001, -33.774800955127624], [151.08127409700012, -33.7747994781276], [151.0812711650001, -33.77478990912762], [151.0811563410001, -33.774415163127586], [151.08114205200013, -33.77439064712765], [151.0811124710001, -33.774375919127664], [151.08108194900024, -33.77437301512768], [151.08093914300014, -33.77440278412765], [151.08093036800005, -33.77440461312763], [151.08092715600014, -33.77439351412757], [151.08087825200016, -33.7742268391277], [151.08087486500017, -33.77421580412764], [151.08082360800006, -33.77404878612767], [151.08074368400003, -33.77378834912762], [151.08054280400006, -33.77383135612766], [151.0805341240001, -33.77383321412768], [151.08042762500008, -33.7738557311276], [151.08033233800006, -33.77387621712758], [151.08032363300003, -33.77387808712759], [151.08012068400012, -33.77392138612761], [151.0801120240002, -33.773923234127686], [151.07991051500005, -33.77396604112768], [151.07990189800023, -33.77396785112766], [151.07986537600004, -33.77384821712761], [151.07982901900016, -33.77372912212759], [151.0797923560002, -33.77360907712765], [151.07971945100007, -33.773370341127674], [151.07968177600014, -33.773247104127584], [151.07967840800018, -33.773236065127705], [151.0795755790001, -33.772899032127604], [151.07951004400013, -33.77268368312763], [151.07946911600004, -33.77254919412768], [151.0794316450001, -33.77242606912766], [151.07942830100012, -33.772415076127615], [151.07943698400004, -33.77241325312764], [151.07949526100003, -33.7724010121277], [151.07950863200017, -33.77239820312762], [151.07952140200018, -33.77239552112767], [151.07952087900003, -33.77239458212761], [151.0795172610001, -33.7723895151277], [151.07951381600003, -33.772385338127656], [151.07951325400018, -33.77238465712769], [151.0795088750001, -33.77238002712766], [151.07950414300024, -33.772375647127646], [151.07949907800003, -33.77237153412766], [151.07949370100005, -33.772367707127586], [151.07948803600004, -33.77236418212764], [151.07948210700022, -33.7723609741277], [151.07947594000007, -33.7723580961276], [151.07947227400018, -33.77235668312766], [151.07951368500017, -33.77234782312767], [151.07952220800007, -33.77234600012768], [151.0795188300001, -33.772334968127666], [151.0794774100001, -33.77219968012762], [151.0793721560001, -33.7718559011277], [151.07925634800006, -33.77147764612773], [151.07925335200002, -33.77146786012771], [151.0792529920002, -33.77146668712765], [151.07926168500023, -33.771464830127684], [151.07937917800007, -33.77143974112767], [151.07946458800006, -33.771421499127655], [151.0794732830002, -33.77141963812766], [151.0796743000002, -33.77137658112769], [151.07968299000004, -33.7713747271277], [151.08002502400007, -33.771301740127676], [151.08013398000003, -33.77127849612765], [151.08017444500013, -33.771269865127636], [151.08020092400022, -33.77128470912773], [151.08021142200005, -33.771318988127696], [151.08021180100002, -33.77132022412764], [151.08022091500004, -33.771319740127694], [151.08043242300016, -33.77130920012768], [151.0804320430001, -33.77130796212772], [151.0804300980002, -33.771300198127676], [151.08042897700022, -33.77129232012772], [151.08042873600004, -33.77128564012771], [151.0804287110002, -33.77128493712764], [151.08042869100018, -33.771284387127714], [151.08042914200007, -33.7712777241277], [151.08042922800007, -33.771276471127635], [151.080430599, -33.771268619127625], [151.08043226000018, -33.771262756127676], [151.08043278700018, -33.771260892127714], [151.0804357720001, -33.77125336312771], [151.0804375340001, -33.771249958127676], [151.08043954500022, -33.77124607412772], [151.08044405400005, -33.77123909212771], [151.08044929000005, -33.771232467127675], [151.0804551880001, -33.7712262461277], [151.0804617220001, -33.771220482127724], [151.08046883100008, -33.77121522012766], [151.08047646700004, -33.77121049612771], [151.08048457200005, -33.771206354127635], [151.0804930690001, -33.77120281412773], [151.08050191700022, -33.77119991012762], [151.0805110240001, -33.771197660127726], [151.08061356300004, -33.77117606612767], [151.0806977620001, -33.7711596711277], [151.0808834510001, -33.77114963012765], [151.0810011750001, -33.77120275212771]], [[151.08042281000007, -33.77102682812768], [151.08042133900005, -33.7710268861277], [151.08041210700003, -33.77102650212765], [151.0804029640001, -33.77102535412768], [151.0803939990002, -33.77102346312769], [151.08038530500016, -33.771020836127725], [151.0803769590002, -33.77101752012773], [151.08036904400012, -33.77101352212764], [151.0803616390001, -33.77100890612763], [151.08035481800005, -33.771003689127674], [151.08035118700013, -33.771000309127736], [151.08034864200022, -33.770997942127636], [151.08034317400006, -33.77099172212764], [151.08033846700016, -33.77098507912768], [151.08033430800003, -33.770978078127655], [151.08032702000003, -33.77095433312764], [151.08026209100024, -33.77074288012768], [151.08024501500006, -33.77068727112767], [151.08022289400014, -33.77061523612764], [151.0802195330001, -33.77060428912763], [151.08022823000022, -33.770602420127666], [151.08042219300012, -33.77056072012767], [151.0804304290001, -33.77055894912769], [151.08043035100013, -33.77055866812773], [151.08042855600002, -33.770552172127694], [151.08042734200012, -33.77054787412768], [151.08041288700008, -33.770496688127714], [151.08040937200008, -33.770484244127665], [151.0804108210001, -33.77048418412768], [151.08041821700022, -33.77048388112765], [151.08059240700004, -33.770476738127684], [151.08085957200024, -33.77046578212766], [151.08086355900014, -33.77046561812763], [151.0808653260001, -33.77046554512773], [151.08087117800005, -33.77053913912766], [151.0808756460001, -33.77059532912762], [151.0808766560002, -33.770608036127676], [151.08088221800017, -33.77067874312772], [151.08088320000002, -33.77069124012765], [151.08089335600016, -33.77081928112768], [151.0808934150001, -33.77082002212762], [151.08089541800018, -33.77084529512769], [151.08089133900012, -33.77087157812765], [151.08088646500005, -33.77088438312763], [151.08088174700003, -33.77089677512771], [151.08088126600023, -33.7708971851277], [151.0808418480002, -33.77093081112765], [151.08079317500017, -33.77094893612765], [151.08062846400014, -33.770984196127706], [151.08055403300023, -33.7710001291277], [151.08045739300007, -33.77102091712766], [151.08045697100022, -33.7710210431277], [151.08044868800016, -33.77102351712768], [151.0804471450001, -33.77102383912762], [151.0804397070002, -33.77102539012765], [151.08043058200008, -33.771026520127705], [151.08042840300016, -33.77102660612769], [151.08042281000007, -33.77102682812768]]]}, "properties": {"OBJECTID": 275749, "LABEL": "Epping station and town centre", "LAY_CLASS": "Town Centre", "LGA_NAME": "SEPP"}}, {"type": "Feature", "geometry": {"type": "Polygon", "coordinates": [[[151.240484314, -33.82304098912708], [151.24068001600006, -33.82307011312705], [151.24068615700003, -33.82304408212705], [151.24082368100005, -33.82319106412704], [151.24068368200005, -33.823281556127064], [151.24081667200005, -33.82342039012706], [151.24108355600004, -33.82369792412705], [151.2412012970001, -33.82362156812704], [151.24130156, -33.823556481127056], [151.2413537220001, -33.823522633127055], [151.241786412, -33.823241747127014], [151.241928238, -33.82314968212703], [151.2420281530001, -33.82308482112705], [151.24217801300006, -33.82298753712705], [151.24223877200006, -33.823035530127044], [151.24250836300007, -33.823254468127026], [151.24250736800002, -33.82328420012707], [151.24236460800012, -33.82338789512701], [151.24236977100009, -33.82339084512704], [151.24216103600008, -33.823527545127064], [151.24195289300008, -33.82366230112702], [151.24184883500004, -33.82372966212702], [151.24174477500003, -33.82379702912706], [151.24163568300003, -33.823859992127005], [151.24153276000004, -33.82392648712705], [151.24149083300006, -33.82395353812703], [151.24145420700006, -33.82397716912706], [151.24141854800007, -33.82400018812703], [151.24138019200007, -33.824024938127046], [151.2413370280001, -33.82405279712705], [151.2412944790001, -33.82408025512702], [151.24124929900006, -33.82410940512701], [151.24120126200012, -33.824140404127064], [151.24115686400012, -33.82416906112704], [151.2411108870001, -33.824198741127056], [151.2410657360001, -33.82422786612701], [151.24101742900007, -33.82425903312704], [151.24097124600007, -33.82428884712706], [151.2409268030001, -33.82431750512701], [151.2408793300001, -33.82434815312701], [151.2408114320001, -33.82436742012705], [151.24080866600002, -33.82436820512705], [151.2407498450001, -33.824384914127016], [151.24061974200004, -33.824394981127014], [151.2405077190001, -33.824386716127066], [151.2404437350001, -33.824381929127036], [151.2403314510001, -33.824374363127006], [151.2403185070001, -33.82437349412705], [151.24028350300011, -33.82462045212704], [151.2404274280001, -33.82463443512701], [151.24058926400005, -33.82466279712704], [151.24060774800012, -33.824650652127], [151.24066491100007, -33.82465680012702], [151.2407244950001, -33.824663013127015], [151.24077737400012, -33.824668436127034], [151.24083051200012, -33.824673778127035], [151.24088551500006, -33.82467977512705], [151.24094064200006, -33.82468594212704], [151.24099768100007, -33.82469151812701], [151.24103872800004, -33.82469575812703], [151.24105910200012, -33.82470469512704], [151.24107210900002, -33.82472000612699], [151.24107432300002, -33.824738927127], [151.2412638300001, -33.82485583612704], [151.24131866300002, -33.824829698127026], [151.24147437700003, -33.82490066612703], [151.24154495900007, -33.82493282812703], [151.2415616500001, -33.82494012512701], [151.2416511460001, -33.824980821126985], [151.241696745, -33.82500154612701], [151.24174779200007, -33.825024768127044], [151.24179286700007, -33.825045255127016], [151.2418385090001, -33.82506602012701], [151.24188399500008, -33.825086704127], [151.24192995300007, -33.825107671127014], [151.24203027800002, -33.82515362012703], [151.24216820700008, -33.82521601012702], [151.24237736300006, -33.82531117112701], [151.242493501, -33.82536420212699], [151.2422873380001, -33.82568148212703], [151.24208132800004, -33.825998619127], [151.24196589000007, -33.82594671712701], [151.2418523880001, -33.82589569412698], [151.24176723000005, -33.825857427127], [151.24165100300002, -33.82580516812702], [151.24161707300004, -33.825789919127025], [151.24156260000007, -33.825765519127], [151.24108992100003, -33.82570020812699], [151.24087105600006, -33.82566352712702], [151.24087304600005, -33.825654097127035], [151.24089137600004, -33.825572856126996], [151.24091970400002, -33.825445971127024], [151.24093044100005, -33.825397217127026], [151.24094778900007, -33.825318629127025], [151.24048082700006, -33.825254699127015], [151.2404659020001, -33.825335903127], [151.24045634700008, -33.825386405127], [151.24043296800005, -33.82551347912703], [151.24041808800007, -33.825596459126984], [151.24041596300003, -33.82560556612703], [151.2403995420001, -33.82569518812699], [151.24023206800007, -33.82567429312703], [151.23957105600005, -33.825590435127026], [151.23916554200002, -33.82552675512699], [151.23883705700007, -33.825484615127046], [151.23873604200003, -33.825471654127], [151.23863578100008, -33.825458790127016], [151.23865267700012, -33.82536793112701], [151.2386693510001, -33.825278309127], [151.238686023, -33.82518867812703], [151.23870269600002, -33.825099047127026], [151.23871936900002, -33.82500941712704], [151.2383930620001, -33.824964946127025], [151.23841056100002, -33.82487297612705], [151.2384380620001, -33.82472843212703], [151.23847772600004, -33.824519948127055], [151.238511764, -33.82449261612706], [151.23878082600004, -33.82449803012703], [151.23880959200005, -33.82452430412703], [151.23897878700006, -33.82453007712703], [151.2390132710001, -33.82450759512701], [151.23904487800007, -33.82450669012702], [151.23909734300003, -33.82450517512701], [151.23914927300007, -33.824510151127036], [151.2392048580001, -33.82451546512706], [151.23925871400002, -33.824520629127], [151.23931698900003, -33.824526204127054], [151.23939403400004, -33.82453358212702], [151.23947410100004, -33.82454125512705], [151.23960353100006, -33.824553642127015], [151.239635936, -33.824557184127016], [151.23979937700005, -33.82457438612706], [151.23983335000003, -33.82457749612703], [151.23986973500007, -33.824580983127035], [151.2399235900001, -33.82458615512702], [151.23997987400003, -33.82459154912705], [151.24003766600003, -33.82459708212702], [151.2400967650001, -33.82460274812702], [151.2401851410001, -33.824610995126996], [151.240220173, -33.824366870127015], [151.24018380600012, -33.82436442212704], [151.2401605350001, -33.824333936127026], [151.23994592000008, -33.82431892212704], [151.23990425500006, -33.824347041127034], [151.2398683360001, -33.82434317912705], [151.23973414500006, -33.82432872812703], [151.23968653800011, -33.82432361812706], [151.2396786590001, -33.82432276712702], [151.23963072800007, -33.82431764812705], [151.23951009900009, -33.82430513512705], [151.2391546230001, -33.82426677812705], [151.23902290800004, -33.82426613312703], [151.23910344900003, -33.82387179812703], [151.23911715500003, -33.823805052127014], [151.23932426800002, -33.82382586612707], [151.2393370410001, -33.82382800912703], [151.2393496090001, -33.82383088612701], [151.23936192500003, -33.82383444512706], [151.23937391900006, -33.82383869412703], [151.23938554500012, -33.823843597127016], [151.23939491300007, -33.82384822312704], [151.239403895, -33.82385335012705], [151.23941242700005, -33.82385897912705], [151.2394204960001, -33.823865075127024], [151.2394280530001, -33.823871610127036], [151.23943505300008, -33.82387856612704], [151.23947578600007, -33.82391744312705], [151.23948394400009, -33.82392610212703], [151.2394926830001, -33.823934349127036], [151.23950198700004, -33.82394215612707], [151.23951182100006, -33.823949498127064], [151.23952215500003, -33.82395635512703], [151.23953294900002, -33.82396268412704], [151.23954634100005, -33.82396975612702], [151.23956020000003, -33.823976139127026], [151.23957412000004, -33.82398207312704], [151.23958049400005, -33.82395134412704], [151.24001154500002, -33.82399273112705], [151.24022450300004, -33.82401185112703], [151.24043853500007, -33.82298239212706], [151.2404749650001, -33.82298710712705], [151.24047067000004, -33.823008029127074], [151.24049195100008, -33.82301097812705], [151.240484314, -33.82304098912708]], [[151.24261060600008, -33.82385020412701], [151.24254505200008, -33.824173328127046], [151.24241135500006, -33.82415435112702], [151.2423463030001, -33.82414514512706], [151.24206707100006, -33.82410568112705], [151.24184706300002, -33.82425694412702], [151.2418014540001, -33.82447049312704], [151.24181693600008, -33.82448818812704], [151.24198000800004, -33.824536513127], [151.24216571500006, -33.824591551127035], [151.24240613900008, -33.82466280612706], [151.24247689900005, -33.82468464312702], [151.24265214500008, -33.82473828312706], [151.2427766730001, -33.82477595912703], [151.24298828500002, -33.82483902912703], [151.24302709900007, -33.82481859112701], [151.24299811000003, -33.82494679412701], [151.2429727320001, -33.824910659127], [151.24289208300002, -33.82488682512703], [151.24266802900001, -33.82523574812701], [151.24254049, -33.825177688127], [151.24242484500007, -33.82512496212703], [151.24234120300002, -33.82508688212705], [151.242313039, -33.825074062126994], [151.2421972310001, -33.82502134812701], [151.24208161500007, -33.82496870212704], [151.24196631100006, -33.82491620912704], [151.2418971080001, -33.82488471912702], [151.24184699900002, -33.82486188712699], [151.24181463900004, -33.824847231127045], [151.24178161700002, -33.824832197127044], [151.24174397800004, -33.82481505912701], [151.24169314300002, -33.824791915127044], [151.24164386000007, -33.824769479126985], [151.24158287700004, -33.824738310127046], [151.2414715980001, -33.82468855112702], [151.24141401200006, -33.82466277912705], [151.241352978, -33.824635475127046], [151.24130882000009, -33.824615728127036], [151.24126358, -33.824595487127006], [151.24121886800003, -33.82457548812706], [151.24117585700003, -33.824556252127046], [151.24117245200011, -33.82452412412706], [151.2411843010001, -33.82449214112701], [151.24128978200008, -33.824386680127034], [151.24134247200004, -33.82434601912702], [151.24139637100006, -33.82430460612701], [151.24147518400002, -33.824253564127005], [151.24152262000007, -33.82422298912703], [151.2415653070001, -33.82421449112703], [151.24182537900003, -33.82407152512703], [151.24196673200004, -33.82397911512706], [151.24210562100006, -33.82388930512705], [151.24212858600004, -33.823874478127074], [151.24221228200008, -33.82379461812703], [151.24247992000005, -33.82383188212704], [151.24261060600008, -33.82385020412701]], [[151.24338629500005, -33.82582653712699], [151.2430523050001, -33.826053809127025], [151.2430321370001, -33.82599136712701], [151.24302856100007, -33.82596953112698], [151.24277526600008, -33.82585196812703], [151.24274953000008, -33.82589075512703], [151.24269032300003, -33.82586396212702], [151.24263058700012, -33.825836208126994], [151.24252112800002, -33.825787176126994], [151.24272583000004, -33.825470075126994], [151.24275391300012, -33.825482751127026], [151.242837064, -33.82552027412704], [151.24289689800003, -33.82554734512702], [151.24295074400004, -33.825571844127026], [151.24300383800005, -33.82559599312703], [151.24305056700007, -33.82561721912703], [151.24310479000007, -33.82564206712704], [151.2431575160001, -33.82566558812706], [151.24316271500004, -33.82566814412699], [151.24320253200005, -33.825686251127024], [151.24324233400012, -33.82570441212706], [151.2432542570001, -33.82571087512703], [151.24333740500003, -33.82575586512701], [151.24333815800003, -33.82575634912701], [151.24333885800002, -33.825756878127045], [151.2433394940001, -33.82575746112702], [151.24334007700008, -33.825758087126985], [151.24334059700004, -33.82575875112702], [151.24334104500008, -33.825759451127], [151.24334141200006, -33.825760177126995], [151.24334171700002, -33.82576092112702], [151.24334194100004, -33.82576169212701], [151.2433420860001, -33.82576247212701], [151.24334214700002, -33.82576326012703], [151.24334341100007, -33.82577607912701], [151.24334350100003, -33.825776868127036], [151.24334351000005, -33.82577764812704], [151.243343438, -33.825778436127], [151.24334329500005, -33.82577921612699], [151.24334306200012, -33.825779978127], [151.24334275700005, -33.825780731127004], [151.24334238000006, -33.82578144812704], [151.24339065200002, -33.825824959127026], [151.24338629500005, -33.82582653712699]], [[151.24410025800012, -33.825873195127016], [151.24372214000005, -33.825995293126994], [151.24368278800011, -33.825889617127004], [151.24366829300004, -33.82585071312702], [151.24363164900012, -33.82575237812698], [151.2436232220001, -33.825729771126994], [151.24361617600005, -33.825710866127004], [151.24359307600002, -33.82564888012702], [151.24356250000005, -33.82563504012702], [151.24351178200004, -33.825612092127024], [151.2431937230001, -33.82546818412705], [151.24322879800002, -33.825454191127015], [151.24358500000005, -33.825312076127055], [151.24371516700012, -33.82526014712706], [151.2438251540001, -33.825216269127], [151.2438152210001, -33.825253380127045], [151.24414631500008, -33.82573602812705], [151.24417312600008, -33.82579259912702], [151.24420058300007, -33.82584248412701], [151.2441500980001, -33.82585806812699], [151.24410025800012, -33.825873195127016]]]}, "properties": {"OBJECTID": 275750, "LABEL": "Spit Junction town centre (Military Road and Spit Road)", "LAY_CLASS": "Town Centre", "LGA_NAME": "SEPP"}}, {"type": "Feature", "geometry": {"type": "Polygon", "coordinates": [[[151.21257241700016, -33.81103469612721], [151.2125334660002, -33.811215617127196], [151.2124505070002, -33.81159370512719], [151.2122889850001, -33.811569185127105], [151.21212559700007, -33.81154436712718], [151.21196505000023, -33.81152004112721], [151.2118740290001, -33.81150636912715], [151.21181568900022, -33.81149750012713], [151.211800766, -33.81149548012713], [151.21175575100006, -33.8114884261272], [151.2116983860002, -33.81147975012716], [151.21163898200007, -33.81147068512713], [151.2115843690001, -33.81146250012717], [151.2115314450001, -33.81145452012721], [151.2114776310001, -33.811446527127224], [151.21141290000003, -33.81143657212716], [151.2113973580001, -33.81143427212716], [151.21131505500023, -33.8114211791272], [151.21130136000022, -33.81148427012722], [151.21128757600013, -33.81154736012718], [151.21126009500006, -33.811673631127135], [151.21123261500009, -33.81179981312721], [151.21078062900006, -33.81173140812712], [151.21080660200016, -33.81160493412716], [151.21083408200013, -33.81147875312718], [151.2108478670001, -33.81141566312722], [151.2108615620001, -33.81135257112721], [151.2108776120001, -33.81127914612718], [151.21088904300007, -33.81122639012719], [151.21091671800002, -33.81109940012716], [151.21093227600022, -33.81102813212722], [151.211008826, -33.81098380312718], [151.21094930800007, -33.81079198812713], [151.21086317800018, -33.81077874812719], [151.21079853700007, -33.810768794127185], [151.21065557800011, -33.8107468841272], [151.21057894900002, -33.81073513512714], [151.2105072920001, -33.810724178127224], [151.21040615700008, -33.810708645127136], [151.21025076700005, -33.81068484212712], [151.21012112900019, -33.810664929127164], [151.2099884710002, -33.810644611127216], [151.2097529900002, -33.81060855612722], [151.20961695200015, -33.810588009127144], [151.20955097500007, -33.81057803512718], [151.20948784200004, -33.810568373127204], [151.2090885880001, -33.81050902212714], [151.20895449900013, -33.81048904412718], [151.20882476400016, -33.81046948912721], [151.20869432100005, -33.81044974312723], [151.20856388200002, -33.81042990712719], [151.20843335400002, -33.81040997912723], [151.2083027350002, -33.81039014012723], [151.20817238400014, -33.810370304127126], [151.20816270600005, -33.81036881112723], [151.20815577800022, -33.81036781012712], [151.2081489530001, -33.810366177127236], [151.20814249800014, -33.810363919127184], [151.20813641200004, -33.81036103612718], [151.20813069300016, -33.81035761812719], [151.2081254300001, -33.81035366512723], [151.20812080100006, -33.8103492701272], [151.20811680400016, -33.810344433127135], [151.20811352500016, -33.81033933712714], [151.20811087800018, -33.81033388912724], [151.2081090370001, -33.81032818212722], [151.20810800000015, -33.81032239712719], [151.20810776500002, -33.81031653412722], [151.2081082440002, -33.81031068012717], [151.20810961100017, -33.81030493012716], [151.20818571100006, -33.80995334312721], [151.20817221500022, -33.809951254127135], [151.20825403000015, -33.80957324312717], [151.20827072300006, -33.80957583012722], [151.20880705100012, -33.809657009127235], [151.2088495810001, -33.809663577127225], [151.20888280900022, -33.80950105712717], [151.20884747200023, -33.80949549512717], [151.20830350900007, -33.80941321212718], [151.2082866390001, -33.80941062312715], [151.20832173400004, -33.809248310127245], [151.20833346200016, -33.80919420612723], [151.20836424900017, -33.809059058127204], [151.20838555700016, -33.8090624331272], [151.20871980800018, -33.80911182612725], [151.20875378100004, -33.80898195312715], [151.2088475380002, -33.808996658127214], [151.20888632600008, -33.808832326127224], [151.20898409100005, -33.808847089127255], [151.20901490300014, -33.80869787512715], [151.20901807200016, -33.80868259512726], [151.20892075000006, -33.80866801812719], [151.208956187, -33.80850634012721], [151.20964482600016, -33.808608932127186], [151.20963022900003, -33.808676789127205], [151.20961544000022, -33.8087452741272], [151.20960971900013, -33.80877196712725], [151.20960064700012, -33.808814029127184], [151.2095856530001, -33.80888386212722], [151.20957471400015, -33.80893428212719], [151.20955668700003, -33.809017144127196], [151.21009198600018, -33.809096319127185], [151.21006298700001, -33.80923122312724], [151.20952974400018, -33.80915171912714], [151.2095004890001, -33.80928607812715], [151.20948561900002, -33.809354110127224], [151.2094709390002, -33.809421695127156], [151.20944120000013, -33.809557941127174], [151.20943567900008, -33.80958346512714], [151.20941174600023, -33.80969328912718], [151.2093979020001, -33.809746371127204], [151.20937937700012, -33.80982742312719], [151.2093485050002, -33.80996239012714], [151.20947805700007, -33.809982122127195], [151.20946633300002, -33.81003604612724], [151.209441652, -33.81016461212718], [151.2095718190002, -33.810184713127136], [151.20970127700002, -33.81020471412713], [151.20984636200012, -33.8102271061272], [151.2098744650002, -33.810096697127186], [151.2100908430001, -33.81013040112723], [151.21010160000003, -33.81007583212712], [151.21035512600008, -33.81011368112715], [151.21050599500006, -33.81013633612716], [151.2106333500002, -33.810154683127195], [151.21062127000005, -33.81020860212717], [151.21059120600012, -33.81034340112714], [151.21066489800012, -33.81035501812711], [151.21073832900004, -33.810366271127144], [151.210883125, -33.81038974012718], [151.21104515600018, -33.810415441127155], [151.21126001100004, -33.81044533512713], [151.2114229550001, -33.8104699661272], [151.211489195, -33.81048012312717], [151.21158358300022, -33.81049456512714], [151.21174857300002, -33.810519317127124], [151.21190947300022, -33.81054373812722], [151.21194188100003, -33.810548806127166], [151.21192908100022, -33.81060316612713], [151.21199513600004, -33.81061368112714], [151.21205817700002, -33.8106234301272], [151.21199326500016, -33.81092180912721], [151.2119878410001, -33.810947064127184], [151.21214901400003, -33.81097121912714], [151.21231187600017, -33.810995578127184], [151.2123768780002, -33.811005356127176], [151.21244116800005, -33.81101503312721], [151.21250679300022, -33.81102482012711], [151.21257241700016, -33.81103469612721]], [[151.21066221500018, -33.81103133612721], [151.2106614810001, -33.81104088212722], [151.21065968000005, -33.811050412127216], [151.2106483970001, -33.81110452212722], [151.21060114800002, -33.81132454112721], [151.2105893050002, -33.81137990512719], [151.21057738100012, -33.8114349081272], [151.2105710640002, -33.81146447812718], [151.2105262340002, -33.81167524412718], [151.21050677100015, -33.811685871127175], [151.21043555200015, -33.81167519112718], [151.21036700000002, -33.811664820127206], [151.2101457120002, -33.81163149612711], [151.21006783300004, -33.81161981612712], [151.21012308100012, -33.81136655812713], [151.21013481500006, -33.81131218312715], [151.21014684600004, -33.81125628012718], [151.2101504850001, -33.81123983412723], [151.21017018200007, -33.81114951312722], [151.2101822840002, -33.81109451212717], [151.21020630100008, -33.810984960127215], [151.2102199970002, -33.81092186812721], [151.21023300100023, -33.81086210312716], [151.2105410500002, -33.810908226127154], [151.21055232000003, -33.81091028312717], [151.21056330800013, -33.81091305712722], [151.21057410000003, -33.81091664012714], [151.2105844370002, -33.81092075712721], [151.2105865540001, -33.8109217791272], [151.21059440000022, -33.81092567912717], [151.21060390700018, -33.81093113612721], [151.21061277700016, -33.81093721612713], [151.21062110000003, -33.81094391812721], [151.21062878800012, -33.81095115212716], [151.210635754, -33.81095882612716], [151.21064200000023, -33.81096694012713], [151.21064743500006, -33.8109754051272], [151.21065206100002, -33.810984217127114], [151.21065579200013, -33.81099328712715], [151.210658716, -33.811002614127126], [151.21066083500023, -33.81101211212713], [151.21066197000005, -33.81102168512714], [151.21066221500018, -33.81103133612721]]]}, "properties": {"OBJECTID": 275751, "LABEL": "Northbridge Plaza shopping centre (Sailors Bay Road)", "LAY_CLASS": "Town Centre", "LGA_NAME": "SEPP"}}, {"type": "Feature", "geometry": {"type": "Polygon", "coordinates": [[[151.1400160190002, -33.95015368212546], [151.13998734400002, -33.95023313912548], [151.13995832800015, -33.95031335812545], [151.1399311670001, -33.95038888912544], [151.139900914, -33.95047342812545], [151.13988165800015, -33.95052679212545], [151.13986003000014, -33.950586733125405], [151.139852839, -33.950606579125456], [151.13978399500002, -33.95079663312547], [151.13972925200017, -33.95095723512541], [151.13971309900012, -33.95095473112545], [151.13966231000018, -33.950947963125465], [151.13959361900004, -33.95093895312549], [151.1394582810002, -33.95092083012542], [151.13932316800015, -33.95090299112546], [151.13919136100014, -33.950885619125444], [151.13902386000007, -33.95120117812547], [151.13917502800018, -33.95121712512542], [151.13918176900006, -33.951218102125424], [151.1393160760001, -33.95123664812545], [151.13946817700014, -33.95125757012537], [151.13961429000005, -33.95127789912547], [151.13963909400002, -33.95120905712545], [151.13972466300004, -33.950970696125445], [151.139948612, -33.950991108125486], [151.14002615800007, -33.951001406125435], [151.14011829900005, -33.951013767125374], [151.14024043200016, -33.95103065512545], [151.14024056200003, -33.95103067312543], [151.14037192700016, -33.95104852012541], [151.1405335080001, -33.95107028912547], [151.1405354310001, -33.95107055012537], [151.14063239100017, -33.951083839125424], [151.14056868500006, -33.95140926712541], [151.14047304800022, -33.951396297125406], [151.1403746330002, -33.95138296712546], [151.14032637100013, -33.95149144812544], [151.14030166600014, -33.95154927512547], [151.14027696900007, -33.95160708512546], [151.14070114600008, -33.95166456212539], [151.14063362000002, -33.95177411012539], [151.1405474400002, -33.951881078125474], [151.14048079300005, -33.95194517912544], [151.14035961800005, -33.95206494712542], [151.1402698720001, -33.95214023512543], [151.14018142300017, -33.95230737812537], [151.14018127900022, -33.9523076501254], [151.14005510200013, -33.95254606912541], [151.14004295000018, -33.95257154712546], [151.14002035800013, -33.95261891212546], [151.13986881300002, -33.95286414812541], [151.13982087400007, -33.95294101412539], [151.1397684440002, -33.95302506112542], [151.1396163610001, -33.95326888112546], [151.139573594, -33.95334087012544], [151.13943311900005, -33.95356262312537], [151.13912894400005, -33.95342807112537], [151.13908491400014, -33.953409015125374], [151.13899883200008, -33.953371447125456], [151.13895630700006, -33.953352882125465], [151.13882131800017, -33.95329513612537], [151.13873477900006, -33.9532556591254], [151.138691493, -33.953236871125334], [151.13864921800018, -33.95321853412543], [151.13864807200002, -33.95321803712541], [151.1385590320001, -33.95317941112542], [151.13829631500016, -33.95306537212537], [151.13823808600023, -33.95304012912541], [151.1382089980001, -33.95302749912545], [151.1381224060001, -33.95299002112536], [151.138077747, -33.952970560125465], [151.13803609100012, -33.95295225412545], [151.13800331000016, -33.952937635125366], [151.13797862400008, -33.95292660912545], [151.13780299200016, -33.9528510071254], [151.13776787200004, -33.952828839125424], [151.1377562260002, -33.95280708412543], [151.13776383800007, -33.95277602312543], [151.13776788000007, -33.95276790212536], [151.13777175300015, -33.952759619125416], [151.1377888610001, -33.952723007125385], [151.13781367700005, -33.95266990012546], [151.13783984300005, -33.95262035512545], [151.13786664600002, -33.95256958312538], [151.13789317900023, -33.952519359125425], [151.1379076500001, -33.95249192712545], [151.13792005200003, -33.95246841512535], [151.1379463530002, -33.95241859412542], [151.1379732810001, -33.95236750812537], [151.13799875600012, -33.952319255125396], [151.1380153670002, -33.95228780012543], [151.1381292010002, -33.95207941612543], [151.13814404500022, -33.95205078312537], [151.13817060500003, -33.951999599125415], [151.13819749800007, -33.95194777912545], [151.13822407500004, -33.951896567125424], [151.13824495200004, -33.95185632812546], [151.13825242000019, -33.95183771012543], [151.138260209, -33.95181827612541], [151.13834598500023, -33.951656906125464], [151.13837332600008, -33.951605399125384], [151.13840071100014, -33.95155390012539], [151.1384041350002, -33.951547447125364], [151.13842773700003, -33.95150304812543], [151.13844675000007, -33.9514672641254], [151.13846786000022, -33.95142753612541], [151.13848500200004, -33.951395277125386], [151.13848678000022, -33.95139193012543], [151.13848690800023, -33.95139168912548], [151.1384926830001, -33.95138081912543], [151.1385075520002, -33.95135283912548], [151.13852558000008, -33.951318929125385], [151.13854796200008, -33.95127679812546], [151.13860201500006, -33.951175066125394], [151.13863546800007, -33.951112112125415], [151.13866830400013, -33.95105032312537], [151.13869317200022, -33.95100351312542], [151.13869382400014, -33.9510022851254], [151.13869404100024, -33.95100187512546], [151.13869492100014, -33.951000223125476], [151.13871696, -33.950958756125466], [151.13874107300023, -33.95091336212543], [151.13877005300014, -33.95085881612545], [151.1388812250001, -33.95064445212539], [151.13900507100004, -33.9504119531254], [151.13903462500014, -33.950356375125466], [151.13905312700012, -33.95032137212546], [151.13905702500006, -33.95031395112539], [151.13907942800006, -33.95027183712547], [151.1390834780002, -33.95026423612545], [151.13911565000024, -33.950203774125434], [151.13913751500013, -33.9501626921255], [151.13949753400016, -33.950213150125414], [151.13951982800006, -33.95016097112546], [151.13954140300018, -33.950110342125406], [151.13956364400008, -33.95005817212546], [151.13958548000016, -33.95000695112549], [151.13960743300015, -33.9499554711254], [151.13962890100015, -33.94990511212541], [151.13965086300016, -33.9498535871254], [151.13967605200003, -33.9497945141254], [151.13972116800005, -33.949688686125455], [151.13974290400006, -33.9496377251254], [151.13976874800005, -33.94957689612546], [151.13983106600006, -33.949593820125415], [151.14019955700007, -33.94964460912547], [151.1401779900002, -33.94970448012544], [151.14016274200014, -33.94974761512544], [151.14013189700017, -33.9498322791254], [151.14010198400013, -33.94991315212547], [151.14007304900008, -33.94999241212542], [151.14004646100022, -33.95006966312542], [151.1400160190002, -33.95015368212546]], [[151.13742845000002, -33.95321018512546], [151.13739987600002, -33.953381562125415], [151.13735714200016, -33.95338046512541], [151.1373926120001, -33.95342512312545], [151.13740445300004, -33.95359661312534], [151.1374118570002, -33.953696974125414], [151.13741933400001, -33.95380478512546], [151.13742973100022, -33.95394797412536], [151.1374395030001, -33.954129199125376], [151.1374419860001, -33.95417528312544], [151.13744589600003, -33.95422406312541], [151.13744606400007, -33.95422616212538], [151.1374494270001, -33.95427328712538], [151.13745307700003, -33.95431899912535], [151.137453111, -33.95431941512539], [151.1374568220001, -33.954365480125375], [151.1374602730001, -33.954409718125426], [151.13746304300014, -33.954452494125405], [151.1374667360002, -33.95449943812542], [151.13747024000008, -33.95454197212539], [151.13747410400003, -33.95458807312542], [151.13747439100018, -33.95459157012545], [151.13747509900008, -33.95460049912537], [151.1374786670002, -33.954645076125416], [151.13748159800002, -33.95468185512544], [151.1374923640002, -33.954821882125366], [151.13749521400007, -33.95486382412544], [151.13721481100004, -33.954845143125326], [151.13715893100004, -33.95484189712544], [151.13689729100008, -33.95482919612544], [151.13679657600017, -33.95482261212544], [151.13664196000013, -33.954812505125396], [151.136275844, -33.95479109112539], [151.1361327430002, -33.95478262812542], [151.13590290700006, -33.954769128125406], [151.13579621700023, -33.954762845125394], [151.1357349220001, -33.954759169125325], [151.1355909870001, -33.95475031212544], [151.13612600200008, -33.953743210125424], [151.13615501800018, -33.95368930112541], [151.13623632200017, -33.953589523125416], [151.13624612900003, -33.95359206812545], [151.13629262600023, -33.95360095212544], [151.13633989200002, -33.953606536125456], [151.13639094100006, -33.95360780012539], [151.1364537610001, -33.9536054071254], [151.13651146200004, -33.95359742012545], [151.1365780020002, -33.95358168812543], [151.13663487700023, -33.953559638125405], [151.13667440900008, -33.95354120712541], [151.13672359400016, -33.95351332012542], [151.13677596100013, -33.953476497125344], [151.13681170200016, -33.95344529212543], [151.13682691500014, -33.95353417912542], [151.1369991250001, -33.95323417712544], [151.13719052900012, -33.95312451612543], [151.13742845000002, -33.95321018512546]], [[151.137830279, -33.955118033125345], [151.13779374900014, -33.955125357125425], [151.13779292000015, -33.95511630012543], [151.13779074700005, -33.955092612125384], [151.13778483900012, -33.95501559312543], [151.13778126900002, -33.95496892712537], [151.13777992300004, -33.95495139312542], [151.1377799170001, -33.954951322125325], [151.1377781440002, -33.9549282021254], [151.13777705100017, -33.95491394212535], [151.13777499800005, -33.95488709412535], [151.1377729740001, -33.954860086125315], [151.13777200400023, -33.95484710612542], [151.137771358, -33.954839549125424], [151.137764725, -33.95475534212539], [151.13774929600015, -33.954553975125414], [151.13774928300006, -33.95455380512545], [151.13774924400013, -33.95455330312535], [151.13774136500012, -33.954456698125405], [151.13772379700004, -33.954218713125385], [151.13771369300014, -33.954094822125334], [151.13771284700022, -33.95408256812544], [151.1377082790002, -33.954015912125385], [151.13770740500013, -33.95400443012534], [151.1376955950002, -33.95385036512541], [151.13769455500017, -33.95383701012542], [151.13769254700014, -33.953810790125395], [151.1376896170001, -33.953772468125415], [151.13768625400007, -33.95372865312544], [151.1376822740001, -33.9536768141254], [151.13768140500008, -33.95366535612545], [151.13767626900005, -33.95359834312541], [151.13767231500003, -33.95354650412537], [151.13767009300022, -33.95351753212539], [151.13766780700007, -33.95348885712544], [151.13766327200005, -33.95343275112538], [151.13766013300005, -33.95338825412534], [151.1376569150002, -33.95334348812538], [151.1376562610002, -33.95333428212542], [151.13765737200015, -33.95332007412537], [151.13765738200016, -33.95331993612536], [151.13765869000008, -33.953300067125454], [151.1376684070001, -33.95315352412537], [151.13768634300015, -33.953124542125366], [151.13769055700016, -33.95311773012544], [151.13771786200016, -33.95310222312538], [151.13775700700012, -33.95310734112536], [151.1377683820001, -33.95310933112536], [151.13784465700007, -33.953139468125364], [151.1379165840001, -33.953168107125414], [151.13795740600006, -33.95318444012544], [151.13788158000023, -33.95332595512543], [151.13786426100012, -33.95335842212535], [151.13787543900014, -33.9533713931254], [151.13791271000014, -33.9534145011254], [151.13798879000024, -33.95350227612544], [151.13802315700013, -33.9535420941254], [151.13806544800002, -33.953591037125435], [151.13812647600002, -33.9536615391254], [151.1381657190002, -33.95370690612545], [151.13819411800011, -33.95373980412542], [151.13823022500003, -33.953781549125374], [151.13826233400016, -33.95381830112542], [151.13821770100003, -33.95382090112543], [151.13835803300015, -33.95398709412541], [151.13835815900018, -33.9540253331254], [151.1383582210001, -33.95402653412538], [151.13836252400006, -33.95407045812539], [151.13836344700007, -33.95408033612541], [151.13838930800011, -33.954349265125366], [151.13839608500007, -33.95441973012544], [151.1384170880001, -33.954563522125405], [151.1382807460002, -33.95460331312539], [151.13829228200007, -33.95475623812534], [151.13829586700012, -33.954803783125385], [151.13829896900006, -33.95484490112534], [151.1383040070001, -33.95491127112541], [151.1383045450001, -33.95491896112543], [151.13830682200023, -33.954954198125385], [151.13831195800014, -33.95503351212538], [151.13819074000003, -33.95505481412539], [151.13804899900015, -33.955079721125394], [151.137834278, -33.95511733412542], [151.137830279, -33.955118033125345]], [[151.13552292500003, -33.95304225012543], [151.1354753170002, -33.95313238612539], [151.13541847500005, -33.95311211912543], [151.13527473800002, -33.95305971512546], [151.13512143600008, -33.95300388812543], [151.13512650100006, -33.95299444912536], [151.13520867300008, -33.95284246412543], [151.13515607300008, -33.95282301312541], [151.13480502400023, -33.95269233612541], [151.1346056010002, -33.9526181011254], [151.13472452000008, -33.952397125125415], [151.1348094990002, -33.95242998712537], [151.13492377100022, -33.952474179125396], [151.1349761030001, -33.952492404125415], [151.13502607600003, -33.9525108691254], [151.13507480500004, -33.95252917312544], [151.1350957400001, -33.95253676912542], [151.13512296000022, -33.95254664512546], [151.13517262100015, -33.952565075125364], [151.1352231850001, -33.95258415812545], [151.13527248000003, -33.952603063125395], [151.1353247840001, -33.95262251512545], [151.13537500000018, -33.952641179125365], [151.13547869500007, -33.95268005512538], [151.13550684200004, -33.95269264912545], [151.1355241880002, -33.952706141125425], [151.13554692900004, -33.95272506312536], [151.1355685950001, -33.95274758112545], [151.13559028800023, -33.95278181412545], [151.1356000850002, -33.952816066125436], [151.1356033840002, -33.952853929125375], [151.1356023530002, -33.95288188012537], [151.135589427, -33.95291705412536], [151.13557863500023, -33.95293690012541], [151.1355317440001, -33.953025554125375], [151.13552292500003, -33.95304225012543]], [[151.1366593140002, -33.95154787712543], [151.1364772830001, -33.95188789912547], [151.13639518100013, -33.95204130012538], [151.13625547800018, -33.95230207112538], [151.13623917200005, -33.95233186712536], [151.13625742300007, -33.952337972125434], [151.1361106290002, -33.95271355312539], [151.13608424000017, -33.95277943012544], [151.1360451920002, -33.952892961125386], [151.1360426560001, -33.95289874912545], [151.13591224700008, -33.953286504125366], [151.1358653310001, -33.95324968912543], [151.13583409000012, -33.95321921112539], [151.13582509200023, -33.95320235812541], [151.13581132200022, -33.95317657012545], [151.13580282400017, -33.95315081612542], [151.13580803300022, -33.95313175912545], [151.135904126, -33.95295265912536], [151.135957049, -33.952854019125375], [151.13604538000016, -33.95269057012537], [151.13605655000003, -33.952670365125385], [151.13608098400005, -33.95262501612544], [151.13596127000017, -33.952587161125415], [151.1358734700002, -33.952559400125466], [151.13587058200005, -33.95256515512537], [151.13586697000017, -33.95257060512536], [151.13586266700008, -33.95257569612536], [151.13585772800013, -33.95258036712541], [151.1358522060002, -33.95258457112547], [151.13584617400022, -33.95258824612542], [151.13583969200022, -33.952591348125424], [151.13583285200002, -33.95259384812547], [151.1358257180001, -33.95259571312541], [151.1358183760002, -33.95259693112544], [151.13581093500022, -33.95259747012542], [151.13580346900017, -33.95259733612536], [151.13579605600012, -33.95259652012539], [151.13578879400006, -33.95259504112547], [151.13578176700014, -33.95259291712536], [151.13577506200022, -33.95259016312539], [151.1355634590002, -33.952510609125426], [151.13544722300014, -33.95246689312541], [151.1354133650002, -33.95245703112541], [151.13538828400021, -33.95244972612542], [151.13532680900016, -33.95242669712538], [151.13513318000003, -33.95235432212543], [151.13530053700015, -33.95204825612544], [151.13532935600006, -33.95199555112541], [151.1352893500001, -33.95198064112546], [151.13523505400008, -33.95196057912537], [151.13518413900022, -33.95194178112543], [151.1351690250002, -33.95193605812537], [151.13513672800013, -33.951923827125455], [151.13508497900023, -33.951904222125414], [151.13503940600003, -33.951887030125384], [151.13499067800012, -33.95186901312546], [151.13494089200015, -33.95185035812543], [151.13489419000018, -33.95183322812542], [151.1348376620001, -33.95181268212539], [151.1349744700002, -33.95154483012542], [151.13499594900009, -33.95150278912545], [151.1350591900001, -33.951526687125444], [151.13510919100008, -33.9515455831254], [151.13511408500017, -33.95154743812547], [151.13515572300003, -33.95156324212545], [151.1352012330001, -33.95158043512546], [151.13524484400023, -33.951596946125484], [151.13530021200017, -33.95161775212543], [151.13535086000013, -33.95163660312537], [151.1353985300001, -33.95165450412547], [151.13545282400003, -33.95167517512547], [151.13550696800007, -33.95169584612544], [151.13555973000018, -33.95171566512547], [151.13561835400003, -33.95173802112543], [151.13567990100023, -33.95176140012544], [151.13573938600007, -33.951784141125444], [151.1358298030002, -33.951630307125384], [151.13585994900018, -33.95164210212549], [151.1358600770002, -33.951642152125416], [151.1359720910001, -33.95142768812544], [151.13602826800002, -33.95132016612539], [151.13592781800003, -33.95128232912547], [151.13600642300003, -33.951129304125445], [151.13589337200006, -33.951113278125476], [151.13591128000007, -33.951055594125464], [151.13600202100008, -33.950763287125454], [151.13613719800014, -33.95078244212543], [151.13626801800012, -33.95080078412547], [151.1363433790002, -33.950814982125436], [151.1367361880001, -33.9508713481254], [151.1370011570001, -33.950909368125444], [151.13697360800006, -33.950960736125445], [151.1366593140002, -33.95154787712543]], [[151.13822549300016, -33.951316894125426], [151.13818172900005, -33.95139903012545], [151.13814347100015, -33.95147063512545], [151.13810241600004, -33.95154747312538], [151.13809050400005, -33.951569768125445], [151.1380331160002, -33.95167906512544], [151.13800699600017, -33.95172885112545], [151.1379807840001, -33.95177881712543], [151.13795859000004, -33.951820777125455], [151.13792901700015, -33.95187760912542], [151.13790292300007, -33.95192733212545], [151.13787845900004, -33.95197396212543], [151.13785223900004, -33.95202392812543], [151.1378253580002, -33.95207495112541], [151.13779846600005, -33.9521263591254], [151.1377825100002, -33.95215676512546], [151.13776953900015, -33.95218149712545], [151.13774648300011, -33.95222542912543], [151.13769194700023, -33.952329115125416], [151.1376641390001, -33.95238246912547], [151.13763553600006, -33.952436989125445], [151.13759992200005, -33.95250489012537], [151.13756584100008, -33.95256985212542], [151.1375398550001, -33.952619019125414], [151.1375213440001, -33.95265466012542], [151.137482771, -33.952728147125384], [151.13747173700017, -33.952742982125415], [151.1374274640001, -33.95280684212537], [151.1373349920001, -33.95276985612545], [151.13724718100002, -33.952794569125466], [151.13721176400009, -33.95281542812543], [151.13717478700005, -33.95282484112545], [151.1371441760001, -33.95283263512546], [151.13707899000008, -33.95284923212542], [151.13701072900005, -33.9528841831254], [151.13695204300018, -33.9529249151254], [151.136941545, -33.95293365512539], [151.1369056430002, -33.95296351412539], [151.13686441800007, -33.95300990312542], [151.13683068700004, -33.95305820112537], [151.13679640900023, -33.95310731512536], [151.13676460500005, -33.95315284212542], [151.13673059600023, -33.953201544125434], [151.13669619200004, -33.953250820125454], [151.13667751100002, -33.953277619125366], [151.13666353500003, -33.9532976641254], [151.13660828200022, -33.95335084712538], [151.13659121500018, -33.953367261125386], [151.13653826400014, -33.953393866125346], [151.1364804550002, -33.95341456412542], [151.13645737500008, -33.953419709125406], [151.1364468400002, -33.953422057125415], [151.13641014100006, -33.95342552712544], [151.1363639340001, -33.953424540125425], [151.13634255400007, -33.95342407412541], [151.1362949820002, -33.95341742212543], [151.13628204700012, -33.95341343412537], [151.1362825660001, -33.95341246612536], [151.1364670370001, -33.953070553125436], [151.1364683270001, -33.95306830312541], [151.1364744140002, -33.95305757312545], [151.13647718300012, -33.95305271512542], [151.13656885900002, -33.95289114812546], [151.13659576700013, -33.95287407012537], [151.1367093780002, -33.95276420012541], [151.13675567600012, -33.95273606212541], [151.13672208800006, -33.95269830612536], [151.13686280500008, -33.95251170312538], [151.1368694360001, -33.95251441812543], [151.13696248500014, -33.9525525251254], [151.13697814400007, -33.95251896412545], [151.13702193400013, -33.952432156125475], [151.13704427300013, -33.95238786412537], [151.13739180700009, -33.95173692812542], [151.13749258000018, -33.95154811112545], [151.1375223110001, -33.951492399125456], [151.13761168300005, -33.95132298012549], [151.13769476200002, -33.9513341301254], [151.13772265700015, -33.95133786812536], [151.13774145500008, -33.951304541125445], [151.13778784300018, -33.95121658812546], [151.13784139400013, -33.95111526712542], [151.13791497900002, -33.95097621812549], [151.13798716500003, -33.95084062812547], [151.13813037500006, -33.950567450125504], [151.1382401750002, -33.95035306012543], [151.1382887950001, -33.950254241125414], [151.13836990900006, -33.9502634831254], [151.1387613840002, -33.950308078125424], [151.1387010760002, -33.95042263812542], [151.13869663800017, -33.9504310831254], [151.1386309950002, -33.95055534112548], [151.13862027400023, -33.95057612812542], [151.13860725100017, -33.950600349125466], [151.13855394100017, -33.95069982212542], [151.13850999900012, -33.95078277512545], [151.13848844900008, -33.95082327412545], [151.13846112800002, -33.950874548125434], [151.13843792000023, -33.95091812212545], [151.13841631600008, -33.95095898012538], [151.13839505400006, -33.95099857412547], [151.13837362100003, -33.951038822125476], [151.13835392800002, -33.95107579812547], [151.13832794100017, -33.95112455412547], [151.13830080800005, -33.951175514125424], [151.1382736910001, -33.951226402125464], [151.13822549300016, -33.951316894125426]]]}, "properties": {"OBJECTID": 275752, "LABEL": "Rockdale station and town centre", "LAY_CLASS": "Town Centre", "LGA_NAME": "SEPP"}}, {"type": "Feature", "geometry": {"type": "Polygon", "coordinates": [[[151.10356017700008, -33.85417206112669], [151.1036152260001, -33.85456739712667], [151.1036312450001, -33.85467493712666], [151.10364498400008, -33.85476706912668], [151.1036582170001, -33.85485583012663], [151.10367179700006, -33.85494702012662], [151.10368558300001, -33.85503952912663], [151.1036989490001, -33.85512914212663], [151.10371228700012, -33.85521861212667], [151.1037262530001, -33.855312383126645], [151.10373948400002, -33.85540109112666], [151.10375314500004, -33.85549276512664], [151.10376669800007, -33.855583704126644], [151.10377981300007, -33.85567171312667], [151.10379787500005, -33.855792924126625], [151.10386880600004, -33.85577718012664], [151.1039201630001, -33.855949426126664], [151.10399563800001, -33.85631919012664], [151.1039356880001, -33.85633215212666], [151.10395513900005, -33.856456008126614], [151.1039929310001, -33.85669927212661], [151.10402727200005, -33.8568812141266], [151.10407886000007, -33.85725514712664], [151.10413072500012, -33.85763166112661], [151.1041474970001, -33.85781161312661], [151.10404351500006, -33.85783365612661], [151.10370745500006, -33.85790489212661], [151.10336001500002, -33.85797787812662], [151.10334982900008, -33.85790882712661], [151.1033338100001, -33.85779783512663], [151.103332474, -33.85778857512661], [151.10331420600005, -33.857664173126636], [151.10330014900012, -33.857565937126594], [151.1032838980001, -33.85745697112664], [151.10326760100008, -33.85734579912662], [151.10270205500012, -33.85746807612662], [151.10266901400007, -33.8573611101266], [151.1026367620001, -33.857256446126605], [151.10260695800002, -33.85714942512665], [151.10257323400003, -33.85703999412664], [151.10254090900003, -33.85693492612661], [151.10250682000003, -33.856827233126644], [151.10247452300007, -33.85672086712663], [151.10258662600006, -33.856697202126625], [151.10272070200006, -33.85666895512665], [151.1025824310001, -33.85623787912666], [151.10251659100004, -33.85606793012666], [151.10265722700012, -33.85603817912668], [151.1026436100001, -33.85599361012666], [151.1026309350001, -33.855953057126634], [151.10261708500002, -33.85590810312667], [151.10260599600008, -33.85586495012662], [151.1025786040001, -33.85578167512662], [151.10253858800002, -33.85565563212666], [151.10250085000007, -33.85553311212668], [151.10242094500006, -33.85527640212665], [151.102370693, -33.85510446312665], [151.10250865000012, -33.85507496212663], [151.1025616070001, -33.85506324712666], [151.1029098670001, -33.854986211126665], [151.10292127900004, -33.854956370126644], [151.1029064070001, -33.85484731412668], [151.10288896300005, -33.85471888712668], [151.10287785600008, -33.85463572812663], [151.1028658360001, -33.854596332126654], [151.10284923500012, -33.854541920126664], [151.10283351200007, -33.85449126512667], [151.10281659700001, -33.85443667412664], [151.10243454300007, -33.85452177812668], [151.10236824300011, -33.85453545312667], [151.10231112700012, -33.85434469512664], [151.10225279000008, -33.85415091112668], [151.10233495400007, -33.854135198126684], [151.10267952900006, -33.854064885126654], [151.1028692420001, -33.854025622126684], [151.1028930330001, -33.85410262212665], [151.1028995590001, -33.854129765126686], [151.10291897500008, -33.85423518212666], [151.10291967500007, -33.854263867126676], [151.10292197, -33.85429310612664], [151.10292576100005, -33.85431489912666], [151.10293859700005, -33.85433898512667], [151.10295258100007, -33.85435569412667], [151.10295997600008, -33.85435184812666], [151.1029683480001, -33.85434801112664], [151.10297706100005, -33.854344623126664], [151.1029860430001, -33.85434170212663], [151.10299518700003, -33.85433922712665], [151.1030045000001, -33.854337291126676], [151.10301388400012, -33.85433582012664], [151.10302345000002, -33.854334791126675], [151.103032997, -33.85433430612663], [151.1030425250001, -33.85433435912665], [151.10305214400012, -33.85433487012663], [151.10306165400004, -33.85433591912668], [151.10307106800008, -33.854337416126654], [151.10308038000005, -33.85433945112668], [151.10308950600006, -33.854341934126694], [151.10309047400006, -33.85434231012668], [151.1030909220001, -33.85434223012668], [151.1031085620001, -33.854310139126646], [151.10311904200012, -33.854283794126665], [151.1031235150001, -33.854266547126635], [151.10313287400004, -33.854230458126665], [151.10313577800002, -33.85419579412666], [151.10313558000007, -33.85417289112665], [151.10312442000009, -33.854165594126684], [151.10310980000008, -33.85415770612667], [151.10310486000003, -33.854127067126676], [151.10307064500012, -33.854018353126655], [151.10323221300007, -33.85398445012669], [151.10363471300002, -33.853900063126666], [151.10364848000006, -33.85394549312667], [151.10366230400007, -33.853992581126626], [151.103674844, -33.85403481912668], [151.10368938300007, -33.85408308912666], [151.10370613800012, -33.85414053112669], [151.10356017700008, -33.85417206112669]]]}, "properties": {"OBJECTID": 275753, "LABEL": "Concord town centre (Majors Bay Road)", "LAY_CLASS": "Town Centre", "LGA_NAME": "SEPP"}}, {"type": "Feature", "geometry": {"type": "Polygon", "coordinates": [[[151.25164621700003, -33.89199421712621], [151.25163343400004, -33.89205642612619], [151.2515478460001, -33.89247170112619], [151.25157269400006, -33.892497150126154], [151.2517652680001, -33.89252277812615], [151.2520214210001, -33.89255362312618], [151.25194134700007, -33.892750140126196], [151.25189645500006, -33.892987444126184], [151.25189251100005, -33.89300722712614], [151.25188595800012, -33.89304155012617], [151.25187637500005, -33.89309206212621], [151.25183595800002, -33.89330844412616], [151.25181541200004, -33.89346334112618], [151.25176776900003, -33.89345625112617], [151.2517208600001, -33.89367994712617], [151.25170804300012, -33.89373226112618], [151.25166435900007, -33.893952343126166], [151.251629212, -33.89413273512616], [151.25145667300012, -33.89411223512616], [151.251329144, -33.89409290812615], [151.25118540500011, -33.89407108112618], [151.25115666700003, -33.894066725126166], [151.25104165900007, -33.894049272126146], [151.25082596900006, -33.894016652126155], [151.25057659000004, -33.89397886012615], [151.2505144470001, -33.89396944112617], [151.25055435000002, -33.89375749412615], [151.25059562100012, -33.89353410312617], [151.25061712500008, -33.89341774112616], [151.25065218300006, -33.89325446212616], [151.25050965600008, -33.893234903126164], [151.2501631440001, -33.89318734812617], [151.24972277100005, -33.89312099812618], [151.2497330440001, -33.89306772512619], [151.2497467500001, -33.89299641612618], [151.2497548890001, -33.89295412412618], [151.2497648750001, -33.892902268126164], [151.24977327400006, -33.89285864912617], [151.24979399900008, -33.89275093712617], [151.24980126900005, -33.892713182126194], [151.24980860100004, -33.89267504012618], [151.24981449000006, -33.89264961812618], [151.24982994300012, -33.89256970412619], [151.24960845300006, -33.892550432126164], [151.2494907560001, -33.89253370512617], [151.24943671200003, -33.89252610412617], [151.24938304500006, -33.89251851012617], [151.2492779600001, -33.8925032361262], [151.24906381100004, -33.89247301912617], [151.24892553300003, -33.89245335212619], [151.248877665, -33.89244654812617], [151.2488351400001, -33.89244050612617], [151.24875968000003, -33.89242977612618], [151.24874653100005, -33.892427903126176], [151.24870055400004, -33.89242137712617], [151.24852942300004, -33.89239705812619], [151.24842408000006, -33.89238207912617], [151.24839686400003, -33.8923782071262], [151.24837183600005, -33.892374773126186], [151.2483156950001, -33.89236666912617], [151.24820828000009, -33.89235139512621], [151.24820707000003, -33.892351216126166], [151.24810086500008, -33.89233612912616], [151.24804690000008, -33.89232846512621], [151.24799534900012, -33.89232113312616], [151.24788791600008, -33.892305858126214], [151.24783303900006, -33.892298060126194], [151.24777956000003, -33.89229045712615], [151.24773077700002, -33.89228351112618], [151.2474601550001, -33.8922450561262], [151.2474878810001, -33.89212336112619], [151.24753516600003, -33.891916373126186], [151.2475687540001, -33.8916907321262], [151.2476173110001, -33.89139319912622], [151.24762538800007, -33.8913384571262], [151.24793963000002, -33.89137736012621], [151.2479935660001, -33.89138405612623], [151.2481688910001, -33.89140234212623], [151.24824516600006, -33.89141029412621], [151.24832967800012, -33.89141849612619], [151.24834233600006, -33.89141972412617], [151.24847652800008, -33.89143318812618], [151.2484816000001, -33.89143373512619], [151.24852856300004, -33.89143883512621], [151.2487171030001, -33.89145928212621], [151.24873097700004, -33.8914607711262], [151.24891688200012, -33.891480805126186], [151.24893605600005, -33.891482866126225], [151.24895927300008, -33.89148533212618], [151.24915903400006, -33.89150657612621], [151.24922652500004, -33.89151508312618], [151.24932519200001, -33.89152519312618], [151.24962522500005, -33.891556272126174], [151.24988020800004, -33.89157212212619], [151.24986286900003, -33.891448660126215], [151.2498555630001, -33.89140194812618], [151.24984146200006, -33.8913117801262], [151.24983439900006, -33.891266672126186], [151.24982726400003, -33.8912210111262], [151.24982046900004, -33.89117758912622], [151.24981384500006, -33.89113522512619], [151.24983139200003, -33.89092424712623], [151.24983111900008, -33.89092353112618], [151.24999974000002, -33.89090965612621], [151.25017481600003, -33.890887649126206], [151.25053899500006, -33.89082831712617], [151.25077940900007, -33.8907891531262], [151.2511189920001, -33.89073547712622], [151.25115370100002, -33.89073172112618], [151.2511682050001, -33.89073014312622], [151.2515400200001, -33.890687376126195], [151.2516540700001, -33.89087502812622], [151.25169403100006, -33.8909745921262], [151.25172850600006, -33.89106049312618], [151.25174531400012, -33.8911023901262], [151.25176302700004, -33.891146421126216], [151.25178478200007, -33.89120120912622], [151.25182382100002, -33.89129803912622], [151.25190546300007, -33.8915006061262], [151.25196943000003, -33.891687460126185], [151.2519182110001, -33.89171790212622], [151.25186145100008, -33.8917517241262], [151.2518119240001, -33.89178138512617], [151.25170226000012, -33.8918468671262], [151.25168443100006, -33.89185751612619], [151.25167282200005, -33.891864347126194], [151.2516683030001, -33.891887303126204], [151.25165425800003, -33.89195496312622], [151.25164621700003, -33.89199421712621]]]}, "properties": {"OBJECTID": 275762, "LABEL": "Bondi Junction station and town centre", "LAY_CLASS": "Town Centre", "LGA_NAME": "SEPP"}}, {"type": "Feature", "geometry": {"type": "Polygon", "coordinates": [[[151.05371386100012, -33.95154863912543], [151.0536170140001, -33.952019849125435], [151.05361359900007, -33.95203638712544], [151.05360691300007, -33.95206910612543], [151.0535536120001, -33.95206116412547], [151.0535206070001, -33.95205648512543], [151.05311001200005, -33.95199764512544], [151.05305810100003, -33.95217392212546], [151.05302272900008, -33.952168839125456], [151.05290555200008, -33.95215196912542], [151.0528954230001, -33.95220064312546], [151.05279941900005, -33.952657789125425], [151.05272771600005, -33.95264750712547], [151.05266950500004, -33.952639054125456], [151.05270466000002, -33.952471813125456], [151.05271318500002, -33.952431231125466], [151.05272171900003, -33.95239066212545], [151.05266711900003, -33.95238278312544], [151.05261191900001, -33.95237482312543], [151.05259244, -33.95237201712544], [151.05258797600004, -33.952371506125445], [151.05256387200006, -33.95237268912543], [151.05254157900004, -33.95238048812543], [151.05253096500007, -33.95238844712545], [151.05252363300008, -33.952393961125466], [151.05251205000002, -33.95241163712542], [151.05249735000007, -33.95244723312546], [151.0524826410001, -33.95248284812547], [151.052467932, -33.952518462125425], [151.05244621100007, -33.95257107112545], [151.0524244820001, -33.952623680125456], [151.05240274400012, -33.952676290125424], [151.05238098000007, -33.952728918125466], [151.05235922400004, -33.95278157212547], [151.05233747700004, -33.95283420912541], [151.05231569500006, -33.95288685412544], [151.05229420000012, -33.95293884412543], [151.0522724440001, -33.952991462125425], [151.05225068800007, -33.95304406512543], [151.05223427600004, -33.953083703125415], [151.0522126630001, -33.953094308125415], [151.0521806270001, -33.95318252112543], [151.05214973700004, -33.95326755512543], [151.05211516100007, -33.95343547812543], [151.05210402000012, -33.95348964612544], [151.05209286100012, -33.95354382412541], [151.05208170900005, -33.95359799312541], [151.0520705570001, -33.953652153125404], [151.052059406, -33.953706350125415], [151.05204823700012, -33.953760519125424], [151.05203708600004, -33.95381467112543], [151.05202591700004, -33.953868857125435], [151.05201476600007, -33.95392303712544], [151.0520036050001, -33.953977223125456], [151.0519924350001, -33.954031394125415], [151.05198126800008, -33.95408557112541], [151.0519701170001, -33.95413975012542], [151.05195894700012, -33.95419392812546], [151.05195205400003, -33.954227390125425], [151.05194666600005, -33.9542535311254], [151.05169228600005, -33.9542145721254], [151.05140359200004, -33.954170370125446], [151.05108896600007, -33.95412214612544], [151.05110147100004, -33.95406284712544], [151.05111286400006, -33.954008705125446], [151.05112424800006, -33.953954571125394], [151.05113563200007, -33.95390044012545], [151.05114699900003, -33.953846295125395], [151.05115839300004, -33.953792153125455], [151.05109516000005, -33.9537738401254], [151.051231152, -33.95312716012543], [151.05124934900005, -33.95303835412542], [151.0512677700001, -33.95294841012545], [151.05105507300004, -33.952915888125425], [151.05086380000012, -33.95288633512543], [151.05070167700012, -33.952861486125435], [151.05053956400002, -33.95283663712542], [151.05045194100012, -33.95282319212546], [151.05040851, -33.95281652312543], [151.05037745000004, -33.95281176312541], [151.05043540200006, -33.952540826125436], [151.05027331500003, -33.95251596112545], [151.05011120200004, -33.95249108512544], [151.04994920500008, -33.95246606712546], [151.04998541100008, -33.952295321125426], [151.0501166790001, -33.95225917812544], [151.05013876700002, -33.95225311012544], [151.0501763970001, -33.95224279212546], [151.05036619100008, -33.95219028112543], [151.05051827400007, -33.95214822212543], [151.05059960300002, -33.952126001125436], [151.05135418300006, -33.95191765912543], [151.05135572400002, -33.95191723812544], [151.05149822400006, -33.95187787712544], [151.05158871700007, -33.95185283212547], [151.05162991500003, -33.95184146412546], [151.0517858170001, -33.95179846712542], [151.05187490100002, -33.95181209112545], [151.0519239780001, -33.95181960312547], [151.051951077, -33.95180390712542], [151.05196247000003, -33.95175019412543], [151.0525265020001, -33.95159429212548], [151.05265197900007, -33.951559610125436], [151.05275253700006, -33.95153181412546], [151.05376990900004, -33.9512505831255], [151.05373360900012, -33.95145254512547], [151.05371386100012, -33.95154863912543]], [[151.05258750300004, -33.948705669125516], [151.05260859400005, -33.9487084021255], [151.05260863500007, -33.94870838312544], [151.05287806500007, -33.94877421312551], [151.05319627100005, -33.94881882412547], [151.0531973410001, -33.94881897612551], [151.05318377600008, -33.948906721125475], [151.05317243700006, -33.94896082812546], [151.05316168000002, -33.949012210125495], [151.0531509330001, -33.94906360912547], [151.05314017500007, -33.94911499112551], [151.05312942900002, -33.94916638112547], [151.0531186620001, -33.94921777212546], [151.05310790500005, -33.94926913512546], [151.05309749700007, -33.94932052612547], [151.0530867230001, -33.949371899125474], [151.05308065300005, -33.9494009231255], [151.05314594800006, -33.949410874125476], [151.05314382500012, -33.94941898712545], [151.05305433600006, -33.94984630012551], [151.05300742800011, -33.9500237591255], [151.053002353, -33.950048212125466], [151.0529806610001, -33.95015290312545], [151.05296828100006, -33.950213123125465], [151.05298077800012, -33.95021492512546], [151.0529670090001, -33.950279833125464], [151.0529538410001, -33.95034474112548], [151.05294029700008, -33.95040964912549], [151.05288385900008, -33.950682952125455], [151.05286458700004, -33.95077602512548], [151.05284420300006, -33.95088631812545], [151.05286868300004, -33.95099671912549], [151.0528935310001, -33.95110881312545], [151.05286524100006, -33.951116647125474], [151.05263497400006, -33.95118044412548], [151.0524730300001, -33.95122530912549], [151.0519375230001, -33.951373860125486], [151.0517372690001, -33.95142938212545], [151.05170124200004, -33.951341545125494], [151.0516667930001, -33.95125760612546], [151.05167505800011, -33.95121794112547], [151.05168647900007, -33.95116380712543], [151.05169788000012, -33.95110978112546], [151.05170928100006, -33.95105567512546], [151.0517206840001, -33.95100156812548], [151.05173208600002, -33.950947443125465], [151.0517400110001, -33.950909858125485], [151.05178596100006, -33.95069293812547], [151.05179620500007, -33.95064435312548], [151.05180762600003, -33.95059024712546], [151.051819055, -33.950536113125445], [151.0518304750001, -33.95048220412547], [151.05184189400006, -33.95042807012549], [151.0518533070001, -33.950373919125454], [151.05186473600008, -33.950319804125456], [151.05187616500007, -33.950265670125475], [151.05188759400005, -33.95021154612549], [151.05189901500012, -33.95015741112547], [151.0519104340001, -33.95010329712545], [151.0519218720001, -33.95004916312548], [151.0519333100001, -33.94999502912548], [151.05194474000007, -33.949940895125444], [151.0519554230001, -33.94989007912544], [151.05198252200012, -33.949874401125506], [151.05203347300005, -33.949678215125466], [151.0520937660001, -33.94939508812547], [151.052154093, -33.94911188012548], [151.05218120000006, -33.9491155551255], [151.05221918000007, -33.949120719125474], [151.05225627400011, -33.948947427125475], [151.0522648870001, -33.948906865125494], [151.0522775180001, -33.94884734412546], [151.05229015700002, -33.9487878231255], [151.05230278600004, -33.94872830212547], [151.052315087, -33.9486703781255], [151.05255808100003, -33.9487018971255], [151.05258750300004, -33.948705669125516]]]}, "properties": {"OBJECTID": 275764, "LABEL": "Riverwood station and town centre", "LAY_CLASS": "Town Centre", "LGA_NAME": "SEPP"}}, {"type": "Feature", "geometry": {"type": "Polygon", "coordinates": [[[151.1878112590001, -33.79496650612742], [151.18764887400005, -33.7949846751274], [151.18756980000012, -33.795009477127394], [151.18744617100003, -33.795048141127424], [151.18722716000002, -33.79511623612737], [151.18706775500004, -33.79516627412738], [151.18704772400008, -33.79519546212741], [151.18709305100003, -33.79529701312741], [151.18723448600008, -33.795613557127396], [151.18701651000003, -33.7956747251274], [151.18677712800002, -33.795750003127395], [151.18659110400006, -33.795807943127365], [151.18641008800012, -33.79586487512737], [151.18628467400004, -33.795903601127385], [151.1862727680001, -33.795876920127384], [151.1861186440001, -33.795925592127375], [151.18607325300002, -33.79582286712738], [151.18600573100002, -33.79584459412739], [151.18595320500003, -33.79586050012737], [151.1859191530001, -33.79587045812739], [151.1857604380001, -33.79591716712739], [151.18560768400005, -33.795964236127396], [151.18566584600012, -33.79609482712741], [151.18572442900006, -33.79622659712739], [151.18575061900003, -33.79628540212738], [151.18577969700004, -33.79635083412737], [151.185837095, -33.796479700127385], [151.1858604040001, -33.79647246912739], [151.185867206, -33.79648771612735], [151.18588752800008, -33.79653345412739], [151.18599508800003, -33.79677530312736], [151.18607773700012, -33.79696106812738], [151.186160824, -33.79721472812738], [151.18619772300008, -33.79729785512735], [151.1862551050001, -33.797427531127376], [151.18631173500012, -33.79755485412733], [151.1863690680001, -33.79768263812737], [151.18616248400008, -33.79774388112739], [151.1859967250001, -33.79779508612734], [151.1857911630001, -33.79785859812734], [151.18554768100012, -33.79793372312735], [151.18542414, -33.79797211512737], [151.18548232400008, -33.79810595112737], [151.18514214000004, -33.798209495127374], [151.18478510500006, -33.798318108127376], [151.18476466700008, -33.79832438912735], [151.18473122400007, -33.79825050912734], [151.18453083100007, -33.79831373312738], [151.1845556930001, -33.79837216112737], [151.18419187200004, -33.798485720127374], [151.1841656030001, -33.79843070012739], [151.18406636500004, -33.79846115412738], [151.18405309500008, -33.798431657127374], [151.18359843300004, -33.79857444112736], [151.1832156590001, -33.798691326127376], [151.18317090300002, -33.79858815912735], [151.1831266690001, -33.79848554112737], [151.1829681600001, -33.79852648012735], [151.18260283200004, -33.79864380112736], [151.18264773500005, -33.79874841212734], [151.18227776300012, -33.79886629312735], [151.18216842900006, -33.79889822012735], [151.182083486, -33.79870331212737], [151.18197976400006, -33.79846566412739], [151.18187852200003, -33.79849825112735], [151.1817772930001, -33.79853020612734], [151.18165782100004, -33.79838455512738], [151.18158870000002, -33.79822918912737], [151.18151946600005, -33.798074811127385], [151.18146180400004, -33.79794611912735], [151.1813921360001, -33.79779128512736], [151.18122610400007, -33.79784266112734], [151.18118199800006, -33.79785625512734], [151.1811716850001, -33.79785961912736], [151.1811619130001, -33.79786263012733], [151.1811612130001, -33.79783674512738], [151.18111017500007, -33.79783698412735], [151.1811103650001, -33.79787431212737], [151.1807118900001, -33.79796715512738], [151.18065523000007, -33.797984711127356], [151.18064904200003, -33.79798669312737], [151.18060466200006, -33.79800055512737], [151.18048864700006, -33.79803679812734], [151.18038904700006, -33.798067514127354], [151.18022041900008, -33.79811948112735], [151.1801354170001, -33.79814635612736], [151.1799821080001, -33.798194040127335], [151.17983704900007, -33.79823905212738], [151.17967666000004, -33.79828888412738], [151.17957490100002, -33.79832056012738], [151.1797024440001, -33.79860643512735], [151.1797196670001, -33.79864266212735], [151.179727597, -33.79865936712735], [151.17985563900004, -33.79894687312736], [151.17992080700003, -33.799112279127385], [151.17990241400003, -33.799118589127374], [151.17960142800007, -33.79921286812737], [151.1794905060001, -33.79924819512734], [151.1791543370001, -33.799355116127344], [151.179081547, -33.79918806312736], [151.17939737300003, -33.79909121012735], [151.17939149300003, -33.79907868212734], [151.1790755840001, -33.79917526312738], [151.1788985190001, -33.798801295127355], [151.17880532100003, -33.79858859212737], [151.17881954400002, -33.79856049412735], [151.17882270300004, -33.79855431912734], [151.17876856500004, -33.79847382212734], [151.178714516, -33.798393325127336], [151.17862946000002, -33.79814954912735], [151.17856925800004, -33.797977002127375], [151.178517778, -33.79782991912738], [151.17849238300005, -33.79775904112736], [151.17843205300005, -33.79757567412738], [151.17835375700008, -33.797336594127344], [151.1783105280001, -33.79721208112734], [151.17827116600006, -33.79703957212737], [151.17823250900005, -33.79689267712739], [151.1782295590001, -33.7968931741274], [151.178226611, -33.796893582127346], [151.1782236670001, -33.79689380912739], [151.1782206370001, -33.79689394412738], [151.17821859100002, -33.79689382412741], [151.17821663600012, -33.796893615127395], [151.1782145940001, -33.79689331412741], [151.17821264200006, -33.79689292412736], [151.1782106930001, -33.79689244512736], [151.1782087460001, -33.79689187512737], [151.17820777300005, -33.79689159012738], [151.17820679900012, -33.79689130512739], [151.17820582700006, -33.79689093112734], [151.17820494600005, -33.796890467127376], [151.1782039750001, -33.79689009212735], [151.17820309600006, -33.79688953812736], [151.17820150800003, -33.79688879312741], [151.17820001400003, -33.79688787012737], [151.17819852200012, -33.79688685512737], [151.17819711700008, -33.796885844127395], [151.17819571600012, -33.7968847411274], [151.17819466700007, -33.79688382412738], [151.1781937070001, -33.7968829081274], [151.17819274800001, -33.796881903127385], [151.1781918810001, -33.79688080812739], [151.17819110300002, -33.79687971412735], [151.17819041300004, -33.79687862212736], [151.17818972100008, -33.7968776191274], [151.17818920900004, -33.79687662112738], [151.17818869500002, -33.79687562212737], [151.1781881820001, -33.79687462212736], [151.1781878480001, -33.79687353512739], [151.17818751400011, -33.796872539127406], [151.17818743600003, -33.796871997127404], [151.17816596400007, -33.796784138127364], [151.17813327600004, -33.79658251612735], [151.17813290000004, -33.796406976127386], [151.17816238900002, -33.7963686441274], [151.17819965600006, -33.796186088127364], [151.17823115700003, -33.79603184512738], [151.1782181850001, -33.79600938512741], [151.17840829700003, -33.795527602127414], [151.1784557310001, -33.79549151912742], [151.1784902500001, -33.79548057912738], [151.17858495000007, -33.795285887127406], [151.17867685400006, -33.79510963612737], [151.17889384500006, -33.79479666312738], [151.17904588800002, -33.79460236612744], [151.17921602800004, -33.79432737712738], [151.17921823300003, -33.794324163127364], [151.17922114200007, -33.79432141212743], [151.1793166640001, -33.794201291127415], [151.17974777900008, -33.79365977412744], [151.17975060100002, -33.79365684112744], [151.1797540350001, -33.7936544571274], [151.17975799200008, -33.79365271212744], [151.1799654680001, -33.79354055512745], [151.18018533100008, -33.79402974112742], [151.18019494200007, -33.794051160127424], [151.18027387300003, -33.79422677812745], [151.18042450600012, -33.79456185812738], [151.1804250020001, -33.79458891112739], [151.1807684800001, -33.79458171612741], [151.18077852400006, -33.7945826761274], [151.18094659200005, -33.794619955127416], [151.18097358500006, -33.794619632127414], [151.18097634700007, -33.79461958312742], [151.180976664, -33.794638250127434], [151.18098414700012, -33.79463818012743], [151.18098440100005, -33.794647199127375], [151.18097683000008, -33.794647268127385], [151.1809779470001, -33.79471652512739], [151.1809856970001, -33.794716459127415], [151.1809857730001, -33.794725476127375], [151.18097820200012, -33.794725545127385], [151.18097946400007, -33.79479633612744], [151.180987038, -33.794796177127395], [151.18098720400008, -33.79480519512742], [151.1809797190001, -33.79480535612741], [151.18098097300003, -33.79487659612743], [151.1809885450001, -33.794876439127385], [151.18098871000007, -33.79488554612743], [151.1809811380001, -33.79488561512737], [151.18098241000007, -33.794955956127396], [151.18098998200003, -33.79495588812738], [151.1809901470001, -33.79496490612739], [151.18098257600002, -33.79496497412742], [151.1809835250001, -33.795021155127415], [151.18100882500005, -33.795020807127386], [151.18100954500005, -33.79505832312741], [151.18111128100009, -33.79505702812742], [151.1811159980001, -33.795297095127395], [151.1811165570001, -33.79532117512739], [151.1811591930001, -33.7952971001274], [151.18120759800001, -33.795269686127405], [151.1812503220001, -33.795245612127395], [151.18130448800002, -33.79519006312737], [151.18137761600008, -33.79551381212739], [151.1813767100001, -33.79553137812739], [151.18137792100003, -33.795583597127376], [151.18138612600012, -33.795932532127416], [151.18140125500008, -33.79594150112739], [151.18198128200004, -33.79576180612739], [151.18230940000012, -33.79565998712739], [151.1823274190001, -33.795654392127396], [151.18240513900002, -33.795630564127386], [151.18272410600002, -33.795531765127386], [151.18268501300008, -33.795443106127415], [151.18259673700004, -33.795241658127395], [151.18280148000008, -33.795187245127394], [151.18311417400002, -33.7950902461274], [151.18317149200004, -33.7952183921274], [151.18320750200007, -33.795297088127406], [151.1832184000001, -33.7953208691274], [151.1832933510001, -33.79529736012738], [151.18359781800007, -33.79520195212738], [151.1836018880001, -33.795211658127386], [151.18397738700003, -33.7950926811274], [151.18434813900012, -33.79497498612737], [151.184859511, -33.794811125127396], [151.1845339240001, -33.794089049127415], [151.18473883100012, -33.794022464127416], [151.18535383000005, -33.7938305541274], [151.18526462600005, -33.79363062812741], [151.18517389300007, -33.793427252127415], [151.185153473, -33.79338205412739], [151.18508724900005, -33.79323268112741], [151.18500992300005, -33.79306078812744], [151.1852180730001, -33.7929965931274], [151.1853510090001, -33.79295572512741], [151.18548144700003, -33.7929150901274], [151.18566306200012, -33.792858979127416], [151.18568655, -33.79285175212744], [151.1858753350001, -33.79279349312744], [151.18603401000007, -33.79274407712743], [151.18627892300003, -33.79266798112744], [151.18650491100004, -33.792598186127414], [151.18673867200005, -33.79250605712745], [151.1867701210001, -33.79257729312742], [151.1868276770001, -33.79270706212744], [151.1868841160001, -33.792834832127454], [151.18693945400003, -33.79296006212743], [151.18699691900008, -33.79308992112744], [151.18705557700002, -33.79322232112743], [151.18711194500008, -33.7933493691274], [151.1871694990001, -33.793479228127424], [151.18721514300012, -33.79358267812739], [151.1872780430001, -33.793725148127415], [151.18729301500002, -33.79375845612744], [151.18731214100012, -33.79380174112742], [151.18733993600006, -33.79386471812741], [151.18739861200004, -33.79399630812742], [151.18745499800002, -33.79412254412739], [151.18751341400002, -33.794253859127416], [151.18756876800012, -33.7943782771274], [151.18774245600002, -33.794770215127414], [151.1878112590001, -33.79496650612742]], [[151.1800025010001, -33.79410926612741], [151.17995504700002, -33.7940118281274], [151.179952038, -33.79400673512743], [151.17994776900002, -33.794002254127406], [151.179942954, -33.793998307127424], [151.17993741300006, -33.793994979127426], [151.17993141700003, -33.7939921871274], [151.17992513600007, -33.79399020012739], [151.17991848500003, -33.79398884012739], [151.1799117280001, -33.79398828912741], [151.1799049560001, -33.79398846012742], [151.17989816800002, -33.79398935112744], [151.1798917220001, -33.79399097012743], [151.17988552500003, -33.7939934021274], [151.17987976300003, -33.79399638212743], [151.1798745200001, -33.794000002127405], [151.179704527, -33.79420512312743], [151.1800025010001, -33.79410926612741]]]}, "properties": {"OBJECTID": 275765, "LABEL": "Chatswood station and town centre", "LAY_CLASS": "Town Centre", "LGA_NAME": "SEPP"}}, {"type": "Feature", "geometry": {"type": "Polygon", "coordinates": [[[151.2182331260001, -33.82853692212698], [151.21818870800007, -33.828704719126975], [151.21818655800007, -33.828714400126984], [151.21818324900005, -33.828724063127005], [151.2181790630001, -33.82873375212696], [151.21817400700002, -33.82874344312696], [151.21816722300002, -33.82875572412697], [151.218159613, -33.82876770012698], [151.21815122200007, -33.828779344126964], [151.21814466900003, -33.82878785212696], [151.21813743400003, -33.82879589112699], [151.2181295370001, -33.828803430126996], [151.21811715900003, -33.82881443812701], [151.2181041880001, -33.82882489012695], [151.21801482600006, -33.828808504127004], [151.21793590700008, -33.82910802612699], [151.21799674700003, -33.829141587126976], [151.21801084600008, -33.82914418712695], [151.21860866300005, -33.82925384312695], [151.21861725100007, -33.82922125912696], [151.21905759700007, -33.82930167512694], [151.21915516, -33.82931948612698], [151.21914064800012, -33.82937441812699], [151.21911244700004, -33.82948160012696], [151.21910885300008, -33.82949518912693], [151.21907742500002, -33.82961427712697], [151.21904857000004, -33.82972392312697], [151.2194962220001, -33.829884836126965], [151.21952567900007, -33.82977367312698], [151.21958621200008, -33.829543281126995], [151.21961910900006, -33.82941856512697], [151.21964715000001, -33.82931288012697], [151.2198550050001, -33.829363786127], [151.21987946700006, -33.82939841312698], [151.21990003200006, -33.829403452126954], [151.22007995700005, -33.829447564126966], [151.22031203400002, -33.82950444912695], [151.22037587500006, -33.829520046126966], [151.22047102800002, -33.82954338012695], [151.22053383900004, -33.82955878012696], [151.22069181900008, -33.82959747712698], [151.22085051800002, -33.82963636212697], [151.22098049600004, -33.82966818512695], [151.22107113100003, -33.82969054212698], [151.2212288600001, -33.829729212126956], [151.22137563800004, -33.82976523812699], [151.22154497600002, -33.82980680412699], [151.22175337900012, -33.82985802412697], [151.22206933300004, -33.82993559012699], [151.22222633600006, -33.82997366012695], [151.22233278400006, -33.830000363126956], [151.22276243700003, -33.83010567212694], [151.22292040900004, -33.83014439712697], [151.22304671100005, -33.830175350126964], [151.22307838100005, -33.83018311212697], [151.22323634400004, -33.83022182712693], [151.22330185300007, -33.83023788212693], [151.2237368750001, -33.83034445512698], [151.22381303400005, -33.83019007712693], [151.223837612, -33.830140874127], [151.2238767130001, -33.83006097812694], [151.2240751490001, -33.830134635126974], [151.2245840160001, -33.830308921126964], [151.22464649500012, -33.83018594512698], [151.22494847300004, -33.83078101812696], [151.224848919, -33.830818613126944], [151.2247467840001, -33.830857185126945], [151.22449713800006, -33.830951316126956], [151.22444699200003, -33.83097003312695], [151.22440172400002, -33.83098694812696], [151.22435664400007, -33.83100380012695], [151.2243115560001, -33.83102064312698], [151.22426647500004, -33.831037487126935], [151.2242213950001, -33.83105433012696], [151.224146753, -33.831082217126934], [151.22409415200002, -33.83110187512691], [151.22404312000003, -33.83112094112699], [151.2239747430001, -33.831146489126965], [151.2239237650001, -33.831165537126935], [151.22387130800007, -33.83118514012693], [151.22381682500009, -33.83120549912694], [151.22376642000006, -33.83122433212694], [151.22371789800002, -33.831242456126965], [151.22351452300006, -33.831318454126965], [151.2233497640001, -33.831366680126955], [151.22314721500004, -33.83142602212694], [151.22314374600012, -33.83142709712695], [151.223140241, -33.83142811012698], [151.22313671000006, -33.83142906012692], [151.22313315100007, -33.831429939126956], [151.22312957400004, -33.83143075512696], [151.22312597100006, -33.831431499126936], [151.22312234900005, -33.83143217112695], [151.223118719, -33.83143278012693], [151.22311506100004, -33.831433318126976], [151.22311139500005, -33.831433793126955], [151.22310772000003, -33.83143419712694], [151.2231040360001, -33.83143452812697], [151.22310033500003, -33.83143478812695], [151.22309663200008, -33.83143497712693], [151.22309292900002, -33.83143510212691], [151.22301777500002, -33.83143702012693], [151.2228789950001, -33.83144069512694], [151.22280194000007, -33.831443035126924], [151.22273909400008, -33.831444720126946], [151.22266744500007, -33.831443762126966], [151.22259066900006, -33.83144273012696], [151.22253012600004, -33.83143570312694], [151.2224697360001, -33.83142876512692], [151.22246545200005, -33.83142827112699], [151.22234290400002, -33.831402080126956], [151.22234054700004, -33.83140131712695], [151.22227865000002, -33.83138145312693], [151.2222270000001, -33.83136488712693], [151.2222178300001, -33.83136194712692], [151.2221758610001, -33.83134628712695], [151.2221369670001, -33.83133177412696], [151.22209670000007, -33.83131674212694], [151.22201467900004, -33.83128612112692], [151.2219772640001, -33.83127217212694], [151.22189761100003, -33.83124244812693], [151.22185659000002, -33.831227147126974], [151.22181497200006, -33.83121161212693], [151.22161402500012, -33.83113661912693], [151.22134126900005, -33.831034995126956], [151.2211416680001, -33.83096023512695], [151.22106173600002, -33.83093045712695], [151.2207286790001, -33.830806448126964], [151.22066805600002, -33.83078377912693], [151.2206076650001, -33.83076127112697], [151.2205528500001, -33.83074085112695], [151.22048614100004, -33.830715994126926], [151.22042324900008, -33.830692562126956], [151.22037883400003, -33.83067601412693], [151.2203653150001, -33.830670806126925], [151.22033410300003, -33.830659350126936], [151.22033001600005, -33.830657844126954], [151.22030961300004, -33.83065019812694], [151.22029889300006, -33.83064622712698], [151.22028988500006, -33.83064286612694], [151.22028378000005, -33.83064059812695], [151.2202578460001, -33.83063093312694], [151.22024315500005, -33.83062545712692], [151.22020144500004, -33.83060991412696], [151.22018667400005, -33.830604410126966], [151.2201648990001, -33.83059629812698], [151.22011573200007, -33.830577985126986], [151.22010354200006, -33.83057345712694], [151.22009685400008, -33.830570948126926], [151.22001356900012, -33.83053976212694], [151.22000565400003, -33.83053689312696], [151.21999991600012, -33.830534796126976], [151.219899144, -33.83049725512695], [151.21984943100006, -33.830478725126966], [151.21980550700005, -33.83046234912696], [151.2197584280001, -33.83044481512696], [151.2195881660001, -33.830381377126976], [151.21932458900005, -33.83028113312697], [151.21894365600008, -33.83012184312697], [151.21868943800007, -33.830015692126956], [151.2186175820001, -33.82998568912696], [151.2185707540001, -33.82992984512698], [151.21845202600002, -33.829880273126946], [151.21801816100003, -33.82969911112698], [151.21778475600001, -33.82963793212697], [151.21768983700008, -33.829598302126975], [151.21775738100007, -33.82927827512699], [151.21775739200007, -33.82927822712698], [151.21775953200006, -33.82926809612696], [151.21776730400006, -33.82923129012695], [151.2177694820001, -33.82922097212698], [151.21777675200008, -33.829186488126965], [151.21777910100002, -33.82917537212696], [151.21778693500005, -33.82913827012699], [151.21778834300005, -33.82913161912697], [151.21779583600005, -33.829096112126955], [151.21779665200006, -33.82909220412697], [151.21780583100008, -33.82904872012695], [151.21780604700007, -33.82904771612701], [151.2178147510001, -33.829006509126955], [151.21781488400006, -33.82900584612698], [151.21782368700008, -33.828964154126965], [151.21782409000002, -33.82896221812697], [151.21783293800002, -33.828920284126994], [151.2178332960001, -33.828918590126946], [151.21784466300005, -33.82886477912697], [151.21784525500004, -33.82886197412696], [151.21785651300002, -33.82880863812695], [151.21785701500005, -33.828806227126975], [151.2178660190001, -33.82876356812696], [151.21786635600006, -33.82876198012698], [151.21787585700008, -33.82871694512694], [151.21787590100007, -33.82871673912696], [151.21788280400006, -33.828684049126956], [151.21788427500007, -33.82867709212697], [151.21789296100008, -33.82863594712696], [151.21789482500003, -33.828627108126994], [151.21790325100005, -33.82858717412696], [151.21790383400003, -33.828584396126956], [151.21791344300004, -33.82853887612699], [151.21792535600002, -33.82848243912699], [151.21793633700008, -33.82843040312697], [151.21796330100005, -33.82844007512696], [151.21800933100008, -33.828456605127], [151.2182331260001, -33.82853692212698]], [[151.22038046400007, -33.83092930112695], [151.22055782600012, -33.830997624126944], [151.22066289300005, -33.83103676112692], [151.22073049900007, -33.83106237112695], [151.22079862600003, -33.83108782012697], [151.22103878100006, -33.83117739712695], [151.22113534900006, -33.83121340512696], [151.22116058100005, -33.83125178012693], [151.22113761700007, -33.831381513126914], [151.22126634300002, -33.83142123412694], [151.22128848900002, -33.831296860126926], [151.2213233860001, -33.83128086812694], [151.22134784900004, -33.831289984126954], [151.2213964340001, -33.83130809112696], [151.22167699700003, -33.83141262912692], [151.22177342300006, -33.831448567126905], [151.22186931900012, -33.831484306126974], [151.22192489500003, -33.83150501212696], [151.2219822830001, -33.83152640012694], [151.22202650300005, -33.83154287612693], [151.22207762400012, -33.83156192412693], [151.22212798400005, -33.83158069512694], [151.22258780000004, -33.831683844126914], [151.22265691200005, -33.83168210412695], [151.22272601600002, -33.83168036512692], [151.22272794200012, -33.83168031212692], [151.22279711800002, -33.83167865312695], [151.22279805100004, -33.83167863512693], [151.22286737800005, -33.83167688712693], [151.22293649900007, -33.83167513912694], [151.2230058880001, -33.831673392126945], [151.22307356700003, -33.83167168912694], [151.2233170830001, -33.831665548126956], [151.2235560890001, -33.83155593612695], [151.22390511100002, -33.831424820126976], [151.22390955700007, -33.83142315312693], [151.22401236500002, -33.831384733126974], [151.22402688600005, -33.831379328126935], [151.2240856100001, -33.83135735712692], [151.22414752400005, -33.83133427512694], [151.22434882800007, -33.83125899512696], [151.22436480200008, -33.83125302712693], [151.2243564370001, -33.83130367312694], [151.2243204030001, -33.83152182912692], [151.2243074590001, -33.831600425126965], [151.22430226000006, -33.831631682126954], [151.22430381100003, -33.83163187012694], [151.22429189900004, -33.83170119712695], [151.224259135, -33.83189183412696], [151.2242285220001, -33.83206995812694], [151.2243531040001, -33.83215858512691], [151.22450606000007, -33.83226794212695], [151.22436348400004, -33.83240650212693], [151.22434077800006, -33.83242847212692], [151.22416395400012, -33.83260032112693], [151.22415552000007, -33.832647355126895], [151.22413456300012, -33.832644745126935], [151.22397312100009, -33.832624640126916], [151.22381074700002, -33.83260442612695], [151.22364743200012, -33.8325840861269], [151.22348458400006, -33.83256381112691], [151.223321735, -33.83254353412694], [151.2231588950001, -33.83252325812695], [151.22299604700004, -33.83250298212697], [151.2228331980001, -33.83248270412694], [151.22276805700005, -33.83247460112691], [151.22264934700002, -33.83245981912691], [151.22235904800004, -33.832423668126964], [151.2223277280001, -33.83244197212693], [151.2221391170001, -33.83238340112693], [151.2221078340001, -33.83234618312693], [151.22178872400002, -33.83230647312693], [151.22176521200004, -33.83230354012693], [151.22164201900011, -33.83228821312693], [151.2215641140001, -33.832277671126946], [151.2211237680001, -33.83222285812694], [151.22097700000006, -33.83220644412692], [151.2207892250001, -33.83218288412694], [151.2208134880001, -33.8320471551269], [151.22101751800005, -33.83207257512696], [151.2210754340001, -33.83174637512695], [151.22087187900001, -33.83172100812696], [151.22076438300007, -33.83170761612693], [151.2206919900001, -33.83169864312694], [151.22069634600007, -33.83167296012698], [151.22107739700004, -33.83172068512696], [151.22109458800003, -33.83162546912693], [151.22110918200008, -33.831542006126924], [151.22074559600003, -33.83140768112697], [151.2207380740001, -33.83144644112694], [151.2207210250001, -33.83144195912693], [151.220725022, -33.83141997112693], [151.22071204400004, -33.83139508712696], [151.22038332600005, -33.83127364312696], [151.22026149500005, -33.831227327126946], [151.21991279600002, -33.83109723212696], [151.21982178500002, -33.83108191212693], [151.2195216890001, -33.83097032112699], [151.21948731300006, -33.83098606012696], [151.2192879260001, -33.83087118712693], [151.21927458000005, -33.830854559126976], [151.21912134000002, -33.83082281712695], [151.21891249800012, -33.83073571412693], [151.218914003, -33.83072728812698], [151.21854159400004, -33.830571978126954], [151.218335775, -33.83049341912699], [151.21834187700006, -33.83045881712696], [151.21834684300006, -33.830430635126966], [151.21836816000007, -33.83030963012697], [151.21834597300005, -33.83028457512694], [151.2186154300001, -33.83030446712695], [151.21866896200004, -33.830317751126934], [151.21872174400005, -33.83033074012696], [151.21873277800012, -33.830333492126954], [151.21877456800007, -33.83034536012696], [151.21882806500003, -33.83036055312699], [151.21884936300012, -33.83036660412694], [151.2188811860001, -33.830376770126975], [151.218934288, -33.83039374812694], [151.2189638430001, -33.830403187126954], [151.21898716700002, -33.830411496126935], [151.21904146100007, -33.83043083212699], [151.219076448, -33.83044329112699], [151.2193227690001, -33.83053562912692], [151.21958209600007, -33.83063191212693], [151.219666296, -33.83066328612694], [151.219721369, -33.830683713126966], [151.21990011200012, -33.83075031712695], [151.22013988900005, -33.83083966112697], [151.22038046400007, -33.83092930112695]], [[151.21733806300006, -33.82965440712697], [151.21746464400007, -33.82970723212698], [151.21745099100008, -33.82978497812695], [151.2172863410001, -33.82988912912697], [151.21733806300006, -33.82965440712697]]]}, "properties": {"OBJECTID": 275767, "LABEL": "Neutral Bay town centre", "LAY_CLASS": "Town Centre", "LGA_NAME": "SEPP"}}, {"type": "Feature", "geometry": {"type": "Polygon", "coordinates": [[[151.0310359340001, -33.85407600712664], [151.03111298800002, -33.85375545712668], [151.03113590100008, -33.85366095012666], [151.0311528950001, -33.85359039412668], [151.03116003000002, -33.85356080412668], [151.03117842500012, -33.853484574126696], [151.03120445600007, -33.85337630712666], [151.0312190510001, -33.85331575512669], [151.03123056800007, -33.85326795012668], [151.0312563750001, -33.853161325126685], [151.0312822950001, -33.85305319512668], [151.03130850600007, -33.8529439881267], [151.03133450200005, -33.8528364011267], [151.03135934300008, -33.85273258112666], [151.03138564300002, -33.85262337512666], [151.03141193300007, -33.85251462112667], [151.03143774500006, -33.8524073001267], [151.03146522500003, -33.85229333712671], [151.03147163000006, -33.852266663126684], [151.03126088800002, -33.852226964126686], [151.03098535900006, -33.85218133712671], [151.03085452900007, -33.85215968912669], [151.03072167400012, -33.85213770912669], [151.03059604400005, -33.85211692212673], [151.0304645870001, -33.852095157126676], [151.03033207500005, -33.85207319712669], [151.0301914480001, -33.852049943126666], [151.02997891100006, -33.85201481212672], [151.03000500300004, -33.851906956126726], [151.0300566100001, -33.8516931271267], [151.03009927900007, -33.85151152112669], [151.02995472700002, -33.851488475126665], [151.02978921900012, -33.8514622091267], [151.02935227500006, -33.851392656126706], [151.0291958260001, -33.85136770612669], [151.0291226610001, -33.85135607812671], [151.02907045100005, -33.85134776012667], [151.02904992100002, -33.85132597612665], [151.029084215, -33.851144326126665], [151.0291140380001, -33.85098667412668], [151.02912304500012, -33.85093985012671], [151.02913449100004, -33.85087990112673], [151.02915558600012, -33.85076853912668], [151.0291760660001, -33.85066068412673], [151.0291973510001, -33.85054878412669], [151.02921762900007, -33.850441917126695], [151.029238114, -33.850333791126715], [151.02925869700005, -33.850225305126735], [151.02927978200012, -33.85011430512672], [151.02930036500004, -33.85000581812669], [151.0293210520001, -33.84989670512674], [151.02934183900004, -33.84978696212669], [151.02936242200008, -33.849678476126705], [151.02938331600012, -33.84956810212674], [151.02940319300012, -33.84946312212674], [151.02941889600004, -33.849349782126744], [151.02943943100001, -33.84923940212673], [151.02945975300008, -33.849130642126745], [151.02959650000003, -33.848406919126724], [151.02970196100011, -33.84811804312672], [151.02978004400006, -33.84768250112673], [151.02997403100005, -33.84755100412675], [151.0306930600001, -33.84744692112676], [151.03083871, -33.84759655812673], [151.03092532800008, -33.84768187412677], [151.03103964100012, -33.847787557126715], [151.03153689600003, -33.84827655512676], [151.0316237070001, -33.84836142312672], [151.03170657400005, -33.84844334312676], [151.03177620600002, -33.84851171012672], [151.03191430800007, -33.84865257012672], [151.03196742600005, -33.84870669912676], [151.0320427050001, -33.84878137512675], [151.03234502300006, -33.84907865812671], [151.03240810800003, -33.84914114912675], [151.03316061600003, -33.84988610412668], [151.0333044130001, -33.85002750412671], [151.0333325150001, -33.85005337612669], [151.03356407100011, -33.85027731412672], [151.03360497300002, -33.850316282126734], [151.03378876400006, -33.85050132312667], [151.03384269200012, -33.85058241912671], [151.0338818130001, -33.85063686512669], [151.0338870500001, -33.85063388312668], [151.03392070200005, -33.85067814412672], [151.03392060700003, -33.850678413126715], [151.03391641500002, -33.85068636912669], [151.03391284300005, -33.8506944261267], [151.03391274600006, -33.85069478512672], [151.0339097090001, -33.85070285212671], [151.03390720700008, -33.85071092512673], [151.03390523500002, -33.850719186126724], [151.03390370700004, -33.850727547126695], [151.03390280200006, -33.850735917126684], [151.03390243100012, -33.85074438512673], [151.03390250500001, -33.850752771126714], [151.03390311500004, -33.850761163126684], [151.03390434800008, -33.850769568126715], [151.03390603100001, -33.850777799126675], [151.0339082480001, -33.85078603812671], [151.0339109150001, -33.85079410512671], [151.0339141180001, -33.85080208912668], [151.0339178600001, -33.8508099021267], [151.0340301880001, -33.850870294126686], [151.03472496300003, -33.85183365912669], [151.03479156100002, -33.85192586512667], [151.03495031500006, -33.85214602712666], [151.03506009400007, -33.85229824112669], [151.03517906100012, -33.85246187212672], [151.0352323090001, -33.852533852126676], [151.0353932600001, -33.85275152212667], [151.03577506600004, -33.85326796212666], [151.03596489200004, -33.85352467912667], [151.03601589000004, -33.853593827126645], [151.03614113100002, -33.85376377812666], [151.03608838500008, -33.85379052412668], [151.03583610300007, -33.85391830612667], [151.03508295500012, -33.854299816126684], [151.03505252500008, -33.854324935126655], [151.0350421830001, -33.85436010912667], [151.03504890400006, -33.85439348312666], [151.03492384300012, -33.85457747312664], [151.03489962100002, -33.85458835612665], [151.03486418600005, -33.85473852612663], [151.0346621210001, -33.854681573126676], [151.03412916000002, -33.854593286126644], [151.03359611200005, -33.854504906126685], [151.03337771500003, -33.85447230012664], [151.0328458450001, -33.85438312512665], [151.03240792300005, -33.85430887912668], [151.03231391100007, -33.85429295312665], [151.03210194000008, -33.854252245126624], [151.03163281600007, -33.854174613126645], [151.03160023300006, -33.854169225126654], [151.03156436400002, -33.854163333126664], [151.0315015970001, -33.85415295512666], [151.03143589700005, -33.854142077126646], [151.03136353700006, -33.85413019412668], [151.03122912300012, -33.85410794312667], [151.0311608500001, -33.85409666512668], [151.0310359340001, -33.85407600712664]], [[151.03574555400007, -33.84980481512672], [151.03584097600003, -33.84985955812674], [151.0359633160001, -33.84992718312674], [151.03623831400012, -33.850079391126705], [151.03623481900001, -33.850083882126725], [151.03617082300002, -33.85016616412672], [151.03602556500005, -33.850353080126744], [151.03589526100006, -33.85052121212672], [151.03585161500007, -33.850528089126705], [151.0357362300001, -33.85046494512668], [151.03560425600006, -33.85039081012671], [151.0353444430001, -33.85024476812673], [151.03519329200003, -33.8501596881267], [151.03511578000007, -33.85011608012671], [151.03498503000003, -33.850256977126705], [151.03479322200008, -33.85049570912672], [151.0347950570001, -33.85049727112675], [151.0347447050001, -33.85053243912668], [151.03479285100002, -33.85057413512673], [151.03454041100008, -33.85069371012671], [151.03434134600002, -33.85077455612671], [151.0342296010001, -33.8506148261267], [151.03422873500006, -33.85061373112667], [151.0342254300001, -33.85061016212669], [151.0342208080001, -33.85060576112668], [151.03421627700004, -33.85060127112669], [151.034211292, -33.85059713412667], [151.03420630900007, -33.850592908126686], [151.0342010500001, -33.85058903812668], [151.03419570500012, -33.85058516612671], [151.0341900830001, -33.850581561126695], [151.0341844620001, -33.850577955126695], [151.03417856600004, -33.850574705126725], [151.03417267100008, -33.850571456126694], [151.03416658900005, -33.850568473126685], [151.03416041800006, -33.85056558112669], [151.0341573280001, -33.850564270126696], [151.03415414800008, -33.85056304712673], [151.03415000100006, -33.85056126812672], [151.03414566800006, -33.850559756126685], [151.03414133400008, -33.8505583351267], [151.03410137000003, -33.85050567912672], [151.0341215100001, -33.850466784126745], [151.03410497200002, -33.85044181912671], [151.03418924100004, -33.8503460681267], [151.03428716000008, -33.85022240812672], [151.0343293730001, -33.8501691701267], [151.03441150900005, -33.85006536212669], [151.0344142250001, -33.85005963512673], [151.03441614500002, -33.850053626126716], [151.03441717600003, -33.8500475121267], [151.0344174060001, -33.85004138512669], [151.03441674500004, -33.850035244126715], [151.03441528000008, -33.850029181126715], [151.03441300800012, -33.85002328412671], [151.03440992800006, -33.850017736126716], [151.034406127, -33.85001244712674], [151.03440160500008, -33.85000759712669], [151.0343963580001, -33.85000318512674], [151.03404472400007, -33.84981213212671], [151.03332103700006, -33.84941896812669], [151.03324124200003, -33.84943229912669], [151.0331187820001, -33.84928916612671], [151.03296645400007, -33.84911183912674], [151.03290922100007, -33.84903898212673], [151.03240786600009, -33.84861158812674], [151.03234327500002, -33.84855655612672], [151.03251127800002, -33.84839993912674], [151.0327338620001, -33.84807443412672], [151.0328125090001, -33.84795957312673], [151.03287621200002, -33.84786683112675], [151.0329598400001, -33.847744566126735], [151.03304291900008, -33.84762292412673], [151.0330836710001, -33.84756335212673], [151.033123874, -33.84750449212676], [151.03320556100005, -33.84738526312676], [151.03328725500012, -33.84726567212677], [151.03336894200004, -33.84714644112673], [151.03345137200006, -33.847025870126764], [151.03353343100002, -33.84690583312677], [151.03361437700005, -33.84678776312672], [151.0337205070001, -33.84663232012675], [151.03394275400012, -33.8467527031268], [151.0343409310001, -33.84696929112678], [151.0347973060001, -33.84721682712672], [151.03497474800008, -33.84730926812673], [151.03578298000002, -33.84774974812672], [151.03608719900012, -33.84791450112677], [151.03627104200007, -33.848011572126715], [151.03645114500011, -33.848108795126734], [151.03658910100012, -33.848183250126745], [151.03688218900004, -33.848341439126735], [151.036882256, -33.84834147412675], [151.03688228600004, -33.848341491126746], [151.0367632440001, -33.848494784126736], [151.036672403, -33.84861175512674], [151.03658376700002, -33.84872593812674], [151.03649406500006, -33.84884147512675], [151.03644944200005, -33.84889896912671], [151.03640521400007, -33.84895601612674], [151.03631545700011, -33.84907149112673], [151.03622718000008, -33.84918512712669], [151.03613713700008, -33.8493012811267], [151.0360471570001, -33.8494171411267], [151.0359585120001, -33.84953105612675], [151.0358677600001, -33.84964819712671], [151.03580781000005, -33.84972508012674], [151.03574555400007, -33.84980481512672]]]}, "properties": {"OBJECTID": 275768, "LABEL": "Auburn station and town centre", "LAY_CLASS": "Town Centre", "LGA_NAME": "SEPP"}}, {"type": "Feature", "geometry": {"type": "Polygon", "coordinates": [[[151.26743667100004, -33.782969364127524], [151.26741097100012, -33.78307237912757], [151.2673849670001, -33.783177176127566], [151.26735958900008, -33.78327913312753], [151.2673334430001, -33.783382926127516], [151.26730784000006, -33.78348572412752], [151.26728186200012, -33.783590156127524], [151.26726823, -33.78364539212757], [151.26725502400006, -33.78369911312751], [151.2672412920001, -33.78375369612755], [151.26722790100007, -33.78380785512753], [151.2672144270001, -33.78386102912754], [151.26720343700003, -33.78390635112756], [151.26720227300007, -33.78391028612756], [151.26714722400004, -33.78412613012751], [151.26713714800007, -33.78416480112755], [151.26713569700007, -33.784171837127545], [151.26713455000004, -33.78417721612756], [151.2671208700001, -33.78423095412751], [151.26710832900005, -33.78428197812754], [151.2670945870001, -33.78433579812754], [151.26708107900004, -33.784388461127556], [151.26706719300012, -33.784444324127556], [151.26705436600002, -33.78449454112752], [151.2670408020001, -33.784548316127555], [151.26702725000007, -33.78460209012753], [151.26701370500007, -33.78465587412751], [151.26700014400012, -33.78470964912755], [151.2669865890001, -33.7847634241275], [151.26697259700006, -33.784818956127545], [151.26696011, -33.784868374127555], [151.26694626900007, -33.78492323512751], [151.266934482, -33.784970232127534], [151.26691760300002, -33.78503520312751], [151.26690180800006, -33.78508856612751], [151.2668860220001, -33.78514191012755], [151.26687368800003, -33.78518005212755], [151.26683654200008, -33.78530494712753], [151.26679958300008, -33.785429215127515], [151.2667618800001, -33.78555573212753], [151.2667255670001, -33.7856778501275], [151.26671239000007, -33.785722301127514], [151.26668839400008, -33.78580330012749], [151.26665157000002, -33.78592721812753], [151.26661441400006, -33.786052525127474], [151.2665777510001, -33.78617602212748], [151.26654119600005, -33.78629859612754], [151.26650866700004, -33.786408906127505], [151.266447953, -33.78662015112751], [151.26641328900007, -33.78673141212753], [151.266393998, -33.786792735127484], [151.266370638, -33.78686582712752], [151.26635122200003, -33.786928065127505], [151.26632871300012, -33.7869983231275], [151.26630952200003, -33.7870597891275], [151.26628718400002, -33.787132039127506], [151.26624410300008, -33.787266517127506], [151.26619898700005, -33.78739808212751], [151.26620844400009, -33.78739936312749], [151.266162763, -33.787534854127465], [151.2661542300001, -33.78753371512752], [151.2661092410001, -33.78766705512751], [151.26604173200008, -33.78779110712751], [151.2659514920001, -33.787915697127474], [151.26571570300007, -33.78817232812749], [151.26569663600003, -33.78817025612746], [151.265576645, -33.78822785912748], [151.26549578100003, -33.7882667981275], [151.26539340300008, -33.788315016127484], [151.26526361300012, -33.78829660512749], [151.26529859100003, -33.788112528127456], [151.26532857600012, -33.787972359127494], [151.26535666900008, -33.78783962112751], [151.26538570200012, -33.78770374412747], [151.26541500500002, -33.78756733912747], [151.26544993900006, -33.78757220612753], [151.26551036500007, -33.78758062412751], [151.26552244000004, -33.7875229941275], [151.2655382260001, -33.78744683612747], [151.2655661120001, -33.78731298612749], [151.26559451800006, -33.78717678712749], [151.265622881, -33.787040786127505], [151.26492370900007, -33.786943840127535], [151.26495310100006, -33.786807480127536], [151.2650115560001, -33.786536446127485], [151.26504017800005, -33.786404128127494], [151.26573522700005, -33.786501154127485], [151.26586890700003, -33.786519782127506], [151.26604176800004, -33.78636169312748], [151.26607946900003, -33.78623530112752], [151.26611628500007, -33.786111123127505], [151.26615292100007, -33.7859876261275], [151.2661898350001, -33.785862776127544], [151.26622662300008, -33.7857382931275], [151.26626362600007, -33.785613371127496], [151.26630003700006, -33.78549043012753], [151.26633697900002, -33.78536554512755], [151.2663738550001, -33.78523988712755], [151.26641045600002, -33.78511620212754], [151.2664695730001, -33.785124350127546], [151.26652314400008, -33.78513173612753], [151.26652881600012, -33.78509254612754], [151.26654461100009, -33.78503920112752], [151.26656040600005, -33.784985838127504], [151.26657528500004, -33.78492936512755], [151.26658903800012, -33.78487295512752], [151.2666019730001, -33.78482160012756], [151.26661584900012, -33.78476792412755], [151.26662638200003, -33.78476943012754], [151.26665347000005, -33.78466192512752], [151.2667100860001, -33.78444219912751], [151.26669961700009, -33.78444060512756], [151.26671093800007, -33.78439612512751], [151.26672425800007, -33.78434192012754], [151.26673793700002, -33.784285259127515], [151.26675150000005, -33.784230982127525], [151.26676393200012, -33.78418127612754], [151.26677846400003, -33.78412266112754], [151.2667954320001, -33.78405534212756], [151.26684067500003, -33.78388065112752], [151.26685739900006, -33.783813637127565], [151.26687024600005, -33.78376177112752], [151.26688452500002, -33.78370461712752], [151.2669114360001, -33.783596323127554], [151.26692591200003, -33.78354351612753], [151.26694502300006, -33.783546017127556], [151.266902167, -33.78343221912754], [151.26692775900005, -33.78332825512754], [151.26695446200006, -33.783224147127534], [151.2669289690001, -33.78322044612756], [151.266953198, -33.783117298127564], [151.26697768700012, -33.783014982127504], [151.26700231200005, -33.78290973612756], [151.26702794900007, -33.782913259127525], [151.26743667100004, -33.782969364127524]], [[151.26736608800002, -33.786544675127494], [151.2673300790001, -33.78672163612752], [151.26717075400006, -33.78670017312753], [151.26695430100006, -33.7866719451275], [151.2668006670001, -33.78665181212749], [151.26676228400004, -33.786674321127514], [151.26665459000003, -33.786653345127526], [151.26698579100002, -33.78589345912751], [151.2670253230001, -33.7857585251275], [151.26705238400007, -33.78566776412754], [151.2670777620001, -33.78558184512753], [151.26710218000005, -33.78549978912752], [151.267120932, -33.785435517127496], [151.2671703960001, -33.78540907312754], [151.2673321860001, -33.785431320127536], [151.26753743500012, -33.78545956612752], [151.267576436, -33.785464927127514], [151.267555667, -33.7855702361275], [151.2675127760001, -33.78578751412752], [151.26750512800004, -33.78582501012749], [151.26749148500005, -33.7858942401275], [151.26746985500006, -33.78600373412751], [151.26746964900008, -33.78600473812752], [151.26745395400008, -33.78609374112749], [151.26743623100003, -33.78618512912753], [151.26736608800002, -33.786544675127494]]]}, "properties": {"OBJECTID": 275770, "LABEL": "Manly Vale town centre", "LAY_CLASS": "Town Centre", "LGA_NAME": "SEPP"}}, {"type": "Feature", "geometry": {"type": "Polygon", "coordinates": [[[151.21444996600007, -33.87843449312637], [151.21444651600007, -33.878430406126355], [151.21444375600004, -33.87842622912635], [151.21444175700003, -33.87842176512638], [151.21444056400003, -33.87841711312634], [151.21444020600006, -33.87841236312633], [151.21444069000006, -33.87840760212638], [151.2144419990001, -33.87840296812637], [151.2144441040001, -33.87839853912638], [151.2144469650001, -33.87839441612639], [151.21445053200011, -33.878390696126345], [151.21445470900005, -33.87838744212636], [151.21445940700005, -33.87838473512634], [151.21446453400006, -33.87838263712634], [151.21446997600003, -33.878381185126365], [151.2144756140001, -33.878380415126365], [151.2144813230001, -33.878380342126356], [151.21448698900008, -33.87838096112634], [151.21449247500004, -33.878382278126345], [151.21455738300006, -33.878392731126354], [151.21468800700006, -33.87841377812638], [151.2147566530001, -33.87842500112638], [151.21476933700012, -33.87842700912634], [151.21483953300003, -33.87843363412636], [151.2148846030001, -33.8784404641264], [151.2149231400001, -33.8784489891264], [151.21491836300004, -33.87847104112635], [151.2151996340001, -33.878700034126354], [151.21541099600006, -33.878869391126365], [151.21567174900008, -33.87907884312632], [151.21573543800002, -33.87913162212637], [151.21574898300003, -33.879142855126325], [151.21600143500007, -33.879345835126365], [151.21616926700005, -33.87955987712634], [151.21625607600004, -33.879628748126336], [151.21626206300004, -33.87963308612633], [151.21627007600011, -33.87963886712635], [151.21630436500004, -33.87966641412637], [151.2163662060001, -33.87971470312637], [151.21639754400007, -33.87973972112634], [151.2164278250001, -33.879762956126356], [151.21645289800006, -33.87978222812634], [151.2164907440001, -33.87981212312633], [151.21651753700007, -33.87983257112634], [151.21654389100001, -33.87985281112634], [151.2166153070001, -33.87990905112633], [151.2166892150001, -33.87996650112632], [151.21680403400012, -33.880056562126356], [151.21681938100005, -33.880068251126325], [151.21680874000003, -33.88013353612634], [151.21677421100003, -33.880294896126316], [151.2167430080001, -33.8803039321263], [151.21663002700006, -33.88021405912635], [151.21656736600005, -33.88016361012631], [151.2164405090001, -33.88006267512634], [151.21616307400006, -33.87983976812632], [151.21611551900003, -33.87980155512635], [151.21611256200003, -33.87979872212635], [151.2159564090001, -33.87964317912635], [151.2159314270001, -33.87964965212634], [151.21535703300003, -33.87917968812635], [151.2153009010001, -33.87951564012635], [151.21543831000008, -33.87962763512634], [151.2154752230001, -33.879658266126356], [151.21550444500008, -33.879681644126336], [151.2155381130001, -33.87970941412635], [151.2155717380001, -33.879737202126314], [151.2156041070001, -33.87976347612638], [151.21564531400008, -33.87979676812631], [151.2156915600001, -33.879834300126355], [151.21569346900003, -33.879835878126364], [151.21572880500003, -33.87986505612635], [151.2157655750001, -33.87989488712636], [151.21581308400005, -33.87993345112631], [151.2158447270001, -33.879959517126345], [151.21588477800003, -33.87999195012634], [151.21592257100008, -33.88002256112635], [151.21596825100005, -33.88006017512635], [151.21600295000007, -33.88008902912635], [151.21603523900012, -33.88011524912635], [151.21607007300008, -33.88014388012637], [151.2161045030001, -33.880171847126356], [151.21613940800012, -33.88020055012636], [151.21626380200007, -33.880301396126356], [151.21630278700002, -33.88033288612633], [151.2163904360001, -33.88040409512633], [151.21643727200012, -33.88044258712632], [151.21648493400005, -33.88048126712636], [151.21651945500003, -33.880509422126366], [151.21656192600005, -33.88054449012633], [151.21662144700008, -33.880592787126325], [151.216691985, -33.88064989712632], [151.21682821800005, -33.880765505126305], [151.21675043000005, -33.881038171126306], [151.21674126000005, -33.88107533612633], [151.21659748600007, -33.88103867412632], [151.21659499400005, -33.88104393512633], [151.21659218900004, -33.88104907212629], [151.21658863000005, -33.88105388612631], [151.2165843900001, -33.88105827812632], [151.21657951400005, -33.88106219512633], [151.21657410800003, -33.881065574126346], [151.2165682100001, -33.8810683631263], [151.21656197100003, -33.88107052312631], [151.21655542700012, -33.881072011126314], [151.2165487320001, -33.88107279912634], [151.21654196300005, -33.881072907126324], [151.21632587800002, -33.88103339412635], [151.2163634540001, -33.88088670712631], [151.21637796800007, -33.880830467126316], [151.2163885450001, -33.88078831012631], [151.21638637600006, -33.88078660612632], [151.21632901600003, -33.88073979712635], [151.21628762800003, -33.88070563512635], [151.21625527700007, -33.8806792721263], [151.2162054470001, -33.880638799126295], [151.2161591480001, -33.880601384126344], [151.21606716700012, -33.88052627412633], [151.21603197500008, -33.880497599126315], [151.21595665100006, -33.88043616912633], [151.2159075830001, -33.88039616212633], [151.2158705160001, -33.88036656412636], [151.21583607800005, -33.88033828212635], [151.2158026940001, -33.880310556126354], [151.21577100700006, -33.88028445412635], [151.2157355820001, -33.88025469312636], [151.21569074400009, -33.880218173126316], [151.21565295200003, -33.88018755312637], [151.215617231, -33.880157819126346], [151.21558378600002, -33.88013085512632], [151.215533713, -33.880090159126325], [151.21549924700003, -33.88006096312632], [151.21546271900002, -33.88003135512634], [151.21546077300002, -33.88002977712632], [151.21541348800008, -33.87999117812632], [151.21537118700007, -33.879956085126324], [151.2153399120001, -33.87993070812634], [151.2153095330001, -33.87990561812633], [151.21527512900002, -33.87987765012634], [151.21520451100002, -33.87981934912632], [151.21522167600006, -33.879738233126325], [151.2152343250001, -33.87967954412631], [151.2150541310001, -33.87948172012633], [151.214830408, -33.87944902912633], [151.21473018100005, -33.87943438112633], [151.21468987100002, -33.87940147512633], [151.21463561200005, -33.87935717412633], [151.21458467900004, -33.87931553812635], [151.21455010500006, -33.87928680712635], [151.21451534200003, -33.87925796212632], [151.21447296000008, -33.87922289412632], [151.21443734600007, -33.87919317912636], [151.21440139100002, -33.87916324712634], [151.21436903100005, -33.879136355126334], [151.2143383130001, -33.87911149912637], [151.21433644, -33.879109912126374], [151.21429654000008, -33.87907712112634], [151.2142597070001, -33.87904743312636], [151.21422283000004, -33.87901790612632], [151.21419904800007, -33.878997701126345], [151.21420647000002, -33.87896586112636], [151.21422790300005, -33.87887213312635], [151.21427396900003, -33.87867393112638], [151.21408304500005, -33.87853317012636], [151.21407612500002, -33.87850868012636], [151.21405016500012, -33.87848721212637], [151.21396795700002, -33.878418951126335], [151.2139525030001, -33.87840611412637], [151.2139120390001, -33.87837310912638], [151.21390169400001, -33.878364656126365], [151.21385288600004, -33.87832419212637], [151.21380509800008, -33.87828475112636], [151.2137076250001, -33.87820451412634], [151.21362963900003, -33.87814074412634], [151.21358026400003, -33.87810033412634], [151.21353075600007, -33.87806152912637], [151.21347948200003, -33.87802031312638], [151.21343054800002, -33.8779798591264], [151.21338207100007, -33.87793944912633], [151.21325165400003, -33.877832016126355], [151.21319204300005, -33.87778308212636], [151.21314379900002, -33.87774311112638], [151.2130926960001, -33.87770032712636], [151.21308229800002, -33.877691802126364], [151.21306966800012, -33.87768143912636], [151.21293601500008, -33.877571639126344], [151.2128289750001, -33.87748402512635], [151.21273330300005, -33.877407742126344], [151.212638168, -33.87733726712638], [151.21254910100004, -33.87727127912636], [151.2127983270001, -33.87707514312636], [151.21280802700005, -33.87705505412639], [151.21310764800012, -33.87710152412635], [151.21313587600002, -33.877106014126404], [151.2131608850001, -33.877109725126374], [151.21360504100005, -33.877178103126354], [151.2136777400001, -33.87718920012638], [151.21381598900007, -33.87721028312636], [151.21420180000007, -33.8772698941264], [151.21415656700003, -33.87747244412639], [151.21411584500004, -33.877652987126375], [151.21410489900006, -33.87765076412636], [151.21408504400006, -33.87771629912638], [151.2140402860001, -33.87787179812635], [151.21415151200006, -33.87789175312638], [151.21415040800002, -33.87789554412635], [151.21442433000004, -33.87793453112639], [151.21445384800006, -33.87793873212635], [151.2144369250001, -33.87801985712637], [151.21442499400007, -33.87807468512634], [151.21440176800002, -33.87818143112637], [151.21434876400008, -33.878173354126346], [151.21429777800006, -33.8781655841264], [151.21424611800012, -33.878157713126356], [151.21408789500003, -33.878133627126346], [151.21406626600003, -33.878140359126384], [151.21444996600007, -33.87843449312637]], [[151.21692635700003, -33.88109816812636], [151.21692452900004, -33.881144171126316], [151.21692804100007, -33.881277482126336], [151.2169329630001, -33.88130292212633], [151.21693736400005, -33.88132562012633], [151.21695512300005, -33.88141736612634], [151.2169646320001, -33.88146110112631], [151.2169813600001, -33.881551189126334], [151.21698960600008, -33.88159521112634], [151.2170088160001, -33.88169771412634], [151.2170362820001, -33.88184427512633], [151.21704957500003, -33.88191098612632], [151.21708034100004, -33.88207533912633], [151.21708436400002, -33.882097678126335], [151.21709046900003, -33.882128631126285], [151.21710089500004, -33.882183984126335], [151.2171108540001, -33.88223896012634], [151.2171210990001, -33.8822933261263], [151.21713132700006, -33.88234767512629], [151.2171394930001, -33.88239129412628], [151.21714147400007, -33.882401889126335], [151.21715676700012, -33.882481919126334], [151.2171295700001, -33.88250300212631], [151.21706463600003, -33.88249213812632], [151.21701131700001, -33.88248351512634], [151.21690640300005, -33.882465578126336], [151.21682039400002, -33.88245068912635], [151.21676687800004, -33.882441429126324], [151.21649968000008, -33.88239486112633], [151.21653291000007, -33.882254943126306], [151.2165478170001, -33.882192697126335], [151.21662278300005, -33.88187963812634], [151.21664375000012, -33.88178929912635], [151.2166769790001, -33.88164793712632], [151.2166868930001, -33.8816057981263], [151.21669547200008, -33.88156926912631], [151.2167048660001, -33.88152932612632], [151.21671407200006, -33.88149019812635], [151.2167212700001, -33.881459569126314], [151.21673551300012, -33.88140292612632], [151.21675834500002, -33.88130716312633], [151.21677006100003, -33.88125798612633], [151.21675869400008, -33.88109260012634], [151.21687484100005, -33.881082597126344], [151.2168910570001, -33.881087500126334], [151.21692635700003, -33.88109816812636]], [[151.22010719800005, -33.88255978012628], [151.22016231700002, -33.882625325126334], [151.22020703900012, -33.882679261126306], [151.22039352600007, -33.8829032891263], [151.220468868, -33.882993870126285], [151.22051894000003, -33.8830600961263], [151.22057884600008, -33.88313133312634], [151.22068011400006, -33.8832517371263], [151.22068561800006, -33.8832923081263], [151.22061594900003, -33.883369264126294], [151.22043042100006, -33.883338078126286], [151.22037707700008, -33.883329114126326], [151.2203511340001, -33.8833247481263], [151.22033054500002, -33.883300277126324], [151.2203703, -33.88313724912629], [151.22028712300005, -33.88308877112629], [151.2201714780001, -33.88301715912629], [151.21990482700005, -33.88285201512632], [151.21989489500004, -33.8828458661263], [151.21985040700008, -33.88279012812628], [151.21979481100004, -33.88272604112629], [151.21976174400004, -33.882743640126286], [151.2195274170001, -33.8824512621263], [151.21950706000007, -33.88242575012632], [151.21949076300007, -33.88240600312632], [151.2194831260001, -33.88239712812632], [151.21947703000012, -33.8823903261263], [151.21946269700004, -33.88237487112631], [151.2194398570001, -33.88235042712629], [151.21943663900004, -33.8823464381263], [151.21942027000011, -33.8823285721263], [151.21939743000007, -33.88230322212631], [151.21937362200003, -33.88227798812629], [151.21936387800008, -33.882265511126306], [151.219354188, -33.88225390212629], [151.21934219500008, -33.88224120912631], [151.21932924100008, -33.88222783612631], [151.21931510500008, -33.88221510612633], [151.21930645400005, -33.8822050751263], [151.21924354500004, -33.8821331931263], [151.21921038900007, -33.88209664712631], [151.21914415300012, -33.882058918126326], [151.21912411800008, -33.88204749712632], [151.2191707400001, -33.881928752126306], [151.2191885420001, -33.88188341212632], [151.21921279100002, -33.88182164112634], [151.2192141700001, -33.881818665126325], [151.21921628600012, -33.88181598612635], [151.21921901100006, -33.8818137441263], [151.2192222550001, -33.88181204112633], [151.21922585000004, -33.88181093912635], [151.2192296510001, -33.881810509126325], [151.21923347900008, -33.88181075012629], [151.2192371550001, -33.88181166512635], [151.21924050600012, -33.88181319712634], [151.2194529620001, -33.88193404912633], [151.21957124200003, -33.88200129712634], [151.21967540200012, -33.8820601461263], [151.21970242100008, -33.8820847161263], [151.2197188880001, -33.88210373812631], [151.21990481000012, -33.882322253126326], [151.219939016, -33.882362447126326], [151.21997839400012, -33.88240864812631], [151.22002543700012, -33.88246384812635], [151.22010719800005, -33.88255978012628]], [[151.21779380200007, -33.881176844126344], [151.21785462100001, -33.88120281312631], [151.217904319, -33.881224372126326], [151.21792740900003, -33.881234169126344], [151.21795085000008, -33.88124411912633], [151.217993169, -33.88126211912635], [151.218042426, -33.88128312112634], [151.21808710300002, -33.88130215212634], [151.21814354800006, -33.881326354126294], [151.2182038310001, -33.88135165112635], [151.2182440890001, -33.88136856612635], [151.21828225800004, -33.881384826126336], [151.2183190820001, -33.881399895126314], [151.21835912300003, -33.88141696212631], [151.2183953110001, -33.88143239012635], [151.21845103200008, -33.88145660112632], [151.218506831, -33.88147910012633], [151.2185479310001, -33.88149719012632], [151.2185868350001, -33.8815141321263], [151.21862478900005, -33.88153041012633], [151.21866269800012, -33.881546591126316], [151.21870145800006, -33.881562815126344], [151.2187404870001, -33.881579829126316], [151.21877949800012, -33.88159674512634], [151.21881842000005, -33.881613139126316], [151.21885759300005, -33.88163010012634], [151.2189050920001, -33.8816504111263], [151.2190252370001, -33.88170190912631], [151.21897175800007, -33.881843388126335], [151.21895560500002, -33.88188384212634], [151.21886410000002, -33.88185929912633], [151.2188579960001, -33.881857685126306], [151.2188371730001, -33.88185214612631], [151.2188369580001, -33.88185209212632], [151.21881303200007, -33.881845854126304], [151.21874849200003, -33.881831027126324], [151.21868570900006, -33.88181133312632], [151.21861535900007, -33.88178934412633], [151.2186095410001, -33.88180456612634], [151.21845385500012, -33.88173532712629], [151.2183945490001, -33.88171093612634], [151.2183545800001, -33.881694640126334], [151.21831979900003, -33.88168037812629], [151.21828018600002, -33.8816641981263], [151.2182499690001, -33.88165176512632], [151.21823110100001, -33.881646853126306], [151.21818337600007, -33.8816344201263], [151.21814189000008, -33.88162361812633], [151.21810028000004, -33.88161277212634], [151.21806440600005, -33.881603422126325], [151.21802375400011, -33.8815928271263], [151.2180105230001, -33.88158944712631], [151.21790874700002, -33.88156284312634], [151.2178760370001, -33.8815543271263], [151.21783408600004, -33.88154334612629], [151.21779771700005, -33.88153386212632], [151.217758698, -33.88152355312633], [151.21771690000003, -33.881512626126316], [151.21768046900002, -33.88150310612631], [151.2176322150001, -33.88157829612634], [151.217623397, -33.88159207412632], [151.21761419900008, -33.8815831641263], [151.217546942, -33.8816883921263], [151.21754187700003, -33.881694640126334], [151.21746987000006, -33.88165695512633], [151.2173595050001, -33.881611849126315], [151.21729142300012, -33.881584024126305], [151.2172618610001, -33.88143219312632], [151.217251615, -33.88137957412634], [151.21723279100001, -33.881282879126324], [151.21722331600006, -33.881234179126345], [151.217210829, -33.881170014126326], [151.2172058440001, -33.88114987212634], [151.2172041330001, -33.881140971126335], [151.2172006720001, -33.88112164412632], [151.21719111700008, -33.88106847912633], [151.21726357300008, -33.8809645321263], [151.21726482700012, -33.880962193126315], [151.21726672800003, -33.88096017612633], [151.21726917500007, -33.88095862612636], [151.217272008, -33.880957621126356], [151.21727504700004, -33.88095724512635], [151.2172780940001, -33.880957514126344], [151.21728098900007, -33.88095843712631], [151.21730859800005, -33.8809701171263], [151.21730943300008, -33.880970484126344], [151.21736416600004, -33.88099368312634], [151.21744542500005, -33.88102787212632], [151.21748625600003, -33.881045352126314], [151.21752538300007, -33.88106191712632], [151.21756885000002, -33.881080732126335], [151.21761537400005, -33.88110048912631], [151.21766094600002, -33.8811201561263], [151.21770523700002, -33.88113907912634], [151.217749582, -33.88115793112633], [151.21779380200007, -33.881176844126344]]]}, "properties": {"OBJECTID": 275771, "LABEL": "Darlinghurst and Paddington town centre (Oxford Street)", "LAY_CLASS": "Town Centre", "LGA_NAME": "SEPP"}}, {"type": "Feature", "geometry": {"type": "Polygon", "coordinates": [[[151.23845149800002, -33.93921819212559], [151.23848071300006, -33.93934433312558], [151.238493424, -33.939401165125616], [151.23852088, -33.939524060125585], [151.23855165300006, -33.93966186412558], [151.238605849, -33.93990415212558], [151.23866363100012, -33.94013118312559], [151.23869369600004, -33.94025885712557], [151.23870401300007, -33.940302646125595], [151.23872486400012, -33.94039172112559], [151.23873075400002, -33.94041620112556], [151.23874350000006, -33.94047089912561], [151.23875657600001, -33.94052702412557], [151.2387607290001, -33.940544861125595], [151.23880017200008, -33.94071409212557], [151.23880836400008, -33.94075000212558], [151.23883598100008, -33.94087147312558], [151.23885700300002, -33.940967262125575], [151.23885911700006, -33.94097692512559], [151.23886640500007, -33.941010137125595], [151.2388696480001, -33.94102491912559], [151.23893916600002, -33.941341813125554], [151.2389520370001, -33.94139977512559], [151.23903996500007, -33.94175541112556], [151.23905877200002, -33.941836472125594], [151.23907544400004, -33.941907629125566], [151.23909292500002, -33.94198265712558], [151.2391092040001, -33.94205249512559], [151.2391259840001, -33.94212459212558], [151.23913900900004, -33.94217947812555], [151.23915137900008, -33.942233441125595], [151.2391626650001, -33.94228184712555], [151.23916324800007, -33.94228438412554], [151.23917427300012, -33.942331705125554], [151.23918536200006, -33.94237925912555], [151.23919631600006, -33.94242626512559], [151.23920953800007, -33.94248299012556], [151.23922110000012, -33.942532652125536], [151.23923396400005, -33.942587815125556], [151.2392339910001, -33.94258794912557], [151.23924624500012, -33.942640487125544], [151.23925907300008, -33.94269555312557], [151.23932076300002, -33.942960206125555], [151.23933673600004, -33.94302876212557], [151.23935049600004, -33.943089592125574], [151.2393825690001, -33.943225334125565], [151.23940811700004, -33.94333499912553], [151.2394330620001, -33.94344201112555], [151.23898482900006, -33.94351526412557], [151.23876871700008, -33.943550439125566], [151.23874413800002, -33.943441786125575], [151.2387196830001, -33.94333371712557], [151.23867413100004, -33.94313238212559], [151.23865716800003, -33.94306555012557], [151.23859867200008, -33.942801874125536], [151.23854884800005, -33.94280995112555], [151.23853617100008, -33.94275540612555], [151.2385238380001, -33.942702311125544], [151.23851118000005, -33.94264788312554], [151.23849931300003, -33.942596806125586], [151.23848629700012, -33.94254076412553], [151.23847550400012, -33.94249433012558], [151.23846456, -33.942447215125554], [151.2384527900001, -33.942396560125545], [151.23844162900002, -33.94234855712555], [151.2384883320001, -33.94234097312555], [151.23841629700007, -33.942033079125544], [151.2382959580001, -33.9420174971256], [151.23824513300008, -33.94202600812557], [151.23790203400006, -33.942082524125546], [151.23758231500005, -33.94213553712556], [151.23755415200003, -33.942013861125574], [151.23752572600006, -33.94189214712557], [151.23743564000006, -33.941502108125555], [151.2373174590001, -33.94119502812559], [151.23731741200004, -33.94119502012556], [151.23702231900006, -33.94115334812555], [151.23672028600004, -33.9411134781256], [151.23583168800008, -33.94099090812557], [151.2358316420001, -33.940990900125584], [151.23566694900012, -33.94096798812558], [151.23566690300004, -33.9409679811256], [151.23550661000002, -33.94094566912559], [151.235506578, -33.940945665125575], [151.2355065470001, -33.94094566112556], [151.23526567900012, -33.940912138125604], [151.23526563200005, -33.94091213012557], [151.23518534100003, -33.94090094912559], [151.2350777700001, -33.94088597912559], [151.2349697400001, -33.940870938125606], [151.23496969100006, -33.940870931125566], [151.23486333900007, -33.94085612912556], [151.23494077600003, -33.94047520212558], [151.234962665, -33.94036758312557], [151.23498112100003, -33.94027682812561], [151.2353030700001, -33.940321488125626], [151.23529792600004, -33.9403466951256], [151.23538019800003, -33.9403583031256], [151.23561812800006, -33.9403907531256], [151.23577938900007, -33.94041319812561], [151.23578803100008, -33.94037056612558], [151.2359509160001, -33.94039311912559], [151.23596083000007, -33.940341173125596], [151.2359685130001, -33.94030260112561], [151.23602470700007, -33.94002246712558], [151.2361316040001, -33.9400382631256], [151.23618849700006, -33.939756623125625], [151.23683206600003, -33.939845976125596], [151.23693902500008, -33.93986083112561], [151.23693931600008, -33.93986087112558], [151.23701568, -33.93987146912559], [151.23721192100004, -33.93971546912561], [151.23724125400008, -33.93972023812558], [151.23724441800005, -33.93970442512557], [151.2372518940001, -33.93966707312559], [151.2372542610001, -33.939655250125625], [151.2372862080001, -33.9394956021256], [151.2372968840001, -33.939442238125594], [151.23735248800006, -33.939164319125624], [151.23743259900004, -33.939174456125635], [151.23755567400008, -33.93919139912562], [151.23767665200012, -33.9392091661256], [151.23775543700003, -33.93921966212561], [151.2378381840001, -33.93923071512559], [151.23794124200003, -33.9391054161256], [151.23793610500002, -33.93905053912563], [151.23796209300008, -33.938920821125585], [151.23795015200005, -33.93891916312562], [151.237949543, -33.9389131391256], [151.2379455460001, -33.93886771912561], [151.23794507900004, -33.93886245712561], [151.2379443090001, -33.93885488212563], [151.23793886800001, -33.93880316912564], [151.23793814900012, -33.93879621312564], [151.23793321900007, -33.938738080125596], [151.23792669400007, -33.93866977612562], [151.23792633400012, -33.93866588612561], [151.23791863500003, -33.938580504125625], [151.23791315800008, -33.93852337612562], [151.23780288300009, -33.93832979012561], [151.23785480900005, -33.938074229125654], [151.23766124400004, -33.93804649512564], [151.23767536100002, -33.93798020412564], [151.2376872750001, -33.93791918612565], [151.2377030870001, -33.937841773125605], [151.23771988600004, -33.93775944812561], [151.2377393370001, -33.937664002125615], [151.23810095300007, -33.93771406312563], [151.238124609, -33.93781665612559], [151.23814492200006, -33.9379060541256], [151.2381635040001, -33.937986873125595], [151.23819485100012, -33.93812363712563], [151.23825178900006, -33.93837253912558], [151.23830157600003, -33.93857791312562], [151.23831421500006, -33.93862936612564], [151.2383153720001, -33.938633670125576], [151.2383268100001, -33.938682836125594], [151.23833606100004, -33.93872199112562], [151.23833740500004, -33.93872750412563], [151.23835268900007, -33.93879253812564], [151.23835332400006, -33.93879606912562], [151.23836604400003, -33.93885020412559], [151.23836713000003, -33.9388553031256], [151.2383802710001, -33.93891165112559], [151.238381741, -33.938918159125606], [151.23839501700002, -33.93897538612562], [151.238396361, -33.938981247125604], [151.23842265300004, -33.93909390712562], [151.23842401500008, -33.93910007512558], [151.23845149800002, -33.93921819212559]], [[151.24136204, -33.94235673312553], [151.24133424000001, -33.94249252712555], [151.24091507800006, -33.94243415412556], [151.24079340100002, -33.942480309125564], [151.24079195800005, -33.942487275125565], [151.24076677800008, -33.94260911312553], [151.24077448800006, -33.942609759125595], [151.2407676570001, -33.942644054125566], [151.24076088900006, -33.94267864712557], [151.24075435400005, -33.94271017312556], [151.2407472640001, -33.94274591312556], [151.2407404700001, -33.94278072912559], [151.24073380900006, -33.942813922125566], [151.24072700600004, -33.94284890012555], [151.2407213130001, -33.942877889125576], [151.2407148410001, -33.942878302125536], [151.24070591300006, -33.942915977125566], [151.24068863900004, -33.94295429812557], [151.24065719300006, -33.943015953125574], [151.24066695500005, -33.94301436612554], [151.24066657900005, -33.94301512912554], [151.24064213500003, -33.943065937125574], [151.24062999700004, -33.943090935125575], [151.2406169720001, -33.94311828512556], [151.24059214200008, -33.94316902212553], [151.24062233300003, -33.94330124012557], [151.24068033600008, -33.94355671712556], [151.2406690800001, -33.9435746521256], [151.24060863600005, -33.943584583125556], [151.24052392600004, -33.943598487125556], [151.240176893, -33.94365547012554], [151.24014568000007, -33.94364021012555], [151.24013569300007, -33.943597024125566], [151.24011901400002, -33.943524820125575], [151.24010361800003, -33.94345831412552], [151.24008753300006, -33.943388744125535], [151.24005661400008, -33.94325502012557], [151.24002511000003, -33.94311880812555], [151.2400143530001, -33.94307228212554], [151.24001388200008, -33.94307024112557], [151.24000265300003, -33.94302167212557], [151.23999224200008, -33.942976690125555], [151.2399803510001, -33.94292524212554], [151.23996928300005, -33.942877352125564], [151.2399578930001, -33.94282807312558], [151.23994731000005, -33.94278227112553], [151.239935381, -33.94273090112555], [151.2399240200001, -33.94268173112558], [151.23991260200012, -33.942632312125546], [151.23990179400005, -33.94258575112555], [151.23989019200008, -33.942535452125554], [151.23987868300003, -33.94248552212556], [151.23986796400004, -33.942439342125546], [151.2398447820001, -33.94233895312559], [151.23982768500002, -33.94225827112556], [151.23981492000007, -33.94220395112555], [151.23981409500004, -33.94220043712552], [151.23981022300006, -33.942183844125545], [151.23980747100006, -33.942172075125576], [151.23979224100003, -33.942106790125564], [151.2397887720001, -33.94209196312554], [151.23976586900005, -33.94199382712558], [151.2397573620001, -33.94195738712557], [151.23973611500003, -33.94186633712558], [151.23973284500005, -33.94185302012555], [151.23973282100008, -33.94185292212557], [151.23965198200005, -33.94152308212555], [151.23957395900004, -33.941186943125594], [151.2395037000001, -33.94088703512557], [151.2394824260001, -33.940793299125566], [151.2394811380001, -33.94078760912561], [151.23948112100004, -33.94078753312561], [151.23946920700007, -33.94073685212561], [151.23945804000005, -33.9406895251256], [151.23944794400006, -33.94064665512558], [151.2394380190001, -33.94060449212561], [151.23943799900007, -33.940604410125616], [151.23942800800012, -33.9405619911256], [151.2394177440001, -33.94051838212562], [151.23938143100008, -33.940364138125574], [151.23937419600009, -33.94033343612558], [151.23935266500007, -33.94024196012561], [151.23934180100002, -33.94019586712557], [151.23929892900003, -33.94000265112562], [151.2392740150001, -33.939896672125606], [151.23925114600002, -33.93979972412559], [151.23922924200008, -33.93970632312556], [151.23920837200012, -33.939617546125604], [151.23918326400008, -33.939510768125615], [151.23914850200003, -33.93936215212557], [151.23910977100002, -33.93918031312558], [151.23908700100003, -33.93908333112559], [151.23900309700002, -33.938718639125575], [151.23898957100005, -33.93865962112558], [151.23898053400012, -33.93862050912561], [151.2389690340001, -33.93857103712561], [151.23943949400007, -33.93863600612561], [151.23957656700009, -33.9386550461256], [151.23970771100005, -33.93867326112561], [151.239823644, -33.93868927512558], [151.23975749700003, -33.939015436125615], [151.23970272700012, -33.939290370125626], [151.23987469200006, -33.93945986112563], [151.23982452000007, -33.939706138125594], [151.239812625, -33.93976241312564], [151.23975066600008, -33.94006623912559], [151.23971937900012, -33.940248418125584], [151.23976797600005, -33.94025518112557], [151.23987076600008, -33.94026948812558], [151.23989649200007, -33.940273064125556], [151.24017434000007, -33.9403117351256], [151.2402428250001, -33.940321263125604], [151.24031879500012, -33.94033184112561], [151.240391089, -33.940341881125626], [151.24046404700005, -33.94035237012561], [151.24061226600008, -33.9403729781256], [151.24068529600004, -33.94038290912562], [151.24075871000002, -33.940393316125615], [151.24095244800003, -33.94042016312557], [151.2410580720001, -33.94043479312558], [151.24108480200005, -33.940438638125606], [151.24119503200006, -33.94045401012558], [151.24133763100008, -33.94047396512559], [151.2417013810001, -33.9405243611256], [151.24172854100004, -33.94055143212557], [151.24170497500006, -33.94066442312562], [151.2416934460001, -33.94072238412559], [151.2416814720001, -33.9407802181256], [151.2416701950001, -33.940834568125574], [151.2416564450001, -33.9409015561256], [151.24163140000007, -33.94102558212556], [151.24161579200006, -33.94110005312556], [151.24160028000006, -33.94118164712555], [151.2415701120001, -33.941329622125565], [151.24154018100012, -33.94147645212556], [151.241533709, -33.941508166125544], [151.24147908300006, -33.941776083125575], [151.24142500300002, -33.94204519812558], [151.24136204, -33.94235673312553]]]}, "properties": {"OBJECTID": 275772, "LABEL": "Maroubra Junction town centre", "LAY_CLASS": "Town Centre", "LGA_NAME": "SEPP"}}, {"type": "Feature", "geometry": {"type": "Polygon", "coordinates": [[[151.24344810200012, -33.87884145912633], [151.24327999900004, -33.878926267126324], [151.24310473600008, -33.87901467012632], [151.2430836530001, -33.878993174126336], [151.24300004600002, -33.87890379412631], [151.2429527160001, -33.87885407112636], [151.2428976770001, -33.87875748412633], [151.24287080300007, -33.87877110912634], [151.24256320400002, -33.87892853512634], [151.242420454, -33.87899610412632], [151.2424060930001, -33.878979360126344], [151.24239479800008, -33.878966219126326], [151.2423916790001, -33.87895942412635], [151.2423743160001, -33.87892161512635], [151.24231379100002, -33.87885366812637], [151.24218329300004, -33.87889903412636], [151.2421631520001, -33.87886515912636], [151.24213408100002, -33.87887283312633], [151.24203796100005, -33.87870086812634], [151.24187300500012, -33.878688614126325], [151.2417199360001, -33.87867748112634], [151.2415721110001, -33.87866042212634], [151.24150477500007, -33.87865275812638], [151.24127006100002, -33.878625660126346], [151.2412422540001, -33.87862266612635], [151.2412143680001, -33.87862031712634], [151.24118640900008, -33.87861863212638], [151.24115839600006, -33.878617601126365], [151.2411303660001, -33.87861723412637], [151.241113379, -33.878617413126356], [151.24110233600004, -33.87861752112636], [151.24107432300002, -33.878618471126366], [151.2410463650001, -33.878620075126335], [151.24101846000008, -33.87862234312636], [151.240990645, -33.87862525712636], [151.24096271300004, -33.878629165126334], [151.24091294400012, -33.878635800126375], [151.24087619300008, -33.87839969612636], [151.24092267100002, -33.87820491812639], [151.24089495400005, -33.87820041812635], [151.24093298800005, -33.87803747012637], [151.24093994300006, -33.87800863412639], [151.2409623540001, -33.87791162512636], [151.2409845300001, -33.877814707126376], [151.2410074080001, -33.877714775126364], [151.24101929300002, -33.877664201126365], [151.24108742900012, -33.8773660861264], [151.24109332700004, -33.877340270126396], [151.24115768800004, -33.877343649126345], [151.24120772100002, -33.87713118312638], [151.2411025140001, -33.87706670712639], [151.2412616790001, -33.87688314312641], [151.2411295060001, -33.87680429612639], [151.24127512400003, -33.876638695126346], [151.2413498310001, -33.87656344312636], [151.24162885300007, -33.876738626126375], [151.2416288700001, -33.87673856312636], [151.24162888900003, -33.87673850012639], [151.2416851380001, -33.87649589012637], [151.24134295600004, -33.8763300131264], [151.2413113120001, -33.87631467312638], [151.24131110700012, -33.87631456712635], [151.24136948000012, -33.876214520126396], [151.24147255700007, -33.8760696981264], [151.24147879600002, -33.87606094012637], [151.2415404510001, -33.87597245612637], [151.2416603800001, -33.875805753126365], [151.24176782100005, -33.87565491112639], [151.24186376300008, -33.87570159212642], [151.24192921200006, -33.8754192511264], [151.24214306300007, -33.8754540601264], [151.24254857500011, -33.87551366312642], [151.2425454470001, -33.875539030126404], [151.24263739900005, -33.87555496812639], [151.2427697170001, -33.875578204126384], [151.24285719600005, -33.875592966126376], [151.24296030000005, -33.875620055126376], [151.24300441200012, -33.87563165512637], [151.24306538400003, -33.875647234126426], [151.24317211000005, -33.8756748251264], [151.24327525900003, -33.875701368126386], [151.24341439700004, -33.87573717912636], [151.24348705900002, -33.875756049126394], [151.24358769800006, -33.875780269126395], [151.243655331, -33.87579628712639], [151.24376747000008, -33.87582319712641], [151.24378160700007, -33.87573003412638], [151.2437943010001, -33.87564638312636], [151.24408706300005, -33.87572514012641], [151.2441904090001, -33.8757522111264], [151.2442310780001, -33.87564698312641], [151.24436324300007, -33.87565936212639], [151.24436521500002, -33.8756595601264], [151.2445408200001, -33.87567589212638], [151.24452908600006, -33.87583880412637], [151.24452229100007, -33.87593293412642], [151.24451570300005, -33.876024627126405], [151.24459899700003, -33.8760453161264], [151.2450422920001, -33.87622283812642], [151.2450569030001, -33.87622869212641], [151.24515060300007, -33.87626769512639], [151.24513354500004, -33.876298333126385], [151.24509594000006, -33.876362444126414], [151.2450730920001, -33.87639756312637], [151.24504785800002, -33.876430865126395], [151.24501955900007, -33.876461611126395], [151.24500116500008, -33.876481503126406], [151.24497766100012, -33.87650576812637], [151.2449141610001, -33.87657329412638], [151.24488815600012, -33.876598492126384], [151.24485905000006, -33.87662641512639], [151.24484718200006, -33.87664075812637], [151.24480936200007, -33.87668584612639], [151.24468833900005, -33.8768391481264], [151.2446422390001, -33.87693076912637], [151.2446904730001, -33.87695190612639], [151.2446936020001, -33.876936900126374], [151.24471257000005, -33.87688882612638], [151.244720754, -33.87687490512638], [151.2447369250001, -33.87685086412636], [151.24488474100008, -33.876662584126386], [151.2449365970001, -33.876607062126354], [151.245016189, -33.876529388126414], [151.24506409200012, -33.8764781861264], [151.2451240700001, -33.8763986401264], [151.24513121300004, -33.8763870581264], [151.24515864300008, -33.87634221912641], [151.2451875160001, -33.87635937812639], [151.24533787000007, -33.87648238112637], [151.2452168100001, -33.8766127181264], [151.24541054300005, -33.876763615126364], [151.24529885100003, -33.87688679112635], [151.24533434700004, -33.87691354012639], [151.24528275000011, -33.87701840912636], [151.24525650400005, -33.87710643512637], [151.24523908700007, -33.877219911126346], [151.24520108900003, -33.877251141126386], [151.24503235100008, -33.877369797126384], [151.2448572840001, -33.87752705212634], [151.24488306500007, -33.87759190712636], [151.24497308900004, -33.877947814126394], [151.24508111600005, -33.878214190126386], [151.24488649800003, -33.878293903126384], [151.24455070700003, -33.87846104612638], [151.24459064300004, -33.87856033012637], [151.2445940120001, -33.87857012912635], [151.24459091000006, -33.87857169712637], [151.2444509920001, -33.87864243212639], [151.2443156710001, -33.87871113112639], [151.24417037400008, -33.87878498612635], [151.2439982310001, -33.878871766126366], [151.243907228, -33.87891772412633], [151.2438877310001, -33.87892756712633], [151.24382896300006, -33.878957264126335], [151.243747105, -33.878998633126365], [151.24361775400007, -33.878755881126345], [151.24344810200012, -33.87884145912633]]]}, "properties": {"OBJECTID": 275773, "LABEL": "Double Bay town centre", "LAY_CLASS": "Town Centre", "LGA_NAME": "SEPP"}}, {"type": "Feature", "geometry": {"type": "Polygon", "coordinates": [[[150.90595983700007, -33.768500855127726], [150.9060459640001, -33.76852168812771], [150.90601871400008, -33.768476043127734], [150.90621479300012, -33.76851736812771], [150.90632535300006, -33.76854109512775], [150.90641657100002, -33.768562044127734], [150.906403457, -33.76858427412774], [150.90657411200004, -33.76882823812772], [150.9066756300001, -33.76891129812773], [150.9067241790001, -33.768904898127715], [150.90674540600003, -33.76889201712773], [150.90676059100008, -33.768874233127725], [150.90678157600007, -33.76880576512774], [150.90679488700005, -33.768787022127725], [150.9068372590001, -33.76865447112775], [150.90700459000004, -33.768692658127726], [150.90733674000012, -33.768768439127754], [150.90741271100012, -33.768784763127755], [150.90764788100012, -33.768835303127695], [150.9079108840001, -33.76889375612772], [150.9079750310001, -33.76890716712771], [150.90804407100006, -33.76892106912775], [150.9081454100001, -33.769005689127745], [150.90857482800004, -33.76936544112774], [150.9086489440001, -33.76942743512771], [150.9086857850001, -33.76945817412772], [150.90864405700006, -33.769782140127724], [150.90863957500005, -33.76981363812771], [150.90863780000006, -33.769826054127705], [150.90862615600008, -33.76990795812772], [150.90861835700002, -33.769962719127726], [150.90861063900002, -33.77001695112769], [150.9086090620001, -33.770027995127705], [150.90859329400007, -33.77013886112772], [150.9085738240001, -33.770275589127735], [150.90856220700005, -33.77035722412769], [150.9085506980001, -33.770438276127734], [150.90852920200007, -33.77058913112768], [150.90852168700007, -33.77064211212769], [150.90851234900003, -33.7707075541277], [150.9085048380001, -33.77076032512772], [150.90849703900005, -33.770815131127705], [150.90848921300005, -33.77087016112769], [150.90848150300008, -33.770924509127674], [150.90847368900006, -33.77097941412767], [150.9084658260001, -33.77103391512772], [150.9084619990001, -33.77106138912768], [150.9084425650001, -33.77119783012767], [150.90841767200004, -33.771373068127666], [150.908367859, -33.7717229751277], [150.90834095800005, -33.77191191112769], [150.9081001950001, -33.77188373612766], [150.90768259000004, -33.77182288812769], [150.90752488600003, -33.771800210127715], [150.9074089280001, -33.77178339412767], [150.90735652500007, -33.77177580112771], [150.90720420900004, -33.77175330112772], [150.9070418350001, -33.77172927812768], [150.90688572800002, -33.77170685912767], [150.90672361400004, -33.771683382127705], [150.90656153600003, -33.771659896127666], [150.90614462200006, -33.77159946112773], [150.90617501600002, -33.7713879281277], [150.9062178480001, -33.77129036512769], [150.906220565, -33.77128325712772], [150.90626783100004, -33.77115960812769], [150.90627119300007, -33.771150778127726], [150.90628457600008, -33.77111576512773], [150.90630605400008, -33.7710960621277], [150.9063628230001, -33.77105212112769], [150.9063625450001, -33.771046545127724], [150.9064226480001, -33.77094635512771], [150.90647932800005, -33.77079326812771], [150.906496897, -33.77078553212774], [150.9065016840001, -33.77077261612774], [150.9064924060001, -33.77075793212772], [150.90656618000003, -33.770558680127714], [150.9065723650001, -33.77056027612771], [150.90658033400007, -33.7705387451277], [150.9065741490001, -33.770537148127715], [150.90658778300008, -33.77050032512767], [150.90658972800009, -33.770497107127724], [150.90663903900008, -33.77041570512769], [150.90668764200007, -33.77028605012771], [150.9067040100001, -33.77018401312769], [150.90676515300004, -33.77001730112768], [150.9067713380001, -33.77001888812772], [150.9067808220001, -33.76999302612771], [150.90677463600002, -33.769991439127715], [150.9068073840001, -33.769902230127705], [150.90681980600004, -33.7698431851277], [150.90682412700005, -33.7698226751277], [150.90682843000002, -33.769770352127715], [150.90683079600012, -33.76967422312773], [150.9068263140001, -33.769636000127754], [150.90682565100008, -33.76963033512773], [150.90682557000002, -33.7696296191277], [150.90682542700006, -33.76962836312772], [150.90682527400008, -33.76962709912773], [150.90682446800008, -33.769620144127735], [150.90682260300002, -33.769604304127746], [150.90682507700012, -33.7695855691277], [150.90684196600012, -33.7694570521277], [150.90686835500003, -33.76933641512771], [150.90688050200004, -33.7693034271277], [150.90693674200008, -33.76915097712773], [150.90628365300006, -33.76912831612773], [150.90623000400012, -33.76912397812773], [150.90478672200004, -33.76901134512773], [150.90460195700007, -33.768996895127735], [150.90460422500007, -33.76881469312772], [150.90464619400007, -33.76840150812773], [150.9047183360001, -33.768199433127705], [150.90483596100012, -33.76822061412774], [150.9049953770001, -33.768251674127704], [150.90515719600012, -33.76828316512772], [150.90531851900005, -33.76831523812771], [150.90531557000008, -33.76834523312775], [150.90547762100005, -33.768384557127746], [150.90563828200004, -33.76842320912775], [150.90579984900012, -33.76846227512776], [150.90595983700007, -33.768500855127726]]]}, "properties": {"OBJECTID": 275775, "LABEL": "Blacktown station and town centre", "LAY_CLASS": "Town Centre", "LGA_NAME": "SEPP"}}, {"type": "Feature", "geometry": {"type": "Polygon", "coordinates": [[[151.17510334000008, -33.883043091126325], [151.1749252080001, -33.88344137912631], [151.17486297100004, -33.88342048412626], [151.17480098500005, -33.883399499126284], [151.17468116400005, -33.88335922412629], [151.17461835300003, -33.883338427126276], [151.17455764800002, -33.88331803412629], [151.17435597000008, -33.88325523812629], [151.17434074800008, -33.88329018312633], [151.17433183700007, -33.88331063912628], [151.17432420900002, -33.88332834312628], [151.17421037600002, -33.88358574412629], [151.1740653820001, -33.88353584212629], [151.17410081800006, -33.883464246126294], [151.173966564, -33.88341801912631], [151.17401829400012, -33.88329628812627], [151.17395583400003, -33.8832749891263], [151.17383687200004, -33.88323432012632], [151.17397921200006, -33.88291184112629], [151.17400745700002, -33.8828467531263], [151.1740353, -33.88278361112633], [151.1740744550001, -33.88269408812632], [151.17437890700012, -33.882798294126275], [151.1745325590001, -33.88284899412631], [151.1747363820001, -33.882919164126314], [151.17479677300003, -33.88293935112628], [151.17485648100012, -33.88295955612628], [151.1749202420001, -33.882980989126295], [151.17498010400004, -33.88300137312629], [151.17504186500003, -33.88302253712631], [151.17510334000008, -33.883043091126325]]]}, "properties": {"OBJECTID": 275780, "LABEL": "Annandale town centre (Booth Street)", "LAY_CLASS": "Town Centre", "LGA_NAME": "SEPP"}}, {"type": "Feature", "geometry": {"type": "Polygon", "coordinates": [[[151.03147016700007, -33.87221595312642], [151.03053170200008, -33.87281444212645], [151.03019152000002, -33.87307558212641], [151.03011222100008, -33.873008142126416], [151.03014423900004, -33.872848364126455], [151.0302381250001, -33.87237800812641], [151.03022384300004, -33.87214230112641], [151.0302526700001, -33.87199328912646], [151.0302762540001, -33.871872297126465], [151.030327832, -33.871784718126435], [151.03064905700012, -33.871632985126446], [151.03068106900002, -33.871457691126466], [151.03070701500008, -33.87132161512643], [151.03073258900008, -33.871182288126434], [151.031055325, -33.87122621212645], [151.03131581700006, -33.87101121512642], [151.03132319600002, -33.871008177126434], [151.03146707400003, -33.87093781312644], [151.03161022200004, -33.87086815912644], [151.03175373800002, -33.870797969126464], [151.0318953620001, -33.87072874112647], [151.0320370720001, -33.870659514126444], [151.03238889700003, -33.871168094126475], [151.03251304000003, -33.87133226012645], [151.03358476000005, -33.87082207012646], [151.033836532, -33.87070215712646], [151.03345145700007, -33.87104911612648], [151.03318699200008, -33.87125285012644], [151.03290591000007, -33.87143955012648], [151.0326428080001, -33.87159920912644], [151.03258536600003, -33.87162916612646], [151.032562266, -33.87159868912642], [151.03240083900005, -33.87138564212644], [151.0323422890001, -33.871412294126465], [151.03250724600002, -33.871627418126415], [151.03253065900003, -33.871657986126415], [151.0319105850001, -33.871974458126424], [151.03190924900002, -33.87197519412644], [151.0315069180001, -33.87219624612645], [151.03147016700007, -33.87221595312642]]]}, "properties": {"OBJECTID": 275781, "LABEL": "Berala station and town centre", "LAY_CLASS": "Town Centre", "LGA_NAME": "SEPP"}}, {"type": "Feature", "geometry": {"type": "Polygon", "coordinates": [[[151.169943718, -33.77458292512764], [151.16993041600006, -33.77461433512765], [151.170070774, -33.77455491212766], [151.1703608480001, -33.77442468412763], [151.1704068680001, -33.77440400312768], [151.17048162800006, -33.77437040612763], [151.170765823, -33.774242688127664], [151.17079960800004, -33.77429126412763], [151.17088343800003, -33.77442245212765], [151.1709455780001, -33.77451920012766], [151.17107897000005, -33.77472749612765], [151.1710865450001, -33.77475582212765], [151.17107772500003, -33.774781325127684], [151.17105333300003, -33.77480085712764], [151.1706754820001, -33.774971168127664], [151.17053270700012, -33.77503551612763], [151.1703871310001, -33.77510107912764], [151.17025265300003, -33.77516167512768], [151.17009720200008, -33.77523166912767], [151.16996107300008, -33.77529297112762], [151.16989130600007, -33.77532490912763], [151.16969725400008, -33.775413393127636], [151.16948552500003, -33.77552366812762], [151.16947090700012, -33.77549902512765], [151.16939756800002, -33.77537537712766], [151.1693620100001, -33.77531542512765], [151.16932740000004, -33.77525828012762], [151.1692997010001, -33.77521035912765], [151.16918621700006, -33.77503287212763], [151.16912759700006, -33.77495252612767], [151.1691110810001, -33.77492988512763], [151.16888979600003, -33.77462648112767], [151.1688596790001, -33.774587890127655], [151.16905727000005, -33.77451524712764], [151.16902302100004, -33.774468758127654], [151.16898803100003, -33.774421252127645], [151.1689848320001, -33.77441691312767], [151.16897338500007, -33.774401378127685], [151.16895487400006, -33.77437197612763], [151.1688589700001, -33.77421966812765], [151.1688233640001, -33.77416312412767], [151.16894862000004, -33.774108660127666], [151.16924904600012, -33.77397803512766], [151.16948763100004, -33.773873910127655], [151.16956617200003, -33.77399891312765], [151.16964377500005, -33.77412242712765], [151.169644736, -33.77412390412767], [151.16980179200004, -33.77436471612768], [151.16988089900008, -33.77448633912766], [151.169943718, -33.77458292512764]]]}, "properties": {"OBJECTID": 275785, "LABEL": "Lindfield station and town centre", "LAY_CLASS": "Town Centre", "LGA_NAME": "SEPP"}}, {"type": "Feature", "geometry": {"type": "Polygon", "coordinates": [[[151.15114428100014, -33.75334490812792], [151.151428806, -33.75354635612792], [151.15145623600029, -33.753566471127876], [151.1515488880001, -33.75366335312793], [151.1516499930001, -33.753800852127924], [151.15165011700003, -33.75380107712794], [151.15170485200008, -33.75390112312793], [151.15173182500007, -33.75395046112793], [151.15180809000015, -33.754089842127925], [151.15191307600003, -33.75428165312791], [151.1519656050001, -33.75437781012794], [151.15200387200014, -33.75444775612787], [151.15209327900016, -33.754611178127895], [151.1522437760001, -33.75491686712789], [151.15247638200015, -33.75534819612787], [151.15250669800002, -33.75540457112791], [151.15253293600006, -33.755453577127774], [151.15258843200002, -33.755554538127875], [151.15271315600023, -33.75581829412792], [151.15271533500015, -33.75582760812782], [151.15272730200013, -33.75588168712786], [151.1527381840001, -33.75593216412788], [151.15274798200005, -33.75597813112782], [151.15275778800003, -33.75602500412789], [151.15278498500004, -33.756148491127895], [151.15279478200023, -33.75619626912785], [151.15280640900005, -33.75625155912788], [151.15281642100013, -33.75629445212788], [151.1528274200001, -33.75634318912775], [151.1528404810001, -33.7564008811279], [151.1528475440001, -33.756429718127904], [151.15289759000018, -33.75665870312782], [151.15285502900008, -33.75662827012788], [151.15255381300005, -33.75666781212785], [151.15237840600003, -33.75669083912789], [151.1520899000002, -33.75672869412786], [151.1520730210001, -33.7565637301279], [151.15194960000008, -33.75628381212792], [151.15182122300007, -33.756324544127914], [151.15170208200004, -33.756076421127794], [151.15160269000012, -33.75591882512789], [151.1513955680001, -33.75546221812787], [151.15140983900005, -33.75545862312792], [151.1512104530001, -33.75501280912792], [151.1510388370001, -33.754838334127875], [151.15081438800007, -33.75487560612792], [151.15066651900008, -33.754900141127834], [151.15049691100023, -33.75492824312793], [151.15035680400013, -33.75432753112787], [151.1504890230001, -33.754305838127934], [151.1505162730001, -33.75430147212783], [151.15067299100008, -33.75427585312785], [151.1508193540002, -33.754251821127916], [151.15078415300002, -33.754104023127866], [151.15067743700024, -33.75364657312787], [151.1506083060001, -33.75347444712792], [151.15054601600013, -33.753484791127896], [151.1503970340001, -33.75350932512789], [151.15031072900013, -33.75316735012792], [151.1502889830001, -33.75308480012792], [151.1501676460001, -33.753105157127834], [151.1500814310001, -33.75311939212793], [151.14991894900004, -33.75314616812785], [151.149812278, -33.7531636921279], [151.1496468030001, -33.7531909521279], [151.1496235420002, -33.753084540127816], [151.1495500640001, -33.7527614961279], [151.14971092200017, -33.75273487312792], [151.14983840800005, -33.75271393412789], [151.14988422300019, -33.75271271412795], [151.14992068800007, -33.75271765412794], [151.14995771000008, -33.75273208612789], [151.15001253200023, -33.75276040412791], [151.15005548800002, -33.752782591127875], [151.15010987200014, -33.7528106841279], [151.15021329100023, -33.75286410712796], [151.15026230600006, -33.752889412127914], [151.1503869070002, -33.75295377812791], [151.15051293000022, -33.7530188701279], [151.1506787720001, -33.753104467127855], [151.150732467, -33.753132211127934], [151.15073726200012, -33.7531346761279], [151.15082027800008, -33.75317756012794], [151.1508249210002, -33.75317989012791], [151.1508362960002, -33.75318583312794], [151.15090023800008, -33.75321885312793], [151.1509213290002, -33.7532297391279], [151.15100104700002, -33.75327092312778], [151.15114428100014, -33.75334490812792]], [[151.15278927000008, -33.75403414812786], [151.15271699300024, -33.754055097127825], [151.15276733400003, -33.75411371412787], [151.1528248300002, -33.75418066512791], [151.15396515600003, -33.755795445127916], [151.1541532020002, -33.75605946112782], [151.15423178900016, -33.75616496712782], [151.15423572400005, -33.756225384127866], [151.15419927700032, -33.756274301127824], [151.15416131400013, -33.75630681312782], [151.15422996000007, -33.756397188127856], [151.15425279900012, -33.75642725612785], [151.15425949000007, -33.756436064127875], [151.15425997700004, -33.75643670612783], [151.15404861900015, -33.75649813112787], [151.153942593, -33.75653122512785], [151.15388113600022, -33.75655040812776], [151.15381878300013, -33.756569871127866], [151.15376041700006, -33.75658809112782], [151.1536974190002, -33.756607753127874], [151.1535841780002, -33.75664309912788], [151.15347491500006, -33.75667720512777], [151.15339206100032, -33.75649833812788], [151.1531603430002, -33.75657160012788], [151.1531127080002, -33.75636260512792], [151.1530954110001, -33.75628326412785], [151.15308372500022, -33.75622963412777], [151.15307201500013, -33.756175929127856], [151.1530612170003, -33.75612636912781], [151.15305025100008, -33.75607607912784], [151.15302656300014, -33.755967392127815], [151.15298460400027, -33.75577489112789], [151.15297040500025, -33.75570967812783], [151.15293654800007, -33.75564551312791], [151.15293585800032, -33.75564417812782], [151.15286177900032, -33.75550398112788], [151.1528527700002, -33.75548712912788], [151.152829805, -33.75544478312785], [151.1527973100001, -33.75538260912786], [151.15277565300016, -33.755342065127806], [151.15274965800006, -33.755291607127866], [151.15272257800007, -33.75524025212789], [151.15269442200008, -33.75518619012779], [151.1526067000001, -33.75502104712788], [151.15257354200003, -33.754958147127915], [151.15253961200006, -33.75489389412783], [151.1525073260001, -33.75483275812785], [151.15247389700005, -33.754769447127764], [151.1524694330002, -33.754760994127864], [151.152446692, -33.75471793112783], [151.15242068700002, -33.754668683127846], [151.15240025100002, -33.754629984127845], [151.152375924, -33.75458391712786], [151.15234100800012, -33.7545177911279], [151.15231562700012, -33.754469719127925], [151.15227509600004, -33.75439296812788], [151.15216951800016, -33.75421680712786], [151.15214177100006, -33.75416541912789], [151.1520361700001, -33.75396986812778], [151.151952079, -33.75381410112794], [151.15190067000015, -33.753717738127875], [151.1518991280002, -33.75371575712791], [151.15167128200017, -33.75338797112794], [151.15201366100018, -33.753190620127896], [151.1521427690002, -33.75329800912789], [151.15233897300004, -33.75348651212796], [151.1525208070002, -33.75368749312786], [151.15259009900024, -33.75377346712788], [151.15269065700022, -33.75390168812793], [151.15278927000008, -33.75403414812786]], [[151.14944924600002, -33.75215292312795], [151.1492035880001, -33.75206737112787], [151.14914100200008, -33.7520451851279], [151.14898256300012, -33.75197593812797], [151.14889885800005, -33.7519381731279], [151.1487593600001, -33.75187518312796], [151.1486784870001, -33.75183295412793], [151.1485907770001, -33.75178526212787], [151.14851303900002, -33.75174299112794], [151.14838195900006, -33.75166400012786], [151.14831369800015, -33.75162190612795], [151.1482969660002, -33.751609297127885], [151.1480391580002, -33.75141499012792], [151.14785123700017, -33.75124566112791], [151.1478161870001, -33.75120423912787], [151.1477618130001, -33.751139984127875], [151.1477285740001, -33.75107070212791], [151.1477308960001, -33.750995279127984], [151.14774922700008, -33.750924132127956], [151.14780381700018, -33.75086419312797], [151.14789221600006, -33.75094021812797], [151.14788208900006, -33.75100211312794], [151.14845627800003, -33.751433624127934], [151.1484004780001, -33.75148340312789], [151.14882986600003, -33.75174047912789], [151.14884694900013, -33.75171869212787], [151.14916174100006, -33.751896490127955], [151.1492687230001, -33.75192095412794], [151.14924901700022, -33.75196445512786], [151.1495416380002, -33.75203218712792], [151.1495818950002, -33.75204606312787], [151.1496012030002, -33.75204839412789], [151.14960016300006, -33.75207965112788], [151.14985484800013, -33.75213962912791], [151.15002710900012, -33.752214201127934], [151.15008524000018, -33.752227673127955], [151.15005885900007, -33.752323839127946], [151.15012384800002, -33.752342287127945], [151.15028290500015, -33.75238759112793], [151.1502815780001, -33.75238934812786], [151.15030158600018, -33.752394457127956], [151.15037786000005, -33.75241508312793], [151.15023937600017, -33.75259456012793], [151.1501669920002, -33.75254248812792], [151.1500348180001, -33.75245891712792], [151.14990469700012, -33.752393579127855], [151.14975975800007, -33.75231700012791], [151.1495040970002, -33.75218192112791], [151.14944924600002, -33.75215292312795]]]}, "properties": {"OBJECTID": 275786, "LABEL": "Gordon station and town centre", "LAY_CLASS": "Town Centre", "LGA_NAME": "SEPP"}}, {"type": "Feature", "geometry": {"type": "Polygon", "coordinates": [[[151.10454521600002, -33.96585016012527], [151.10430673200005, -33.96599616412529], [151.10412828800008, -33.96610441312529], [151.1038277440001, -33.96628778912528], [151.10366973400005, -33.96643585512529], [151.1036359320001, -33.96646753512528], [151.1037201480001, -33.96654162212527], [151.10367519300007, -33.966637295125246], [151.1037009810001, -33.966664530125236], [151.10382560100004, -33.96679615412525], [151.10384455000008, -33.966815973125236], [151.1038523840001, -33.96682205912527], [151.10385247500005, -33.96682213212525], [151.10403512400012, -33.966966138125265], [151.10422727700006, -33.96711753912525], [151.1042742840001, -33.96715457912525], [151.1044168830001, -33.967148349125246], [151.10454023500006, -33.96709979112525], [151.1045555190001, -33.96711798812527], [151.10491055600005, -33.967046267125234], [151.1051734780001, -33.96699735912525], [151.10535883600005, -33.966966631125274], [151.10556622600006, -33.96694101212525], [151.10579506800002, -33.96691274012524], [151.105941163, -33.966915312125266], [151.10620429100004, -33.966850646125245], [151.10624205700003, -33.96690528112527], [151.1064763390001, -33.967172938125266], [151.1065312170001, -33.96723563112528], [151.10665251600005, -33.96743478412527], [151.10658820100002, -33.96743609312523], [151.10642941300011, -33.967439329125234], [151.10620133300006, -33.96743687212524], [151.10607577400003, -33.967435510125284], [151.10597075200008, -33.967448383125266], [151.10593889500012, -33.967452272125236], [151.105889917, -33.96745860112527], [151.1058341690001, -33.967465754125286], [151.10577327600004, -33.96747350812525], [151.1057106720001, -33.96748143312528], [151.10564470600002, -33.96748985812524], [151.10557687400012, -33.96749829412529], [151.10551429800012, -33.967509866125226], [151.10544935400003, -33.96752193112525], [151.10538511800007, -33.967533854125236], [151.10532027300007, -33.96754616112526], [151.10527618800006, -33.96755407612523], [151.10521131500002, -33.967566053125275], [151.10513780200006, -33.96758952912524], [151.1050775110001, -33.96762366312527], [151.1050727060001, -33.96762638912527], [151.1050170750001, -33.96766955112526], [151.10497603800002, -33.96771831512523], [151.10495577000006, -33.967799671125256], [151.1049427370001, -33.967852048125216], [151.1048290120001, -33.96809633512527], [151.10482586500007, -33.968103245125235], [151.10482315700006, -33.96811028212522], [151.1048177790001, -33.96812908012526], [151.10478269400005, -33.96812042112527], [151.104662146, -33.96809184412523], [151.1046453660001, -33.96808659912523], [151.10464213000012, -33.96810206212524], [151.1046092680001, -33.96809530312525], [151.10452248700005, -33.968067756125265], [151.10453375500003, -33.96805233012526], [151.1044612280001, -33.96803018912525], [151.10438931800002, -33.96800826312523], [151.10431834300005, -33.96798700012527], [151.10424719500008, -33.96796522712526], [151.10420925000005, -33.967953637125284], [151.1041378330001, -33.967916104125266], [151.10398901400004, -33.967837885125256], [151.10392035900009, -33.967801205125234], [151.1038554150001, -33.96776250712526], [151.10382006100008, -33.96774144112527], [151.10378657100011, -33.96772150512527], [151.1037524190001, -33.967701166125266], [151.10371797100004, -33.96768063912526], [151.10368397900004, -33.96766030012526], [151.1036474770001, -33.96763853512527], [151.10360865400003, -33.967615525125275], [151.103567859, -33.96759123312523], [151.1035592180001, -33.967602984125236], [151.10354601400002, -33.96759521212529], [151.1034325390001, -33.967528403125236], [151.1034457510001, -33.96751482212523], [151.10297502700007, -33.967234573125275], [151.10277899300002, -33.96717232712525], [151.10277475300006, -33.96718159612527], [151.10271108300003, -33.96715668512526], [151.1024592120001, -33.96705359812526], [151.10238404000006, -33.967022906125266], [151.10232042300004, -33.96699672312527], [151.1023191060001, -33.96699618512527], [151.10225339900012, -33.9669695711253], [151.10225951300004, -33.966960903125255], [151.10219659200004, -33.96693529712526], [151.10219656700008, -33.96693528712525], [151.1020791310001, -33.966887264125276], [151.10188347500002, -33.96680723312523], [151.10187890200007, -33.96680537012527], [151.1018287400001, -33.96677878212526], [151.10177108300002, -33.966749084125254], [151.10171416200012, -33.966717862125236], [151.1016595000001, -33.96668933912527], [151.10160449700004, -33.96665991112528], [151.10154969000007, -33.96663058012524], [151.1015432910001, -33.96664044112528], [151.10148735500002, -33.96661016012525], [151.10149397100008, -33.96660075612529], [151.10144026800003, -33.9665720101253], [151.10140132800007, -33.96655121512528], [151.1013847260001, -33.96654230312528], [151.1013590540001, -33.966528535125235], [151.1013281280001, -33.96651197812527], [151.10135934100003, -33.96646865512527], [151.10135056500008, -33.96646438812527], [151.1013102270001, -33.96644477412527], [151.101273224, -33.96642677512525], [151.10123467900007, -33.96640804112528], [151.1011949330001, -33.966388696125264], [151.10118842600002, -33.966399417125295], [151.10115040800008, -33.96638101412527], [151.10115671900007, -33.9663701231253], [151.1010897760001, -33.96633745812525], [151.10120190700002, -33.9661819961253], [151.1011966540001, -33.96617939612526], [151.10117338300006, -33.96613165412528], [151.101159337, -33.96610282612524], [151.10114528000008, -33.9660742851253], [151.10111680300008, -33.96601486312525], [151.1010877860001, -33.96595271612525], [151.1010583750001, -33.96589582112526], [151.1010342620001, -33.96585105512528], [151.10114344400006, -33.96579706512526], [151.1012267640001, -33.96575587612526], [151.10141820600006, -33.96557460612528], [151.10159759500004, -33.96540591212531], [151.10166088900007, -33.96534248312529], [151.10173540800008, -33.96526781412526], [151.101877531, -33.96545250712528], [151.10214973100005, -33.9656538651253], [151.10215179300008, -33.96565539812527], [151.10215952900012, -33.96564989512527], [151.102181867, -33.96566206012526], [151.10220454600005, -33.96567379212527], [151.1022275460001, -33.96568508612526], [151.1022513900001, -33.965694750125266], [151.10227561200008, -33.96570375012529], [151.10230019000005, -33.965712068125285], [151.10232507600006, -33.96571969612526], [151.10235025400004, -33.965726635125264], [151.1023756950001, -33.965732865125254], [151.10240135900005, -33.96573838612526], [151.10242725500007, -33.96574319112524], [151.10245331400006, -33.965747278125285], [151.10247953400005, -33.9657506311253], [151.10249507600008, -33.96575218212527], [151.10250586100005, -33.965753257125264], [151.10251761300003, -33.96575293512526], [151.1025292930001, -33.9657518781253], [151.1025408470001, -33.965750103125266], [151.10255221400007, -33.96574760212528], [151.10256333000007, -33.96574442012528], [151.10257412200008, -33.96574054612526], [151.1025845380001, -33.965736011125294], [151.1025945240001, -33.96573084812527], [151.1026040160001, -33.96572506612526], [151.10261296200008, -33.965718719125306], [151.10262131800005, -33.96571182712526], [151.10262902600005, -33.965704440125286], [151.10264606600003, -33.96568847512528], [151.1027340390001, -33.96560607812527], [151.10282050500007, -33.96552509812525], [151.10290746500004, -33.96544366012526], [151.10300275200007, -33.9653541731253], [151.10300518100007, -33.96535213712528], [151.10312406200012, -33.96527300312531], [151.10323828100002, -33.965196926125294], [151.1033512360001, -33.965121647125294], [151.10346309700003, -33.96504722612531], [151.10357867000005, -33.96497042412527], [151.1037611490001, -33.96484897212528], [151.10382759100003, -33.96503666812531], [151.10412451500008, -33.965369806125274], [151.10417017600003, -33.965423975125276], [151.10424556300006, -33.96551248512529], [151.1043283450001, -33.96560965512529], [151.1044111010001, -33.965706869125285], [151.10454521600002, -33.96585016012527]]]}, "properties": {"OBJECTID": 275788, "LABEL": "Hurstville station and town centre", "LAY_CLASS": "Town Centre", "LGA_NAME": "SEPP"}}, {"type": "Feature", "geometry": {"type": "Polygon", "coordinates": [[[151.22532150900008, -33.75032909412799], [151.22542658500004, -33.75038834512797], [151.22572775700007, -33.75075836112794], [151.2255557740001, -33.750797211127946], [151.22553444900007, -33.75089744612793], [151.2254556910001, -33.75088612412796], [151.225456247, -33.750883417127945], [151.22535331300003, -33.75086861712797], [151.22534675200006, -33.750900441127925], [151.22523652100006, -33.75088459112798], [151.2252214440001, -33.750957720127964], [151.2243041600001, -33.75082580612795], [151.22421190300008, -33.75081239612795], [151.22421861700002, -33.750799577127935], [151.22422534100008, -33.75078494812797], [151.2242312190001, -33.75077006812794], [151.22423626700004, -33.75075497212798], [151.22424046300011, -33.75073969912794], [151.2242437970001, -33.75072428012797], [151.22424626200007, -33.75070874512793], [151.2242478490001, -33.75069313112798], [151.22424856600003, -33.75067747012796], [151.22424840400004, -33.75066180112796], [151.22424735700008, -33.750646150127956], [151.22424543700004, -33.75063056112798], [151.2242430440001, -33.750617286127955], [151.2242549030001, -33.75056441612797], [151.22410592200004, -33.75037360812796], [151.22407046900003, -33.75039442312798], [151.2240590670001, -33.75038821112797], [151.22404290500003, -33.75038026912795], [151.22402630400006, -33.750372973127966], [151.22400930800006, -33.75036633012795], [151.2239919640001, -33.750360360127935], [151.22397430400008, -33.75035508012795], [151.223956358, -33.75035049112793], [151.22393818800003, -33.75034660912796], [151.22391981200008, -33.75034344512794], [151.22390128300003, -33.75034100712797], [151.22388262900006, -33.75033928712797], [151.22386391200007, -33.75033830012795], [151.2238451510001, -33.750338058127944], [151.22382639900002, -33.75033853312797], [151.22380769900008, -33.75033975212794], [151.22378908100006, -33.75034169712795], [151.22377059600012, -33.750344377127966], [151.22375228400006, -33.75034776612796], [151.22373418600012, -33.750351629127955], [151.22368553800004, -33.75033353112796], [151.22339057800002, -33.74948001612796], [151.22339819, -33.74943524912799], [151.2234332380001, -33.74940192212796], [151.22348861700004, -33.749394124127996], [151.2238893970001, -33.74945261412795], [151.22434308200002, -33.74951882112799], [151.22463748600012, -33.74956189312797], [151.22466618900012, -33.749569692127956], [151.22471755200002, -33.74958365812795], [151.22478610000007, -33.749621889127965], [151.2248449120001, -33.74967392512797], [151.2251578360001, -33.75005846212798], [151.22518219100004, -33.750147422127924], [151.225187139, -33.75016550112795], [151.22532150900008, -33.75032909412799]]]}, "properties": {"OBJECTID": 275790, "LABEL": "Forestway shopping centre", "LAY_CLASS": "Town Centre", "LGA_NAME": "SEPP"}}, {"type": "Feature", "geometry": {"type": "Polygon", "coordinates": [[[151.1336743180001, -33.95999954812537], [151.13387727100007, -33.96022471412532], [151.13381936400003, -33.9602128191253], [151.13377097600005, -33.96024039212526], [151.1337481180002, -33.96031802912533], [151.13363834500024, -33.96069320812527], [151.13362203200006, -33.96074908912536], [151.13361674200019, -33.96076529612529], [151.13346183500005, -33.96129115912535], [151.1334571210001, -33.96130465712533], [151.13345320300004, -33.961318347125285], [151.1334501010001, -33.96133217812529], [151.13344781600017, -33.961346108125355], [151.13344635500016, -33.961360127125275], [151.1334457280002, -33.96137418312528], [151.13344592400006, -33.9613882471253], [151.13344694700004, -33.96140229412529], [151.13344879400006, -33.96141627912532], [151.13345147300004, -33.96143016312529], [151.1334549600001, -33.96144393212531], [151.13345925400006, -33.96145753012527], [151.13346434500022, -33.961470949125285], [151.1334702170002, -33.961484135125346], [151.1334768590002, -33.96149707112526], [151.1334842550001, -33.961509709125345], [151.1334923940002, -33.96152203412534], [151.13350276500023, -33.961534208125315], [151.13351232100013, -33.96154682912535], [151.13352108700008, -33.96155998912533], [151.1335283840001, -33.96157236812527], [151.1335349550002, -33.96158516812525], [151.13354072800007, -33.961598238125276], [151.13354569400008, -33.9616115331253], [151.13354983500005, -33.961625022125276], [151.13355314300009, -33.96163866512531], [151.13355561800006, -33.961652443125296], [151.13355723900008, -33.961666292125315], [151.13355801000023, -33.961680205125305], [151.13355792000004, -33.961694126125295], [151.133556988, -33.96170802912526], [151.1335551950001, -33.96172186912528], [151.1335525600001, -33.961735620125246], [151.1334788580001, -33.96196472112532], [151.13374230900013, -33.96180703612534], [151.13378071900013, -33.96185112912534], [151.13401267200004, -33.96211894612528], [151.13414960500006, -33.96203714212533], [151.13450556600014, -33.961824489125334], [151.1345737370002, -33.96178404312527], [151.13462891100016, -33.961750724125245], [151.13468205700008, -33.9617192161253], [151.13475650300006, -33.96167500512533], [151.1348235180002, -33.9616352591253], [151.13489477300004, -33.96159286012524], [151.13494750700022, -33.96156138712532], [151.13500223200003, -33.961528750125325], [151.13505752300023, -33.96159991412534], [151.1351199490001, -33.96168026712532], [151.1353524110001, -33.961946605125334], [151.13529195800004, -33.961982874125304], [151.13526868700012, -33.96199675012527], [151.13526600800003, -33.96199835412525], [151.13521839100008, -33.96202694012529], [151.13516367400007, -33.96205970412526], [151.13510955800018, -33.962092109125265], [151.13505524700008, -33.962124612125315], [151.1349783170001, -33.962170678125304], [151.13492603900022, -33.9622019881253], [151.1349438410001, -33.96222715112534], [151.1349598600001, -33.962249784125355], [151.134989925, -33.96228436812528], [151.13501837700005, -33.962317382125335], [151.1350467120002, -33.96235028012531], [151.13507517300013, -33.96238342912529], [151.1351340670002, -33.96245167212533], [151.13516235500003, -33.96248462312531], [151.1351910950001, -33.96251797812535], [151.1352207120002, -33.962552248125306], [151.13524962100018, -33.96258579012536], [151.13524081000003, -33.96259103512524], [151.13529796300008, -33.962657377125325], [151.13541348100023, -33.9627914421253], [151.13547129200015, -33.96285882412532], [151.13556702600022, -33.96297019312534], [151.13558639600024, -33.96299261112524], [151.13562515900014, -33.96303752112533], [151.13575888200012, -33.96319240112525], [151.13587401600023, -33.963326233125336], [151.13588278100008, -33.963320944125336], [151.13594029500007, -33.96338769012534], [151.13599874800002, -33.963455117125314], [151.13605650500017, -33.96352204412527], [151.13611374800018, -33.9635889131253], [151.1361049630002, -33.96359419412528], [151.13622040100017, -33.96372814212528], [151.13633520300004, -33.96386141012527], [151.13634398800002, -33.963856139125305], [151.13640216400006, -33.96392353912528], [151.13647927300008, -33.96401308012531], [151.1366593150001, -33.96415581412531], [151.13640339200015, -33.964300205125234], [151.13647955000022, -33.96428854412526], [151.13656866100007, -33.96428084412524], [151.13663712800007, -33.9642753031253], [151.13665444700007, -33.964277993125265], [151.13699852900004, -33.964326299125254], [151.137025224, -33.96435812212524], [151.13700943800018, -33.96443973912527], [151.13697657700004, -33.96460967712528], [151.13697502500008, -33.964617692125316], [151.13694587600003, -33.964768716125306], [151.13693583400016, -33.96482071712521], [151.13692485400009, -33.964877566125296], [151.1369151990001, -33.96492897512528], [151.13690453300012, -33.964983843125296], [151.1368940000002, -33.96503795012528], [151.13688313700015, -33.96509224512532], [151.1368732300001, -33.96514636012527], [151.1368643820001, -33.965190204125285], [151.13685140400003, -33.965255515125236], [151.1368374550001, -33.96533377012529], [151.13681947300017, -33.9654346601253], [151.13659266700006, -33.965404227125276], [151.13642773000004, -33.96538209512519], [151.136377809, -33.96564086712531], [151.1363664160001, -33.96569988612529], [151.1363551390001, -33.96575732712525], [151.1363445080001, -33.96581345812526], [151.13633342000003, -33.96587106212527], [151.13672138100003, -33.96592143112527], [151.1367103020001, -33.965977743125194], [151.13670988000013, -33.96597984012531], [151.13650262400017, -33.96594627912528], [151.13649511200003, -33.96594514112527], [151.1364029980001, -33.96594661112529], [151.1362503160001, -33.96594905912522], [151.13625120200015, -33.965945115125265], [151.13626521300012, -33.96586140812528], [151.1362832660002, -33.9657685511252], [151.13610835200006, -33.96580852112525], [151.13604406200022, -33.965823123125205], [151.1359780790002, -33.96583809812519], [151.1359001190001, -33.96585588612524], [151.1359274670001, -33.966087444125286], [151.1359631800001, -33.966127235125306], [151.1360017620001, -33.96614905312523], [151.1360121780001, -33.966148273125306], [151.1360790130002, -33.966143998125254], [151.1361437600001, -33.96613948812526], [151.1362086050001, -33.966135069125265], [151.13625876800006, -33.96613170012525], [151.13629484800003, -33.96612927012521], [151.1363380990001, -33.96612636512523], [151.13643042800004, -33.9661201621253], [151.13668506800002, -33.96610249412528], [151.13664382500008, -33.966233037125306], [151.13661817800016, -33.966314197125214], [151.13656833000005, -33.96629121312528], [151.13643507000006, -33.96630000712522], [151.1362431340002, -33.96631277212529], [151.13621483500003, -33.966314984125205], [151.13616986300008, -33.966318508125234], [151.1361273560002, -33.96632184212526], [151.13606338900001, -33.966326371125284], [151.13599724300002, -33.966330906125194], [151.13593031000005, -33.966335701125246], [151.13586227300004, -33.9663405061253], [151.13573059200007, -33.96635010812526], [151.13568886500002, -33.966353118125284], [151.13562117900017, -33.96635838012528], [151.1355158240001, -33.96636554212521], [151.1354029580001, -33.96637361012525], [151.1353062190002, -33.966380781125245], [151.1352257760002, -33.96638651812529], [151.13514390800003, -33.966392192125184], [151.13506884400022, -33.9663977401253], [151.13475654800015, -33.966420922125195], [151.1347291180001, -33.96642292112524], [151.13462259900018, -33.96643070112529], [151.13458818700008, -33.96638832912522], [151.13450956400015, -33.966291535125215], [151.1339940370002, -33.96565647412527], [151.1339804380002, -33.965655030125305], [151.1339701830002, -33.96566072112527], [151.1336279740002, -33.96585968712529], [151.1335499070002, -33.96590363812528], [151.13314883100009, -33.96613498012523], [151.1329542410001, -33.966247389125286], [151.13279893100002, -33.96633653512527], [151.13274471600005, -33.966367819125225], [151.13269050300016, -33.966399103125276], [151.13263628900006, -33.96643038812523], [151.13261459600017, -33.96644291012519], [151.13255183000012, -33.96647910712521], [151.13229259100012, -33.966628653125234], [151.13211165400014, -33.96673302112522], [151.13184158700005, -33.96644545612527], [151.1317424670002, -33.96632954412527], [151.1315645540002, -33.96643598212526], [151.13150662100009, -33.96637465012528], [151.13145621700016, -33.9663212781252], [151.1314121600002, -33.96627462912525], [151.13132867700006, -33.96632256912525], [151.13147152700003, -33.966490321125235], [151.1313927880002, -33.966536207125294], [151.13130964700008, -33.966584246125265], [151.1312273220001, -33.96663197012523], [151.13120263500014, -33.966646384125184], [151.13114798000015, -33.96667834212526], [151.13106516400023, -33.96672617212529], [151.13100858300004, -33.96675927612519], [151.13098443400008, -33.966773395125216], [151.130902557, -33.96682115512522], [151.13087134400018, -33.9668387511252], [151.13084069600018, -33.96685639212525], [151.1306620800001, -33.96695637612521], [151.1305802930002, -33.967004773125275], [151.13049673900002, -33.96705304312525], [151.13039816200012, -33.96710988512525], [151.13033439300023, -33.9671469951252], [151.13035624600002, -33.967172596125195], [151.13037850500018, -33.96719866312521], [151.13012400900004, -33.967346049125254], [151.12994536500003, -33.96745878012525], [151.12989663700012, -33.96748830812528], [151.12985062500002, -33.96751598912528], [151.1297706470001, -33.96756408812525], [151.1296897750002, -33.967612898125196], [151.12961144800022, -33.9676600211252], [151.1295296610001, -33.967709260125275], [151.1294925760002, -33.96766525812519], [151.12941018000004, -33.96771435212526], [151.12932833800005, -33.96776310812527], [151.12924687500015, -33.96781152212521], [151.12907320600004, -33.967914930125225], [151.1288973950002, -33.968025708125246], [151.12892703800003, -33.9680616611252], [151.1289334490001, -33.968069433125216], [151.12898951800003, -33.96813715612524], [151.12853203200007, -33.96841451912524], [151.12850662000005, -33.96838367512522], [151.12847692100001, -33.96834763112525], [151.12847260100023, -33.96834242412524], [151.12841607500013, -33.96827424112518], [151.128403229, -33.968258852125246], [151.12824863600008, -33.96834961112523], [151.12793826700022, -33.9685318231252], [151.12793763000013, -33.96853105112523], [151.12790095000003, -33.96848645612526], [151.1279363220002, -33.9684870911252], [151.1282177820002, -33.968314992125265], [151.12820634300022, -33.96830099912518], [151.12813769900004, -33.96821700712526], [151.1279888590002, -33.96803491312523], [151.12787571700005, -33.96789647312523], [151.12786237800003, -33.96789999612525], [151.12779241400017, -33.96791848912517], [151.1277882280002, -33.96791933312524], [151.12751896800012, -33.96797352712518], [151.12751481800012, -33.96801692312521], [151.12743357600016, -33.96781053512525], [151.12744840400012, -33.96780747012525], [151.12750754800004, -33.96779526112529], [151.12758129500003, -33.96777927912519], [151.12765481700023, -33.96776259712522], [151.1277281250001, -33.96774523412524], [151.12780119, -33.967727161125254], [151.12787399500007, -33.96770840912518], [151.12794655000016, -33.967688967125184], [151.12801882600002, -33.967668860125215], [151.12809082500007, -33.96764806312519], [151.12816254600023, -33.96762657612527], [151.12823396200008, -33.96760442712519], [151.12830507400008, -33.96758159612518], [151.1283758630002, -33.96755809312526], [151.12844632700012, -33.96753393412526], [151.12851647100013, -33.96750911312522], [151.12852509400022, -33.967505966125266], [151.12858628200013, -33.96748361012528], [151.12865131600017, -33.96746106612518], [151.1287058710002, -33.96744149812527], [151.1287160180002, -33.9674378591252], [151.12874905900003, -33.96742562212525], [151.1287803700002, -33.96741402312519], [151.1288443740001, -33.967389552125276], [151.12890801700019, -33.96736441612524], [151.12897130300007, -33.967338654125236], [151.12903420400005, -33.96731226412527], [151.12905102000002, -33.96730499512525], [151.12909672700016, -33.96728522912526], [151.12914593900018, -33.967263311125244], [151.1291588570001, -33.96725758412522], [151.12922056500008, -33.96722931112527], [151.129281869, -33.967200421125256], [151.12930201100005, -33.967190659125286], [151.12933938100002, -33.967172561125274], [151.1293427620002, -33.96717092012525], [151.12940320600023, -33.96714081912524], [151.12946321900006, -33.967110099125264], [151.12952277500005, -33.96707878912527], [151.12958188400023, -33.96704687612528], [151.12962692000008, -33.96702191212524], [151.12963824100018, -33.96701563712528], [151.12964052600012, -33.96701437312527], [151.12969877500007, -33.966981260125266], [151.12975655700006, -33.96694756412525], [151.12981367500015, -33.96691326812524], [151.129868417, -33.966879519125264], [151.12992256100006, -33.966845259125215], [151.1299762550001, -33.96681051412526], [151.1300295100001, -33.9667753041252], [151.13008229900015, -33.96673961112528], [151.13014752100003, -33.966694539125236], [151.13021214200012, -33.966648885125295], [151.13027617100022, -33.96660265912529], [151.13033013500024, -33.96656283912519], [151.1303403090002, -33.9665552921252], [151.1304077440002, -33.9665041791252], [151.1304739530001, -33.96645290512522], [151.13053542800014, -33.96640443712525], [151.13059575500006, -33.966355825125305], [151.1306554470002, -33.96630668512526], [151.13071450100006, -33.966256997125214], [151.13077292800006, -33.96620679012526], [151.13083069300012, -33.96615606312528], [151.13088777500002, -33.96610482412527], [151.13094421200014, -33.96605306712521], [151.13099271500016, -33.966007368125275], [151.1310407000002, -33.96596128512525], [151.13108804800015, -33.96591498612522], [151.13113940300002, -33.965861345125255], [151.13119007600005, -33.96580750812525], [151.13124008600016, -33.96575317712527], [151.13127839000015, -33.96571117212526], [151.13131577700005, -33.96566853012528], [151.1313523680002, -33.965625423125275], [151.13138816300022, -33.9655818481252], [151.13149512100017, -33.96544995212524], [151.13171863700006, -33.9651466201253], [151.13175655500015, -33.965089619125294], [151.13179371100023, -33.96503226712523], [151.13182387400013, -33.96498445312527], [151.1318301030002, -33.96497455712527], [151.13186570900007, -33.96491652412526], [151.13190054400002, -33.964858151125306], [151.13193459800004, -33.96479946312523], [151.1319678540001, -33.96474047112524], [151.1320003300001, -33.96468116612532], [151.13203201900023, -33.964621573125264], [151.1320629080002, -33.96456169212528], [151.13209298200002, -33.964501510125324], [151.13212226700023, -33.96444106612529], [151.1321507460002, -33.9643803521253], [151.13217840900006, -33.96431938012521], [151.13220522000006, -33.96425838912522], [151.13211652100006, -33.9642290221253], [151.13201712600016, -33.964188726125236], [151.13202505900017, -33.96417179212528], [151.13212795100014, -33.96396347712527], [151.13297191100014, -33.961114912125325], [151.1330269990001, -33.960954281125325], [151.13309373900006, -33.96102942912527], [151.1331403690001, -33.96104041912528], [151.13320525100005, -33.961039451125345], [151.13326367000002, -33.96102856812533], [151.1333047600001, -33.961011402125315], [151.13334906900013, -33.96097798412532], [151.13337823700022, -33.960939188125316], [151.13343211100005, -33.960787652125354], [151.1334914260001, -33.96065685912536], [151.1335205140001, -33.96057387912536], [151.13353871900017, -33.960523143125315], [151.13365073400007, -33.96013106712529], [151.133664672, -33.96007066812528], [151.1336743180001, -33.95999954812537]], [[151.1358463890001, -33.96563005712519], [151.1358238260001, -33.96575055112524], [151.13586635100023, -33.96580361712526], [151.13589002600008, -33.96579832812527], [151.13594992300023, -33.96578494512526], [151.13601967900013, -33.96576936612528], [151.13608825500012, -33.965754037125265], [151.13615975100015, -33.96573795612526], [151.13622590700015, -33.9657232731253], [151.13629548500012, -33.96536557512529], [151.13623140200013, -33.96535720212521], [151.13616505800007, -33.96534879312529], [151.13610041000015, -33.965340475125274], [151.1360348200002, -33.96533187012526], [151.13596950800013, -33.96532346912526], [151.13590540700022, -33.965314901125275], [151.13587255500022, -33.9654903441253], [151.1358463890001, -33.96563005712519]], [[151.13224426700003, -33.96221949512525], [151.13218341000004, -33.96244384712533], [151.13217586300004, -33.96247087212534], [151.13211041700015, -33.96271158212529], [151.13195085700022, -33.96330111612531], [151.13194220800017, -33.96333448912531], [151.13188215800017, -33.96354315312532], [151.1318794240001, -33.963555371125274], [151.13187756800016, -33.963567714125304], [151.13187660100016, -33.96358012012531], [151.13187653900013, -33.96359254412534], [151.13187691000007, -33.96359813112526], [151.13187736300017, -33.963604950125266], [151.13187907600002, -33.96361729412523], [151.1318793580001, -33.96361862212523], [151.13169911400007, -33.963407133125266], [151.13163766700006, -33.96333494612533], [151.13142867800013, -33.96308978012532], [151.1314384760002, -33.96309167412527], [151.13146758300002, -33.96302222012532], [151.13148614800002, -33.96285395712534], [151.1313434870001, -33.96282676012528], [151.13136655000017, -33.96274249912525], [151.13138288800008, -33.962684412125334], [151.13139018800007, -33.96265846312531], [151.1313965170002, -33.96263753012534], [151.13140068500002, -33.962622292125346], [151.13141128100017, -33.962583173125324], [151.13142176700012, -33.96254320412528], [151.1314328210002, -33.96250108112528], [151.13144477000003, -33.96245711212527], [151.13145456700022, -33.962419921125296], [151.13147606200016, -33.96233954112531], [151.13149736200012, -33.96225885612531], [151.13150672900008, -33.96226059512527], [151.13153704500007, -33.962266449125316], [151.13198745800014, -33.962350871125246], [151.13203172300018, -33.962192326125276], [151.13179484900013, -33.9621471471253], [151.13154020000013, -33.962098571125246], [151.13154030500004, -33.962098185125235], [151.13158407900005, -33.9619366651253], [151.13160583500007, -33.961856411125275], [151.13162727300005, -33.961777100125325], [151.131627384, -33.96177669312528], [151.1316500360001, -33.96169315712531], [151.13165014700007, -33.961692749125255], [151.1316716030002, -33.9616136021253], [151.1316717540002, -33.9616136301253], [151.13216297300005, -33.96170707912531], [151.1322183330002, -33.96171729512534], [151.13246456200022, -33.96176273312529], [151.13237554600016, -33.96185835512531], [151.132314016, -33.96196211212534], [151.13224426700003, -33.96221949512525]]]}, "properties": {"OBJECTID": 275791, "LABEL": "Kogarah station and town centre", "LAY_CLASS": "Town Centre", "LGA_NAME": "SEPP"}}, {"type": "Feature", "geometry": {"type": "Polygon", "coordinates": [[[151.17821351000032, -33.898232940126036], [151.17818602600005, -33.898268043126016], [151.17815901800043, -33.898302546126125], [151.17812542100023, -33.89834535812599], [151.17808790600043, -33.89839327012606], [151.17805152200026, -33.898439731126075], [151.17801524400045, -33.898486083126095], [151.1779808140003, -33.898530052126105], [151.17790739900033, -33.89862389512605], [151.17787345200043, -33.89866723612608], [151.17783295300023, -33.898715651126], [151.1778045460003, -33.898751928126], [151.17776658400032, -33.89881116212599], [151.17774620800026, -33.898842975126044], [151.17774351000003, -33.89884854212608], [151.17774087500038, -33.89885412612608], [151.1777383020003, -33.898859729125995], [151.1777357210001, -33.898865528126066], [151.17773320200024, -33.898871355126005], [151.17773076300045, -33.89887720012604], [151.1777283880001, -33.89888307112609], [151.17772609300027, -33.89888895112602], [151.17772386100023, -33.89889485912607], [151.17772170100022, -33.89890078412612], [151.17771962100028, -33.898906718126], [151.17771760400035, -33.898912679126056], [151.17771576700045, -33.898918882126104], [151.17771400100014, -33.898925112126], [151.17771232500002, -33.89893134212599], [151.17771071100037, -33.89893759912599], [151.17770918700012, -33.89894386512606], [151.17770773500013, -33.89895014012604], [151.1777063730002, -33.89895643212611], [151.1777050730003, -33.89896273412609], [151.17770429300037, -33.898966786125975], [151.17770386300003, -33.89896904512607], [151.17770273300027, -33.89897537312602], [151.1777016750002, -33.89898170212599], [151.1777006980002, -33.898988048126064], [151.17769980200046, -33.89899439512607], [151.17769898600022, -33.899000750126056], [151.17769825100027, -33.89900711512604], [151.17769528400027, -33.89903060912604], [151.17769337500022, -33.89905419312612], [151.17769254100017, -33.89907781312605], [151.1776927650002, -33.89910144212603], [151.17769383200016, -33.89912183612603], [151.1776956780003, -33.89914219312612], [151.1776980540003, -33.89916063212603], [151.1777010750003, -33.899179017126116], [151.17770495600018, -33.89919827112611], [151.17770955500032, -33.899217418126106], [151.17771487000027, -33.8992364311261], [151.17772036500014, -33.89925540812606], [151.17773624000029, -33.89932742412599], [151.1777479030003, -33.8993737591261], [151.17774943500024, -33.89938002512598], [151.17775883900015, -33.89941728812613], [151.17776216400046, -33.89943072512603], [151.17777694600045, -33.899489628125984], [151.17780096900026, -33.899591952126116], [151.1778168550003, -33.899658382126], [151.17783199600024, -33.899696062126104], [151.1778466080002, -33.89973099512597], [151.1778479420003, -33.89973435112607], [151.17785041400032, -33.899740159126104], [151.17785061500024, -33.89974088312601], [151.17785295600015, -33.89974805012605], [151.17787303100033, -33.89979812312611], [151.17790601800016, -33.89987812712599], [151.17793802100005, -33.89995804112611], [151.17795810500002, -33.9000051491261], [151.17796921100046, -33.90003325412611], [151.17797904800034, -33.900058078126044], [151.1780029190004, -33.900173436125996], [151.17802855600007, -33.900227121126065], [151.17806533500027, -33.90030410412606], [151.17809070300007, -33.900370168126], [151.17810316300017, -33.90039578712599], [151.1781194690003, -33.90042936712603], [151.17813613300018, -33.90046362712602], [151.1781534690001, -33.90049925012595], [151.17815634600026, -33.90050514812599], [151.17816928100012, -33.90053174412604], [151.17817262500023, -33.900538611126], [151.1781879890002, -33.900570720126076], [151.1782037840004, -33.900602542125945], [151.1782180360002, -33.90063264312605], [151.17823344600015, -33.90066439312601], [151.17825134700036, -33.90070040112606], [151.1783296650002, -33.90086135012596], [151.17837068400036, -33.90094637312607], [151.17840825200028, -33.90102286312609], [151.17843095800015, -33.901069529126026], [151.1784753300003, -33.901160666125946], [151.1784976500004, -33.901206517126106], [151.17851997000014, -33.90125239412597], [151.17853164300004, -33.90127641712601], [151.17854399600014, -33.90130176112607], [151.17856646600023, -33.90134803112598], [151.17859702500004, -33.90141081912603], [151.17860326200025, -33.90142356012595], [151.17861870100023, -33.90145525912598], [151.17863309400025, -33.90148496112605], [151.17865633900033, -33.90153338812595], [151.17867782600024, -33.901577007126], [151.17871523300005, -33.90165382812605], [151.17873156500013, -33.90168807112595], [151.17874715300002, -33.90171930112606], [151.17876841600025, -33.90176292012595], [151.17877131500006, -33.90176880412607], [151.1787888900002, -33.901805095125965], [151.17882328400015, -33.90187630512609], [151.17887308800005, -33.90197178112608], [151.17889462000005, -33.902014619125985], [151.178939054, -33.90210310312593], [151.17896095500043, -33.90214709312593], [151.17902035700024, -33.90226505512609], [151.1790448920002, -33.90231475112594], [151.1791513390002, -33.90252660612596], [151.1792958650003, -33.90281408012596], [151.17940307400033, -33.90300454912597], [151.17938425900013, -33.902998318126], [151.17908876200022, -33.90309809612593], [151.17886961000045, -33.902990223126054], [151.1788869290002, -33.90296273112598], [151.1786308640004, -33.90245466112596], [151.17869124500032, -33.90243425012597], [151.17867263600033, -33.902396817126], [151.1786521170003, -33.90235584212606], [151.1786458070003, -33.90232688912597], [151.1786356680003, -33.90225928212597], [151.1786237010001, -33.902181385125935], [151.17857726600027, -33.90208595512594], [151.1785937100002, -33.902054621126105], [151.17859271300017, -33.90205495812593], [151.17845586900023, -33.90199804512594], [151.17842322200022, -33.90192359012602], [151.17840280200005, -33.90187710312605], [151.17838595000023, -33.90183870112608], [151.1783713210001, -33.90180545412598], [151.1783562700001, -33.90177116712609], [151.17833871900007, -33.901731160126], [151.1783234080002, -33.90169632612603], [151.17830245000027, -33.901648566126006], [151.17828215600014, -33.901602330126], [151.1782691220003, -33.901572659126], [151.17825461000018, -33.90153960012603], [151.17823983700032, -33.90150594912601], [151.17822005300002, -33.901460887126085], [151.1781997500002, -33.90141461512606], [151.1781795090003, -33.901367456126], [151.17815882000025, -33.90132081612595], [151.17813832000002, -33.90127460712595], [151.17809899500037, -33.90118512012609], [151.17807823400017, -33.90113832812605], [151.17803035800046, -33.90115508112601], [151.17802018400016, -33.90113718912605], [151.1780076880002, -33.90114119612602], [151.17797930800032, -33.90108138812597], [151.17797772100027, -33.90107803612594], [151.17794030500022, -33.90099801412598], [151.17793914000038, -33.900995522125946], [151.17807046200016, -33.900950398125964], [151.17808201700007, -33.900946579125986], [151.17800180700033, -33.90078647312599], [151.17799048600034, -33.90079045312596], [151.17780538000034, -33.900854196126076], [151.17778885000018, -33.90082060812606], [151.17777716100022, -33.90079686312604], [151.1777703130001, -33.90078175812605], [151.17775657100026, -33.900752805125975], [151.17774241700033, -33.90072390512595], [151.17772618300023, -33.90069042412595], [151.17773661700016, -33.90068668612608], [151.1777373790003, -33.900680690125945], [151.1777459570003, -33.900653591126094], [151.1777135350003, -33.90061667812607], [151.17771660900019, -33.90057433212602], [151.1777273660001, -33.90056976012599], [151.17771101600033, -33.900535276125986], [151.17769592900027, -33.90050756812609], [151.17766761200005, -33.90051826212599], [151.17764341800023, -33.900454932126], [151.17763285900003, -33.90042728712601], [151.17767843200033, -33.90041456712605], [151.17770516300027, -33.900407250126065], [151.17767187900006, -33.900325402126036], [151.17764981000028, -33.90027387712603], [151.17765468600032, -33.900147978126014], [151.17763172900027, -33.900094723126045], [151.17760902400028, -33.900044659126074], [151.17757617100028, -33.89997007912602], [151.17754139000033, -33.89989140212611], [151.17751291200045, -33.89982746212596], [151.17748902300002, -33.89977340012602], [151.17747227800032, -33.899735545126006], [151.1774722600003, -33.89973548312598], [151.17745089000016, -33.8996874091261], [151.17740504800008, -33.899586770126106], [151.1773817510002, -33.89953483312608], [151.1773561230002, -33.89947765212599], [151.1773444160002, -33.899451540126044], [151.17734304400028, -33.89944848312597], [151.17733504000034, -33.89943107512597], [151.17730813900016, -33.89936338812611], [151.17727057100024, -33.89928056112604], [151.17725669400022, -33.89924995812606], [151.17724324000017, -33.89922025112598], [151.17721948500025, -33.899167848126005], [151.17720601200028, -33.89913818612604], [151.17719185800036, -33.899106973126024], [151.17717826900025, -33.89907701612604], [151.1771631370002, -33.89904363412602], [151.17716233100032, -33.89904187712607], [151.1771386840004, -33.898990379126076], [151.17712312200035, -33.89895648612611], [151.17710802700026, -33.898923606126075], [151.17709244700006, -33.898889677126036], [151.17706825400012, -33.898836978125985], [151.17705375000014, -33.89880479812609], [151.1770389770004, -33.89877203412613], [151.1770242050003, -33.8987392711261], [151.1770094320002, -33.89870650712612], [151.17700438500037, -33.898695329126106], [151.1769985860002, -33.89868245712609], [151.1769173810003, -33.89870680312606], [151.17687865700032, -33.89871903012601], [151.176833084, -33.89873340812596], [151.17679395600032, -33.89874614612603], [151.17672864400026, -33.89876665612605], [151.17660839300015, -33.898803121126036], [151.17650890100026, -33.89889335312598], [151.17649049800025, -33.898916525126076], [151.17630985600022, -33.89893276712609], [151.1761618610003, -33.89894607912606], [151.1760812480003, -33.89895333112612], [151.17599264800026, -33.89896130012609], [151.1759297120002, -33.89896694712609], [151.1758768420002, -33.89897170712614], [151.17582268200022, -33.898976583126], [151.1757647740004, -33.89898178212599], [151.17570938600045, -33.898986686125966], [151.17565945700017, -33.898991186126075], [151.1755988780002, -33.898997407126046], [151.17535746900023, -33.89901892012597], [151.17519108000022, -33.899077580126004], [151.17513324400022, -33.89908430312614], [151.175067269, -33.89909194112612], [151.17500518500003, -33.899099139126], [151.17493678100038, -33.899107072126135], [151.17487388000018, -33.89911432412611], [151.17480613100008, -33.89912219412605], [151.1747418050004, -33.89912966112598], [151.17467827700034, -33.899136994125975], [151.17452811300018, -33.899154402126], [151.17452158700007, -33.89915516412612], [151.1744140640002, -33.89916756112609], [151.17428714300013, -33.89918278212609], [151.17415532800032, -33.89919808312614], [151.17402272400034, -33.89921290112603], [151.1737634670003, -33.89924293012608], [151.17361574100016, -33.89919995712609], [151.1734525520004, -33.899219041126], [151.17339007300006, -33.899226347125996], [151.17333654000026, -33.89923260312604], [151.17328139400013, -33.89923905812606], [151.1732278520003, -33.899245323126024], [151.1731290600003, -33.899258348126125], [151.17308314600007, -33.899264013126064], [151.1730438930001, -33.899268917126115], [151.17303111000035, -33.89927049412598], [151.1730035190003, -33.899273901126094], [151.17284747400026, -33.899285670126], [151.17275483100013, -33.899308053126], [151.17270502800022, -33.89932002912598], [151.1726592490004, -33.89933112712612], [151.17260783100028, -33.899343533125986], [151.1725600530002, -33.89935532012606], [151.17251049100003, -33.89936709912598], [151.17246056200008, -33.89937920012602], [151.17241193200005, -33.899390809126075], [151.17235452700027, -33.89940449712605], [151.17229635100023, -33.899418740126016], [151.1722391520002, -33.89943251812598], [151.17217317700033, -33.899448824126], [151.17196511400027, -33.89950034012598], [151.17190442800006, -33.89951402812595], [151.17184942500023, -33.89952636212608], [151.17179587400005, -33.89953842812605], [151.1717385940002, -33.899551398126036], [151.1716835460004, -33.89956375112609], [151.17162417800046, -33.899576973126045], [151.1716230750003, -33.899577376126], [151.1715748940003, -33.89958823112606], [151.17155743200044, -33.899592193126104], [151.17151617100035, -33.89960155212611], [151.17143093200013, -33.899620762126006], [151.1713927100002, -33.8996294931261], [151.17133194300004, -33.899643082126076], [151.1712612260003, -33.89965902012596], [151.1711127740001, -33.899891133126], [151.17114127000013, -33.89997511712602], [151.17115927900045, -33.90002818412596], [151.1711777180003, -33.90008316912598], [151.1711936290003, -33.90012962912599], [151.1707407150003, -33.900241329126096], [151.17071278300045, -33.900183547126105], [151.17070436600022, -33.90016616612608], [151.17069028300023, -33.90013702412607], [151.17072802200016, -33.900070216125975], [151.1707550750001, -33.90002231212609], [151.17078346400035, -33.89997202412602], [151.17080763100034, -33.89992923012594], [151.17081308100023, -33.89991957612595], [151.1708290280004, -33.899891348126], [151.17062231000034, -33.8998237691261], [151.17039198000032, -33.899736630126085], [151.17039924100027, -33.8997239641261], [151.1702314170002, -33.89966827112596], [151.17021719100035, -33.899694275125974], [151.1700219380001, -33.8996218821261], [151.1699068050002, -33.89956409112602], [151.16954819200032, -33.899423554126024], [151.16951596600006, -33.899410673126106], [151.16967791800005, -33.89911158112608], [151.17004601400026, -33.899253618126004], [151.17004608100024, -33.899253645126], [151.17019305800022, -33.89931407412603], [151.17038663800008, -33.89938950012606], [151.17055345700044, -33.89945511612598], [151.17077845300025, -33.89954226412599], [151.1709797300001, -33.89962445512605], [151.17102780400035, -33.89964068912598], [151.17118232200016, -33.89942869112611], [151.17124692000016, -33.89940181712608], [151.17130775800024, -33.89937651112598], [151.17130387500004, -33.89936231612603], [151.17135822600017, -33.899344651126], [151.17147211300028, -33.89930770412603], [151.17147367300004, -33.89930708512599], [151.17151832200022, -33.89929258112596], [151.1715275910002, -33.89928958712597], [151.17158301500035, -33.899272914126016], [151.1716264820003, -33.89925977312606], [151.17164063600023, -33.89925565012601], [151.1716940880002, -33.899239667126096], [151.17175204000023, -33.899222160125994], [151.17180110000004, -33.899207074125954], [151.17184199400037, -33.899194713126], [151.1720860290004, -33.89912707912612], [151.17213689100004, -33.89911891312613], [151.1721940990003, -33.89910994012603], [151.17224939700043, -33.899101702125954], [151.17231076500002, -33.89909252312601], [151.17235833700022, -33.899085128126096], [151.17240099200012, -33.89907827112597], [151.17246000100045, -33.89906875012598], [151.17251607900005, -33.89905966112603], [151.17256605900002, -33.899051459125985], [151.17261040000017, -33.89904428112601], [151.1726620210003, -33.899036207126116], [151.1727442780001, -33.89902337412606], [151.17291489600018, -33.899008950126], [151.17298233700035, -33.8990004541261], [151.1730310920002, -33.89899422412607], [151.1730814990002, -33.898987888126044], [151.17317865700022, -33.8989744771261], [151.17323250400034, -33.898968142126016], [151.17328636000002, -33.89896182912613], [151.17352715300012, -33.89893355112599], [151.17358103500032, -33.89892481212599], [151.1735832620002, -33.89892445112603], [151.17365059300005, -33.898916372125996], [151.17387492600017, -33.898891551125985], [151.1739674070003, -33.89888131412602], [151.17408753300026, -33.89886801112607], [151.17409930300005, -33.89886693612607], [151.17423113600034, -33.89885238712612], [151.17436093500032, -33.89883774012604], [151.17446868200022, -33.89882594412599], [151.17447027700018, -33.89882574612597], [151.17447521600013, -33.89882521812609], [151.1746250890002, -33.89880868212605], [151.1746251440003, -33.898808608126046], [151.17468808400008, -33.89880188312611], [151.17475313600005, -33.89879459712596], [151.17482061600003, -33.898786993126116], [151.17488286200012, -33.898780039126], [151.17492084100013, -33.898775832126084], [151.17495124000027, -33.89877363912609], [151.1750177570001, -33.89876888812598], [151.17508168300014, -33.89876411012602], [151.17515564200028, -33.89875894012602], [151.17529411700013, -33.89875107212601], [151.1753020110002, -33.89875109912601], [151.17533028100002, -33.898746394125965], [151.17543787600005, -33.89873724512609], [151.17557439700022, -33.898725610126], [151.17563288700023, -33.89872022212604], [151.1756879530002, -33.89871667312598], [151.1757445520002, -33.89871465612602], [151.17579719700018, -33.898710362126], [151.1758499050003, -33.898706068125996], [151.17591175700022, -33.89870103112611], [151.1759644560001, -33.89869674612612], [151.1760511560003, -33.89868968212608], [151.17613038000013, -33.89868329612608], [151.17627904100027, -33.898671156126056], [151.1762790380002, -33.89867112712597], [151.17637343800016, -33.89866343612603], [151.1765309130003, -33.898607440126], [151.1765326860002, -33.89860678812614], [151.1765346550004, -33.89860285712599], [151.1766272440002, -33.89856864112609], [151.17669933200023, -33.89854200112603], [151.17673887200021, -33.89852739812597], [151.1767821680004, -33.89851139712608], [151.17682279300027, -33.898496383125966], [151.17693267400023, -33.89845578712609], [151.17693273500015, -33.89845576412609], [151.17708358500022, -33.89840002012609], [151.17708361700022, -33.8984000081261], [151.1772681680003, -33.89833181312605], [151.17739305500038, -33.89828444712614], [151.1774578190001, -33.89825997612605], [151.1774578330003, -33.89826000212606], [151.17751577100023, -33.898238068126105], [151.17759115800004, -33.89820950912605], [151.17769023700032, -33.89817204812614], [151.17781045900006, -33.89812654812602], [151.17793184900006, -33.89808083212597], [151.17802257700043, -33.898046526126066], [151.17808611400028, -33.89802252112613], [151.17822366500036, -33.897970517126005], [151.1782985780003, -33.897942212126075], [151.1783767170001, -33.898024510126135], [151.17833345700024, -33.898079764126074], [151.17828518600027, -33.8981414091261], [151.1782507190003, -33.89818543112609], [151.17821351000032, -33.898232940126036]], [[151.1813151990002, -33.90518394212601], [151.1813103940001, -33.905208709125915], [151.18130668300023, -33.905227839125956], [151.18129354200005, -33.905295624125905], [151.1812815300002, -33.90535755612595], [151.1812682100001, -33.90542620312605], [151.18125660200008, -33.905486091125944], [151.1813534570001, -33.90564631312604], [151.18142425500002, -33.90565695312594], [151.1815394150001, -33.90567424512595], [151.18160067500003, -33.90568337012601], [151.18158006700003, -33.90578480712604], [151.18154985800015, -33.90593347412599], [151.18156608300012, -33.90596845212597], [151.1815747060001, -33.905987115126], [151.1815986580001, -33.90603950912596], [151.18162149800003, -33.906089824126035], [151.1816451090001, -33.90614056012596], [151.18166888200005, -33.906192829125956], [151.18169243000023, -33.90624396012602], [151.1817161130001, -33.90629598612596], [151.1817398500001, -33.90634773612597], [151.18176372100004, -33.906399978125954], [151.18179323000004, -33.90646043112589], [151.18186589200002, -33.906601013125986], [151.18167243200003, -33.90667709912596], [151.18166892700015, -33.90667792412594], [151.18157883000003, -33.90670035212601], [151.1814779670002, -33.90659975812596], [151.181433093, -33.90650275912603], [151.18141021700023, -33.906453349125925], [151.18138632800014, -33.906401788126026], [151.1813629950001, -33.90635141112594], [151.18133962600018, -33.906300926126015], [151.18131545000017, -33.906248728125966], [151.18129186600015, -33.90619777712603], [151.1812685860001, -33.90614749812594], [151.18124488600017, -33.90609624212605], [151.18122111300022, -33.90604491412599], [151.18119827300006, -33.905995621125975], [151.1811736850002, -33.90594251012603], [151.1811497330002, -33.90589078812603], [151.18113832200004, -33.905866155126], [151.18112510900005, -33.905837631126], [151.18110226900012, -33.90578829412598], [151.18107838000003, -33.90573666112604], [151.18100096700016, -33.90557260212601], [151.18097738300014, -33.905523193125916], [151.18095105500004, -33.90546804612594], [151.18092650300002, -33.905416647126025], [151.18090201300015, -33.90536533712598], [151.18087691400012, -33.90531277212599], [151.18085291800003, -33.905262538125996], [151.18083250700022, -33.90521975312605], [151.18081085000028, -33.905174395126025], [151.18078566100007, -33.90512165112601], [151.18073535500002, -33.905016289125896], [151.18090558100005, -33.904955576126035], [151.18104634200006, -33.90503348212598], [151.18100910600003, -33.90504607612602], [151.18103825700018, -33.90509322712601], [151.18104168100012, -33.905108698126064], [151.18106467400003, -33.90513535712595], [151.18107394300011, -33.90515610912603], [151.1810818580002, -33.90518374512606], [151.1811532380002, -33.90515915712596], [151.18126241900006, -33.905175570125984], [151.1812778100002, -33.905177864125996], [151.1813151990002, -33.90518394212601]], [[151.17975271500018, -33.90352699512597], [151.17978247500025, -33.90356994212595], [151.17980735000026, -33.90361261012601], [151.17980737300013, -33.903612646126014], [151.17983136500015, -33.90365371012604], [151.17987828200023, -33.903734171125954], [151.17990978100045, -33.90378825012606], [151.1800005690003, -33.903956523126055], [151.18002891300011, -33.904012350126024], [151.18005002300015, -33.90405393412594], [151.18006969000044, -33.90409267612602], [151.18009404500026, -33.90414064212591], [151.18011568400016, -33.904183257125894], [151.1801161770003, -33.904184189126035], [151.18013942100026, -33.90422995012602], [151.18016098800035, -33.904272511126], [151.18018093300032, -33.90431180112596], [151.18020122700023, -33.90435178012596], [151.18022387000008, -33.904396376125916], [151.18025139900033, -33.90445059012596], [151.1803347460002, -33.90462043912599], [151.18035996200013, -33.904671686125994], [151.18036014100016, -33.9046720541259], [151.1803827570003, -33.904718012126], [151.18039999500013, -33.90475307912593], [151.1804164260002, -33.90478647012604], [151.1804322380001, -33.90481861512596], [151.18044902800023, -33.90485274112602], [151.1804729610003, -33.90490137112606], [151.18049498600044, -33.904946137126046], [151.18054808000022, -33.90505402712589], [151.18056707400024, -33.90509265312589], [151.18059678800012, -33.9051530611259], [151.18063707400017, -33.9052428801259], [151.1807264360001, -33.905431590126035], [151.1807468290001, -33.90547464412603], [151.18076972600045, -33.905523003126035], [151.1807886080004, -33.90556496612597], [151.18082352500005, -33.905643283125954], [151.18084780800018, -33.90569787412587], [151.18087015500032, -33.905748027126], [151.18091428500043, -33.90584705212594], [151.1809538700004, -33.9059300591259], [151.1809731520001, -33.905972181125925], [151.1809926750002, -33.90601480412598], [151.18101206500035, -33.90605717112593], [151.18103146200042, -33.90609953212599], [151.18107045600027, -33.90618469012591], [151.18110945800015, -33.90626983912593], [151.1811290170001, -33.906312597125996], [151.1811491680004, -33.906356610125925], [151.18125525400046, -33.906588026125874], [151.18129572900023, -33.906676364125886], [151.18133495600034, -33.90676108312597], [151.18098079800018, -33.90685570612592], [151.18088154900022, -33.906882222125965], [151.18085060500016, -33.90679542412599], [151.18095011400044, -33.90676881812592], [151.1809157280003, -33.90668881512586], [151.1806198180003, -33.90602868112588], [151.18062234800016, -33.906027934125994], [151.18058149700028, -33.90594487612598], [151.18054007500018, -33.90584574412603], [151.18051809500014, -33.905793152125945], [151.1804978900002, -33.905744747125894], [151.18046822800022, -33.90567370712599], [151.18046279600014, -33.905659840126], [151.1804447430003, -33.90561725212595], [151.1804042790002, -33.905526716126], [151.18032047500014, -33.90533364912594], [151.18031483400046, -33.90523178712592], [151.18029657700015, -33.90519593612598], [151.18027674900043, -33.905157041125875], [151.18021629600014, -33.90503834012591], [151.1801931240002, -33.90499286612601], [151.18017028400027, -33.904948019125925], [151.18015318900018, -33.904914485125886], [151.18013562900046, -33.90488000012605], [151.18011913500004, -33.904847622126034], [151.1801021040003, -33.90481418712596], [151.18007887800013, -33.904768587125986], [151.1800514930003, -33.90471484812598], [151.18003950800028, -33.90469155112593], [151.1799682980004, -33.90454536612599], [151.1799392370002, -33.904489108125965], [151.1799174910002, -33.90444703112603], [151.17989700800013, -33.90440735712604], [151.1798776730003, -33.90436993212597], [151.17985296800043, -33.90432208212592], [151.1798312300001, -33.904279996125965], [151.17983070100013, -33.90427904612591], [151.17980922400022, -33.904237471125946], [151.17978555000036, -33.90419165612605], [151.1797641620002, -33.90415022512597], [151.1797421370003, -33.904107619126016], [151.17971405300023, -33.904053252126076], [151.1796266900002, -33.903883788126], [151.17959620400018, -33.90382764712603], [151.17957430500007, -33.903787372125926], [151.1795525040003, -33.90374726712605], [151.17952930500007, -33.903704679125994], [151.1795062770003, -33.90366233312596], [151.1794792950002, -33.90361909112603], [151.17940044800014, -33.90364549912607], [151.17939071300032, -33.90364877112591], [151.17936262000023, -33.903588130126025], [151.17934972100045, -33.90355432612592], [151.17934723800033, -33.90353631812592], [151.1792020300004, -33.90359115012593], [151.17917183100008, -33.90353901612606], [151.17900465300033, -33.90360671212596], [151.17899028300008, -33.90357892412608], [151.17897617400024, -33.90355164612595], [151.17896251300022, -33.90352523812607], [151.17894774, -33.90349667912603], [151.1789382290002, -33.903479585125915], [151.1790389580001, -33.90342220612598], [151.1790920960002, -33.90339188112597], [151.1790890220003, -33.903385535126056], [151.17914775400004, -33.903354806126], [151.17920213800028, -33.903326354125966], [151.17916855000033, -33.903257314125945], [151.17919078100044, -33.90323963712599], [151.17948710300027, -33.90312770412596], [151.17951198700007, -33.90316419612595], [151.17953981100038, -33.903205206125975], [151.17956285800028, -33.90323950212604], [151.17958803700014, -33.90327612912598], [151.1796130380003, -33.90331268412599], [151.1796386750002, -33.90335023412599], [151.17966431200045, -33.903387435126035], [151.17969190300016, -33.90343093712591], [151.17971157900024, -33.90346197912607], [151.17973201700033, -33.903494214126006], [151.17975271500018, -33.90352699512597]], [[151.18075479800007, -33.90453636612596], [151.1808352590001, -33.904576507126016], [151.18100188100004, -33.904662364126], [151.18099331200028, -33.904672789125975], [151.1809640350001, -33.904708439126004], [151.1808243050001, -33.904881506125946], [151.18069213100011, -33.904938858126044], [151.1806110340001, -33.90477320312594], [151.18058656200003, -33.904723220126044], [151.18056062900007, -33.90467026112604], [151.18053273300006, -33.904613268125935], [151.18051185600007, -33.90457233012603], [151.18049679700016, -33.90454259612595], [151.18047952300014, -33.90450852412608], [151.18044304900002, -33.90443657912607], [151.18041950000008, -33.904390110126016], [151.18039671400015, -33.90434516412597], [151.18037235000008, -33.904297100125966], [151.18034269700001, -33.90423859212604], [151.180326884, -33.90420739712601], [151.1803112330001, -33.90417650712606], [151.18029419300012, -33.90414290112602], [151.18028828600006, -33.904045248125996], [151.180282271, -33.90404606312603], [151.18027617500002, -33.904046180125924], [151.18027012500022, -33.90404560612597], [151.1802642260002, -33.90404433312602], [151.18025858800024, -33.90404239712597], [151.18025332600018, -33.90403983312603], [151.18024853900022, -33.90403668712604], [151.1802443260001, -33.90403302112599], [151.18024074100015, -33.90402892412601], [151.18023788100004, -33.90402442412591], [151.18018258200004, -33.903921258125976], [151.18016673400007, -33.90389169512605], [151.1801652280002, -33.90388888012599], [151.18007657400028, -33.903723432126064], [151.18006027800004, -33.90369303512603], [151.18004296800018, -33.90366075612594], [151.17989989400007, -33.90339388012604], [151.17989744700014, -33.903389335126], [151.17979117900006, -33.903237826126045], [151.17975940200017, -33.90319251312599], [151.17972444200007, -33.90314257512603], [151.17968887300015, -33.903091955126], [151.17965753500016, -33.90304725212604], [151.1795888170002, -33.902949294126024], [151.17954476800003, -33.902886474125985], [151.17947114700007, -33.90279616212599], [151.1793940660001, -33.90264751212603], [151.179341528, -33.90254607612606], [151.17931629400005, -33.90249564412598], [151.17929256700018, -33.90244874512594], [151.1792654510001, -33.902395571125986], [151.17924582000012, -33.90235675712606], [151.1792262780001, -33.902318920126014], [151.1792058760002, -33.902279120126046], [151.17918676500017, -33.90224004612606], [151.17916830800027, -33.902203105126056], [151.1791292250001, -33.90212562912592], [151.17909298400014, -33.902051417126025], [151.17905458200028, -33.90197269512609], [151.1790165120002, -33.901896196126046], [151.17897844200002, -33.90181892712607], [151.17896102500026, -33.90178277512605], [151.17894251400003, -33.90174483912603], [151.17892604700023, -33.90171152012603], [151.17891016300018, -33.90167934912605], [151.17889429700006, -33.90164724012599], [151.1788782960001, -33.90161486212596], [151.17886231400018, -33.90158207212599], [151.17884612500018, -33.90154977412609], [151.17882949600016, -33.9015165991261], [151.17881321800007, -33.90148291212605], [151.17866451400016, -33.90117896112603], [151.17864562700015, -33.901140031126005], [151.1789370460001, -33.900992833126104], [151.17895659700025, -33.90103316212608], [151.1791043500001, -33.90133810812605], [151.17911956200032, -33.90136948212601], [151.1791371400002, -33.901405759126035], [151.17915161700023, -33.90143560912597], [151.17916777900018, -33.901468955126035], [151.17918380700007, -33.90150202312603], [151.1791998340001, -33.901535073126084], [151.1792158620001, -33.901568133126005], [151.1792318890001, -33.901601201126056], [151.17919328200003, -33.90162033012606], [151.17927128600013, -33.90177214412599], [151.17930977800006, -33.90184707412609], [151.17934505100004, -33.90192672812608], [151.17938431300013, -33.90200177412609], [151.1794248210001, -33.90207919612609], [151.17944325100007, -33.90211441512606], [151.1794631150001, -33.90215237812602], [151.17945563900003, -33.90215605312605], [151.17947781600014, -33.90217837312595], [151.17948505000004, -33.90219145212607], [151.17950527300002, -33.90222815912598], [151.17940469700022, -33.90227761412604], [151.17942212300022, -33.90231191012607], [151.17943260200013, -33.9023075981261], [151.17944265100016, -33.90230376212602], [151.17946544600022, -33.90234430612607], [151.17966744000023, -33.90224483212604], [151.17966283300007, -33.90225766012602], [151.1794694890001, -33.90235171012599], [151.17949027600014, -33.90238960112602], [151.1794966230002, -33.90240125412607], [151.17950530000007, -33.90241386612606], [151.17949353000006, -33.90241824912609], [151.17950858100005, -33.90242918612599], [151.17953237100016, -33.90243096012603], [151.17954128100018, -33.90244561712604], [151.17960755200022, -33.902412253126], [151.17963285700012, -33.90264228612604], [151.1797271580001, -33.90270470212598], [151.17982127100004, -33.90276701112606], [151.17986498000005, -33.90284997312597], [151.1798446040001, -33.90285731412605], [151.17987268000013, -33.90290879412607], [151.1798893880001, -33.90293943312601], [151.17990171400004, -33.90296204912603], [151.1799273150001, -33.90300896712592], [151.17995561400005, -33.90306085012595], [151.1801778040001, -33.90298168012607], [151.18020567300005, -33.90303298112605], [151.18023588200015, -33.903089033126065], [151.1803238990001, -33.903249954125954], [151.1804707650001, -33.90351961812604], [151.18050666600004, -33.90358553912603], [151.1805235270001, -33.903616501126066], [151.18054114100005, -33.90364887812592], [151.1805912950001, -33.90374101012599], [151.18068638500006, -33.90391588012596], [151.18072964500004, -33.90399755012606], [151.18081284000027, -33.90415451912599], [151.18082876900007, -33.90418462012593], [151.18085150600007, -33.904225522126], [151.18084347, -33.904252360125994], [151.18084115700003, -33.90425990812606], [151.18079816600016, -33.90439869712604], [151.18078726500005, -33.90443326212595], [151.18077942200023, -33.90445907912606], [151.18076983100002, -33.90448788912607], [151.18075479800007, -33.90453636612596]], [[151.16995532700014, -33.90102566812604], [151.16991013900008, -33.90110686412605], [151.16961606700033, -33.90099633812603], [151.16966397900023, -33.90091249812604], [151.16961008800013, -33.90089181812599], [151.1696325610003, -33.90084999212609], [151.16965430700031, -33.90080961812604], [151.1697062720001, -33.900829402126], [151.17000167900028, -33.90094260812604], [151.16995532700014, -33.90102566812604]], [[151.17009555900006, -33.900773897126015], [151.1700489560002, -33.900857809125945], [151.16975344000025, -33.90074463012608], [151.16974789100016, -33.900742846126015], [151.1697450050001, -33.90074173412601], [151.16977150200034, -33.900695435126], [151.16978701000016, -33.90066695712594], [151.16979563300026, -33.90065242612607], [151.1698045620002, -33.90063693612596], [151.16982043700034, -33.90060823412606], [151.16983728000025, -33.90057811512597], [151.17014021800026, -33.90069333812601], [151.17009555900006, -33.900773897126015]], [[151.17060354800026, -33.900805020126015], [151.1703091080002, -33.90089329712603], [151.1702894140002, -33.900851516126046], [151.1704023870002, -33.900648159126014], [151.1704713920003, -33.90052363212598], [151.17049873200028, -33.90047436612608], [151.1705612830002, -33.90036149112608], [151.1705633270002, -33.90035784312607], [151.17064233500014, -33.90021611312595], [151.17076056100018, -33.900461233125995], [151.17080165200014, -33.900546813125956], [151.1705765310004, -33.90060455812595], [151.1705955670002, -33.900650596126106], [151.17053749200045, -33.90066600712604], [151.17055575200004, -33.900704023126], [151.1705731960002, -33.90074007612598], [151.1705924510003, -33.90078045912604], [151.17060354800026, -33.900805020126015]], [[151.17861731000016, -33.90013790312608], [151.17878975000008, -33.900110231126106], [151.17880377900008, -33.90017863512598], [151.17871923100017, -33.900191866126], [151.17873253300002, -33.90038843712602], [151.1787348910002, -33.90042302912602], [151.1787364050001, -33.900443637125974], [151.17873961500004, -33.90049491112601], [151.1783589140001, -33.90051460512608], [151.1783405560002, -33.90051552812603], [151.1783269760001, -33.900487722126044], [151.1783117550002, -33.900456581126086], [151.17823901200018, -33.90026806912612], [151.17822765500011, -33.900200686126006], [151.1782122730001, -33.90016160312607], [151.17819507100012, -33.90011788612609], [151.1781801190001, -33.90007991512606], [151.17816500600009, -33.9000414951261], [151.17814859300006, -33.89999979512612], [151.17813299500017, -33.89996014712601], [151.17811814200024, -33.899922435126015], [151.17810920500017, -33.899897802126006], [151.17810365600008, -33.899881327126074], [151.17808885700003, -33.899837394126095], [151.17807398500008, -33.899793202126084], [151.17806031500004, -33.89975254112606], [151.1780451300001, -33.89970742512611], [151.17844122200017, -33.89968446012597], [151.17843992200005, -33.899675809126045], [151.17850733100022, -33.89966942712612], [151.17850994000003, -33.89968018412604], [151.17852543800007, -33.89974592612605], [151.17854117900004, -33.89981321812603], [151.17855680300022, -33.899880610126104], [151.1785726600002, -33.89994775912605], [151.17858784500015, -33.90001143012607], [151.178602672, -33.900074904126015], [151.17861731000016, -33.90013790312608]], [[151.1783050590002, -33.89900104612611], [151.17834780800024, -33.89901287812609], [151.17852162000008, -33.89906134712612], [151.1784852710001, -33.89914918512607], [151.17843548500014, -33.89926889912614], [151.17792264600007, -33.89924936612613], [151.17789562000019, -33.89911563212604], [151.17789371100002, -33.8990992371261], [151.17789258100015, -33.89908278812601], [151.17789225, -33.89906631312606], [151.1778927160001, -33.89904984612609], [151.17789397100012, -33.89903340612608], [151.17789602300013, -33.89901702012605], [151.17789884700017, -33.89900071412604], [151.17790246900006, -33.89898451612611], [151.1779068610001, -33.89896864112608], [151.1783050590002, -33.89900104612611]], [[151.16988372200035, -33.898691807126056], [151.1697463410003, -33.89893579712601], [151.169694466, -33.89891540412601], [151.16959607700028, -33.89887673312609], [151.16973493800015, -33.898633801126], [151.1698334700003, -33.89867221112605], [151.16988372200035, -33.898691807126056]], [[151.17627091700012, -33.898008491126014], [151.1763571500004, -33.89818180112605], [151.1767187930002, -33.898068156126], [151.17668439800013, -33.89800018212607], [151.17656911200015, -33.897772344126125], [151.1765640660003, -33.89776226012607], [151.17655821200015, -33.89775062512611], [151.17660218100013, -33.89775815412602], [151.17662632900021, -33.89776248412609], [151.17663531100027, -33.89776375712604], [151.1767120520003, -33.897774648126045], [151.17671273300027, -33.89777693412607], [151.1767136660004, -33.89777844012601], [151.17672956800016, -33.89781163312598], [151.1768841960003, -33.89783139012612], [151.17700470800014, -33.897846844126], [151.1770049050001, -33.89784681712603], [151.1771284470002, -33.89786172412614], [151.17720264200022, -33.89787162012608], [151.17726783700016, -33.897879697126044], [151.17727070500007, -33.89788008212606], [151.17738731800023, -33.89789601112605], [151.17739110900027, -33.89789653112599], [151.17745617900027, -33.89790438412611], [151.17752745100017, -33.89791298012604], [151.1775203970003, -33.897897598126086], [151.17781904100013, -33.89794009612604], [151.17781907600022, -33.89794010712604], [151.17767099100013, -33.89801657212599], [151.17759347100014, -33.898044661126], [151.17754127400008, -33.89806355712599], [151.17748874500035, -33.89808261412611], [151.17740565800023, -33.89811282312604], [151.1773883750002, -33.898118963126045], [151.1773875240002, -33.89811927712612], [151.17734233600038, -33.89813561012596], [151.17728398100041, -33.89815673812605], [151.17719010100006, -33.89819080112609], [151.17718486600018, -33.89819270112599], [151.17708907700023, -33.89822740112602], [151.17708844100025, -33.898227634126066], [151.17703933600035, -33.898245409126], [151.17699066100033, -33.89826303312612], [151.17694054400033, -33.898281185126116], [151.17688880400033, -33.89829991912599], [151.17682780400025, -33.89832200612603], [151.17676990600012, -33.89834297312599], [151.17671000800044, -33.89836466612598], [151.17664991400022, -33.89838643112604], [151.17658722900035, -33.898409118126054], [151.1764882040004, -33.898444983126076], [151.17632860000015, -33.89848184312609], [151.176247987, -33.89848957912603], [151.17618989100015, -33.898494447126], [151.1761392090002, -33.898498687125986], [151.1760920050002, -33.89850262212605], [151.17604161800023, -33.898506844125976], [151.1759929970002, -33.89851092212605], [151.17579033100014, -33.89852809712602], [151.17569660300035, -33.898535797126065], [151.1755957050002, -33.898544259126034], [151.1753014760003, -33.89856886212603], [151.17519558000015, -33.89857772212606], [151.17511038600003, -33.89858481312611], [151.17505604600024, -33.89858940212613], [151.17500060400027, -33.89859404512606], [151.17495143700035, -33.89859815112612], [151.17489339500003, -33.89860300912608], [151.17482552000013, -33.89861035112609], [151.1747758050002, -33.898615693125976], [151.17472404700004, -33.89862125112609], [151.1746727560003, -33.898626755126095], [151.1746212750004, -33.898632295126106], [151.17457178500024, -33.898637610126116], [151.1745226630004, -33.898642899126], [151.17447162200017, -33.8986483671261], [151.17442002500002, -33.898653925126055], [151.17436970100016, -33.898659321126054], [151.17431827500036, -33.89866484312598], [151.17426787100044, -33.89867026612598], [151.17421911500014, -33.89867550112605], [151.17416786800027, -33.898680996125975], [151.17411807300016, -33.89868636512598], [151.17404924800007, -33.89869375212607], [151.17388169300034, -33.89871051412611], [151.1738280080002, -33.898716538126], [151.17378358300016, -33.89872151312598], [151.17373843800044, -33.898726571126026], [151.17370869700005, -33.89872994812612], [151.17368933500018, -33.8987320731261], [151.1736404730001, -33.89873755012606], [151.17357510700015, -33.89874488212609], [151.1735311750001, -33.898749803126066], [151.17348905300014, -33.898754510126025], [151.17339463500014, -33.898766351126035], [151.17334786100037, -33.898771963126016], [151.1733038120002, -33.898777063126104], [151.17324332400017, -33.89878340112608], [151.1731806380003, -33.89879049112598], [151.17311337300032, -33.89879785912604], [151.1730463040002, -33.898805282126034], [151.17303110100045, -33.89880700312609], [151.17298147700023, -33.89881258712603], [151.17293830600033, -33.898817257126034], [151.17289412300033, -33.89882165012597], [151.17285098800005, -33.89882632912598], [151.1727437520002, -33.89883800012609], [151.1726917650002, -33.89884377812603], [151.1726338090001, -33.8988501461261], [151.17252321100034, -33.89886257212607], [151.17245929800015, -33.89887003712608], [151.1723945360003, -33.898877334126034], [151.17233616900035, -33.89888395812596], [151.17227350200005, -33.89889096812602], [151.1722119560003, -33.898898340126095], [151.1720480490003, -33.898938828126056], [151.17199861200004, -33.89895312412603], [151.1719480390002, -33.89896791712607], [151.17189776700013, -33.89898258912597], [151.17180664900025, -33.89900907812603], [151.17175306200033, -33.89902478312598], [151.17165386600027, -33.89905370012599], [151.17159962500034, -33.89906950412599], [151.17154816100015, -33.89908451312613], [151.17139475400018, -33.89912949112596], [151.17128689900005, -33.89916974812599], [151.17123892400025, -33.89918764912596], [151.17119359300023, -33.89920456412603], [151.17114031100016, -33.899231958125995], [151.17110093200017, -33.899252226126045], [151.17104001300004, -33.89928354612602], [151.17097884300028, -33.89931501812611], [151.17086387100017, -33.899374145126046], [151.17070825600013, -33.89931309112604], [151.17061416100034, -33.89927617712601], [151.17055023900002, -33.899251105125984], [151.1704835920001, -33.89922488512604], [151.1704812080004, -33.89922394412605], [151.17038370900025, -33.899185762126066], [151.17052146500043, -33.89893996512609], [151.17056485900014, -33.898910079126104], [151.17064113400033, -33.89893975912606], [151.17073907400027, -33.898978044126125], [151.1708370240002, -33.899016258126096], [151.17127711000012, -33.89887767512609], [151.17139387500015, -33.89874555512597], [151.17165039700023, -33.898672292126044], [151.171907045, -33.89859898512612], [151.17204852400027, -33.89853495512599], [151.17237188100012, -33.89849740512598], [151.1724909320002, -33.898483573125986], [151.17254185600018, -33.89847766612611], [151.1726099560001, -33.898469751126086], [151.17265279400033, -33.898464776126104], [151.17269479100014, -33.89845989012606], [151.1727318840003, -33.89845559712599], [151.17277317200035, -33.89845079212602], [151.17282850600031, -33.898444374126036], [151.17288873500024, -33.89843738212597], [151.17294781700014, -33.89843043512612], [151.17299391000006, -33.898425101126115], [151.17299416100025, -33.898425065126105], [151.17303009700004, -33.89842087912604], [151.17303898100022, -33.89841985712605], [151.17304014600006, -33.898419714126035], [151.17308312800026, -33.89841473912605], [151.17308421300038, -33.89841460412606], [151.17312916700007, -33.898409387125994], [151.17317978700032, -33.898403588126044], [151.17324329700023, -33.89839621012614], [151.17330231500034, -33.898389344126095], [151.17331810100006, -33.89838752412613], [151.1733832240002, -33.89837995912603], [151.1736898370001, -33.8982810411261], [151.17390494600022, -33.89837693812605], [151.17391136400022, -33.89837623912599], [151.17422937000038, -33.89834148512603], [151.1743232770001, -33.898331114126066], [151.1746551230002, -33.89829368012607], [151.17470682800013, -33.89834623612599], [151.17477496300035, -33.898344434126116], [151.17480434700042, -33.89836161812612], [151.17486841200014, -33.89835641012605], [151.17489384300006, -33.89835452812605], [151.17489607500022, -33.89835434912611], [151.17494642600036, -33.898350333125975], [151.1750021280002, -33.89834588712597], [151.17504142600023, -33.89834266812596], [151.17504434800014, -33.89834241812613], [151.17507164400024, -33.89834037412613], [151.17508158500004, -33.898339441126055], [151.17510145800009, -33.8983378461261], [151.1751368930004, -33.8983349951261], [151.1751896720001, -33.89833076412613], [151.17519484500042, -33.89833027112601], [151.175240077, -33.89832658712613], [151.1752840360001, -33.89832318112606], [151.17529474800028, -33.898322365125985], [151.17534545700028, -33.89831826012608], [151.17539973400017, -33.89831388512609], [151.17544886600024, -33.89830988712601], [151.17549668000026, -33.89830616712612], [151.17554994400007, -33.89830182012607], [151.17560456100023, -33.89829739112611], [151.17565015200034, -33.898293779126], [151.17565190900007, -33.898293644126014], [151.17570421400023, -33.898289297126], [151.17575502200032, -33.898285398126035], [151.17580774800024, -33.898281131126105], [151.17581465000012, -33.89828068312609], [151.1758556330002, -33.89827728512599], [151.17586027700008, -33.89827690912603], [151.1759055360002, -33.898273180126075], [151.17591398000013, -33.89827252512602], [151.17596385600018, -33.89826851812604], [151.1761981740002, -33.898249721125985], [151.17620705700017, -33.89823508312612], [151.1762011410002, -33.89822317012602], [151.17611783900009, -33.89805497012607], [151.17608546100007, -33.898031502126074], [151.17603812200014, -33.89789508812608], [151.1759787540002, -33.89777897812607], [151.17595223800015, -33.89772402812612], [151.1761033260002, -33.89767236912612], [151.17611904000023, -33.89770324112609], [151.1761985500001, -33.897862800126134], [151.17620311300016, -33.89787223012611], [151.17627091700012, -33.898008491126014]], [[151.17576594000013, -33.89831185912608], [151.17576923000024, -33.898338778126], [151.1759697240003, -33.89832402812603], [151.17623991400046, -33.898302508125994], [151.17622653600029, -33.898275457125976], [151.17619705300024, -33.89827776912609], [151.1761608390001, -33.89828063812599], [151.17611290900015, -33.89828442112613], [151.17606051400037, -33.89828854412611], [151.17599228900008, -33.8982939311261], [151.1759662310003, -33.89829597512609], [151.17576594000013, -33.89831185912608]], [[151.1752251610003, -33.89835451912598], [151.1750154570003, -33.89837106612602], [151.1749604370002, -33.89837526212609], [151.17497491300014, -33.89840466312604], [151.1752782010002, -33.89837755612609], [151.17527492900012, -33.89835065512609], [151.1752251610003, -33.89835451912598]], [[151.17491923800026, -33.89840755012609], [151.17490704700026, -33.89837961812602], [151.1748501620002, -33.89838398312601], [151.1748339010004, -33.898385391126126], [151.1748002410003, -33.898397779126086], [151.17481130500016, -33.89842215512612], [151.17491923800026, -33.89840755012609]], [[151.18094790900022, -33.898688974126124], [151.18068120400005, -33.89860995612607], [151.1801350280001, -33.89844763712604], [151.17991704200006, -33.898382549126005], [151.17961496500004, -33.89829278412613], [151.17955586600021, -33.89827173712605], [151.17934203000004, -33.898207832126104], [151.17927480000003, -33.89817986512601], [151.17923568100025, -33.89816359512606], [151.17917624100016, -33.89813887212609], [151.17916766300016, -33.898158710126104], [151.17904967000004, -33.898430722126086], [151.17903865300013, -33.898456117126116], [151.17843442700007, -33.898271826126134], [151.17857713400008, -33.89809250212598], [151.17867868600013, -33.89796506112608], [151.1786924280002, -33.89794788612609], [151.1787793970002, -33.8978385251261], [151.17883603100006, -33.89777351912603], [151.17894399300008, -33.897649466126126], [151.17904820900003, -33.89752972512613], [151.17917272700004, -33.89738519912609], [151.17924492300017, -33.89730133212615], [151.17926245700016, -33.89728098412606], [151.17933025100012, -33.89726213212602], [151.17955541700007, -33.89719951012599], [151.17972182500012, -33.89715323812615], [151.17975584300018, -33.89714374512615], [151.179935418, -33.89709032912602], [151.180290688, -33.89698494812612], [151.18032419500025, -33.896983102126136], [151.18038912100008, -33.89699722012604], [151.18045183300012, -33.897010863126106], [151.18047997100018, -33.8970270521261], [151.1805753120002, -33.897119775126114], [151.1806726430001, -33.897214175126145], [151.18078866400003, -33.89732869012609], [151.1808612090001, -33.897400429126115], [151.18094183100004, -33.897480065126125], [151.18104876300004, -33.897585687126046], [151.18080742500013, -33.89759550312615], [151.1802992930002, -33.89761560012614], [151.1802985490001, -33.89765384912609], [151.17968975200006, -33.89761050912604], [151.1795726460001, -33.897600290126114], [151.1795647040001, -33.89759892712608], [151.17943169700015, -33.89757537012606], [151.17918211100005, -33.89754566312611], [151.1789844660002, -33.89776003712611], [151.17887615000006, -33.89789557112603], [151.17888399700007, -33.89790019712605], [151.17905684100003, -33.89791490712612], [151.17905189300018, -33.89796597512606], [151.17910065700005, -33.89797136312601], [151.17915361600012, -33.89797667812605], [151.17920655700016, -33.897982899126035], [151.17925736500013, -33.897987327126046], [151.17931462700005, -33.89798903112608], [151.1793697380001, -33.89799255312616], [151.17942377200006, -33.897995171126084], [151.1794788740002, -33.89799688312606], [151.17958907700006, -33.89799670412613], [151.17964309400008, -33.89799751912609], [151.17969928000002, -33.89799561912613], [151.17975330600018, -33.89799463312603], [151.17985376600018, -33.897991774126076], [151.17990886700022, -33.89798988212608], [151.17996288400013, -33.897987085126054], [151.18001907000018, -33.89798519412598], [151.1800741630002, -33.89798330312609], [151.18020279600012, -33.8979759431261], [151.1802221580001, -33.89797495712613], [151.18022392400007, -33.89796645012609], [151.18039695600032, -33.89801184412602], [151.18040718400016, -33.89798557912611], [151.18062713300014, -33.897981357126085], [151.18062837900004, -33.897990420126135], [151.180710319, -33.8979833121261], [151.18070944900012, -33.89797187312612], [151.18097996400024, -33.89796480112598], [151.18098763700004, -33.89794511612611], [151.18121462300007, -33.89795038712613], [151.18122218000008, -33.897944067126126], [151.1811283090002, -33.89819903012609], [151.18111182000018, -33.898243652126105], [151.18109682800002, -33.89828422312611], [151.18102511600011, -33.898480050126125], [151.18094790900022, -33.898688974126124]], [[151.1785184820002, -33.89713666412612], [151.17826672900037, -33.89721545712606], [151.17825150800013, -33.897182129126136], [151.17823662800015, -33.897147806126064], [151.17822313700015, -33.897117346126116], [151.17820775500013, -33.89708296012602], [151.1781919240001, -33.897048073126044], [151.17844476200014, -33.89697256912613], [151.17845987600015, -33.89700685612612], [151.1784748900003, -33.897039440126065], [151.17848910700013, -33.89707080512599], [151.1785032610004, -33.897102430126125], [151.1785184820002, -33.89713666412612]], [[151.18002778300024, -33.89655211412608], [151.18025018000026, -33.89680517612615], [151.18016885800012, -33.89685957812614], [151.18015101100013, -33.896871518126105], [151.18013264400008, -33.8968798011261], [151.18008877400007, -33.89689958412614], [151.18000788300003, -33.89692812612609], [151.17987761000018, -33.89696939612614], [151.17982275900033, -33.89698676812614], [151.17963266000015, -33.89704226412615], [151.17957295100007, -33.897060479126104], [151.17943033400013, -33.89710576512615], [151.1794261660001, -33.897106500126114], [151.1794219080001, -33.89710648212615], [151.1794177490001, -33.89710572912614], [151.1794138670001, -33.8971042591261], [151.17941044300017, -33.897102152126095], [151.17940761900013, -33.89709949912613], [151.17940552200002, -33.897096406125975], [151.17940424900019, -33.89709301812606], [151.17940385400004, -33.89708947712611], [151.17940435600008, -33.897085954126084], [151.17940572800023, -33.897082593126086], [151.17940790600005, -33.89707954512611], [151.17941081100003, -33.89707694612607], [151.17948423400014, -33.89698666912606], [151.17951844100003, -33.89694255812614], [151.1795866120001, -33.89686202512613], [151.17962262000003, -33.89681948212606], [151.17967289900002, -33.896774250126064], [151.17968708000024, -33.89676172712612], [151.1796978010001, -33.896754323126096], [151.17978189200005, -33.896695824126056], [151.17985916200007, -33.89664644112614], [151.17987134400005, -33.89664005012613], [151.17989805700017, -33.896624238126016], [151.1799164060002, -33.89661350812608], [151.18002778300024, -33.89655211412608]], [[151.1782240150004, -33.89648175512602], [151.17797587500013, -33.896561158126104], [151.17795905800028, -33.896523492126036], [151.17794415100002, -33.89649002912601], [151.1779277830001, -33.89645411912605], [151.17791050900007, -33.89641621112603], [151.17789305600013, -33.89637662612611], [151.17814264900028, -33.89629960712605], [151.17815901800043, -33.8963365031261], [151.17817520700044, -33.89637261912615], [151.17819157500037, -33.896409434126085], [151.17820793400017, -33.89644650012614], [151.1782240150004, -33.89648175512602]], [[151.17812025700016, -33.89625526212613], [151.17806945000018, -33.89627154112604], [151.17797495100024, -33.89606341512614], [151.17802792800012, -33.89604712812613], [151.17812025700016, -33.89625526212613]], [[151.1825987330002, -33.896035968126114], [151.1825360390003, -33.896055061126084], [151.18235301300012, -33.89611081712607], [151.1821150190001, -33.89618330912604], [151.1820404570002, -33.89620603212612], [151.18188484200016, -33.89625343412614], [151.18187426500003, -33.89625664312614], [151.18183591700006, -33.89626833212614], [151.18178949200012, -33.89628246812616], [151.18174698500002, -33.896295421126155], [151.18169509300003, -33.8963111531261], [151.1816514830001, -33.89632442812608], [151.18161385200017, -33.89633597412612], [151.18157493000012, -33.896347824126146], [151.18148664400007, -33.89637472512616], [151.181371914, -33.89640966712612], [151.18122620500014, -33.89645397612614], [151.1811334990001, -33.89648220312606], [151.18104438800003, -33.8965093641261], [151.18104212900016, -33.89651004612606], [151.18094630400014, -33.89653930412616], [151.18085652100012, -33.89656665312614], [151.1804599010003, -33.8966874521261], [151.18033497900012, -33.896725504126124], [151.1801316310001, -33.89649936112605], [151.1806218710002, -33.89624899712616], [151.18065617600007, -33.89622244512615], [151.18069738400015, -33.89620103912606], [151.18073880600002, -33.896179517126065], [151.18081015100017, -33.896136113126126], [151.18088154900022, -33.89609279012601], [151.18098667800007, -33.8960229341261], [151.18105761900006, -33.895963288126126], [151.18109133300015, -33.89593489912612], [151.18112414100005, -33.89590725412612], [151.18115988900013, -33.8958771711261], [151.18119255400006, -33.895849571126156], [151.18122906400004, -33.895818842126154], [151.18126527900017, -33.89578833812605], [151.18136609700014, -33.895703458126135], [151.18142729400017, -33.89564563112615], [151.18149077700002, -33.89558641512616], [151.18155316600007, -33.89552382012617], [151.1815796720001, -33.89549723212604], [151.1816042160002, -33.895472599126144], [151.1816068600001, -33.89546995512608], [151.18164458900026, -33.89543210912615], [151.18168053500005, -33.895396038126], [151.1817176730001, -33.89535879312616], [151.18175654100014, -33.89531979912618], [151.18183823800007, -33.895237851126154], [151.18195038700003, -33.89512534412607], [151.18198177000022, -33.89509386212614], [151.18201272200008, -33.89506280212616], [151.18204449100017, -33.895030935126094], [151.1820749230002, -33.89500039512614], [151.1822126820001, -33.89485539412612], [151.18224349100012, -33.894822971126125], [151.182272785, -33.89479215312616], [151.18230161300005, -33.89476183612613], [151.1823322790001, -33.89472956612611], [151.18236214700016, -33.89469813812611], [151.18242443800023, -33.89463259412618], [151.1824555610002, -33.8945998481261], [151.18248424500007, -33.89456966712611], [151.18251852400022, -33.89453359612615], [151.18255391300022, -33.89449635012607], [151.1825867660001, -33.89446214412618], [151.18262765100008, -33.89442192212607], [151.18266524600006, -33.89438499112612], [151.18270063600016, -33.89435023712617], [151.18273462700006, -33.89431684712617], [151.1827700350001, -33.89428204812612], [151.18284171100004, -33.89421164512619], [151.18284183600008, -33.894211647126156], [151.18295976700006, -33.89409556212616], [151.18300201400007, -33.894058585126125], [151.1830488600002, -33.89401759312608], [151.1830504190001, -33.89401623112615], [151.18309377800017, -33.89397828612613], [151.1831392790001, -33.89393846812612], [151.18318419800005, -33.89389907112616], [151.18322890100012, -33.89385995312603], [151.18323011100017, -33.89385890412609], [151.18327498500003, -33.89381970412615], [151.1833023250001, -33.89379577912616], [151.18338534100008, -33.89372312612608], [151.1834119010001, -33.893699892126115], [151.1834559140001, -33.89366136512611], [151.18350442700012, -33.893622936126135], [151.18355251900005, -33.893584830126095], [151.18359929300004, -33.89354777312606], [151.18377698600023, -33.893427037126195], [151.18381604700016, -33.893610733126096], [151.18381607600008, -33.89361086912618], [151.18384291600012, -33.89373709212618], [151.18384756800003, -33.8937580051262], [151.18381384600002, -33.893787380126135], [151.18376971600014, -33.89382628412609], [151.18372187500006, -33.89386823512609], [151.18367685800013, -33.893907686126184], [151.18364767100013, -33.89393329612614], [151.18356748000008, -33.8940036001261], [151.18354166300003, -33.89402623412611], [151.18349574100012, -33.89406642912617], [151.18344926300006, -33.894107197126125], [151.18340650500022, -33.89414475612614], [151.18336005300011, -33.89418547912612], [151.18331416700005, -33.89422572812617], [151.1833125170001, -33.8942271801261], [151.18326804700007, -33.894266173126155], [151.18322245600018, -33.894306153126074], [151.18311011900005, -33.89441070812603], [151.18299082700014, -33.89451450212618], [151.1829522370001, -33.894548072126106], [151.18291815600003, -33.89457773412617], [151.18288455900006, -33.894606966126105], [151.1828509080002, -33.894636242126126], [151.18284120900012, -33.8946446861262], [151.1828156800001, -33.89467092412616], [151.1827807200002, -33.8947068511261], [151.18274863800002, -33.89473981212614], [151.1827197020001, -33.89476954512616], [151.18268793400034, -33.89480220112608], [151.18262316900007, -33.89486875012608], [151.18259347200012, -33.894899263126156], [151.1825609680002, -33.894932663126156], [151.1825323190002, -33.89496211012618], [151.18250257700004, -33.894992363126114], [151.18247042300004, -33.89502571812613], [151.1823317950001, -33.895169473126074], [151.18237228500004, -33.895215647126165], [151.1824385560002, -33.89536611612612], [151.1824618710002, -33.89541856512601], [151.18248419200006, -33.895468772126094], [151.18250817000023, -33.89552274412601], [151.18253048200006, -33.89557293312616], [151.18255321400022, -33.89562406412612], [151.18257659200003, -33.89567665512611], [151.18259980000016, -33.89572885312608], [151.18262327700006, -33.89577872812617], [151.18270991400004, -33.89597381112609], [151.18268983400014, -33.89600822412613], [151.1825987330002, -33.896035968126114]], [[151.1876589000001, -33.892553148126204], [151.18760465900016, -33.89257115612618], [151.18756511000015, -33.89258429812618], [151.18749421400014, -33.89260783712617], [151.1874384580001, -33.892626348126115], [151.18737957300016, -33.8926459161262], [151.18734435400017, -33.89265760512611], [151.18731025500006, -33.89266892612615], [151.18720540300012, -33.8927037521262], [151.1871480520001, -33.892722791126204], [151.1870265900002, -33.8927787081262], [151.18677560700007, -33.892854427126075], [151.18661184400014, -33.89290373812614], [151.1864582200002, -33.89295001012615], [151.1864671210003, -33.892966549126214], [151.18639547200019, -33.892979421126114], [151.18639142000018, -33.89297143412616], [151.18636118500012, -33.892979385126196], [151.18620219900004, -33.89302283312614], [151.18619848800006, -33.8930146401262], [151.1861488730001, -33.89302473412621], [151.18615343500016, -33.89303321412611], [151.18595526900003, -33.8930930571262], [151.18591623100008, -33.893104791126184], [151.18587468300018, -33.89311728712615], [151.18589391900014, -33.89316660712605], [151.18587666400003, -33.89319409012611], [151.18565751200003, -33.89324133012617], [151.1855373230003, -33.89326723612618], [151.18528275500023, -33.893322105126174], [151.18507634200012, -33.89337097612617], [151.18479412900012, -33.89343814312612], [151.18474617100003, -33.89344804012616], [151.18469824100032, -33.893458115126194], [151.18465024800003, -33.893467635126186], [151.1846024340001, -33.893477953126144], [151.1845534460001, -33.893487831126166], [151.18420986500007, -33.8935474141261], [151.18416778800008, -33.89355471112618], [151.1841105000001, -33.893564034126165], [151.1840610900001, -33.893572603126145], [151.18403081000008, -33.89357781112615], [151.1839830230001, -33.893586148126026], [151.18395310100016, -33.89359115012618], [151.1838997650002, -33.89360031112616], [151.1838493250001, -33.89337166712614], [151.1838973, -33.89334668412619], [151.1839623520001, -33.89331278212617], [151.18399927500002, -33.893298619126156], [151.1840449550001, -33.89328101412617], [151.18409475900012, -33.89326495912617], [151.18409699100016, -33.89326439512616], [151.18422011100006, -33.89322577812614], [151.18437783200022, -33.89318335112609], [151.18447803200013, -33.89316006312613], [151.18452555000033, -33.893148679126185], [151.18457254800012, -33.893137088126096], [151.18461697300017, -33.89312610712614], [151.18465072300012, -33.89311778012617], [151.18471202700005, -33.89310327612613], [151.18479031000004, -33.8930847481262], [151.1849346570002, -33.89305066612612], [151.18497464500012, -33.89306926712608], [151.18517595800017, -33.8929955921262], [151.18575193000004, -33.89285747512613], [151.18576025700008, -33.89285561012619], [151.1862466250002, -33.89272018212616], [151.18634691400007, -33.89269303112613], [151.18650491300002, -33.89265013812613], [151.1866529350001, -33.892607541126175], [151.18666698200002, -33.89260300512606], [151.18671344200004, -33.892589416126164], [151.18676638300008, -33.89257400712605], [151.18681283500018, -33.89256040912615], [151.18686785600016, -33.89254502612619], [151.18691728300007, -33.89253121312615], [151.18704614900025, -33.89248775512621], [151.18710566100003, -33.89246759512615], [151.18720953600018, -33.89243238512617], [151.1872453200001, -33.89242025712618], [151.1872790870002, -33.89240881012617], [151.18733490600005, -33.89238990512618], [151.1873915850001, -33.89237069512617], [151.18744750200017, -33.89235173612613], [151.18749891100003, -33.892334310126195], [151.18757391200018, -33.89230889712612], [151.1876589000001, -33.892553148126204]], [[151.17967350000015, -33.89572088412613], [151.1795963830001, -33.89555150012608], [151.17955862600002, -33.89546539312617], [151.17956226600006, -33.89546426312612], [151.17966076200003, -33.89543369612613], [151.18041793200007, -33.895198705126106], [151.18082153500006, -33.89507372012614], [151.180876613, -33.89505642312616], [151.18088314400006, -33.89506992812613], [151.18090187000018, -33.89511637112618], [151.1809301510001, -33.89518648712616], [151.18097240300006, -33.895294851126145], [151.18097356400006, -33.895297829126136], [151.1809819470002, -33.89531032112613], [151.1809856020002, -33.895315768126125], [151.18099349300007, -33.89532752612608], [151.18103523600007, -33.89529082812616], [151.18104756200012, -33.895279784126146], [151.18108464500017, -33.89524654612608], [151.18111877100011, -33.89521596112614], [151.18118143900017, -33.89515981012606], [151.18121699000017, -33.89512793412615], [151.18125773100007, -33.895091442126095], [151.18128662200002, -33.89506553612613], [151.18131419500014, -33.89504892612614], [151.1813538250002, -33.895024347126075], [151.18153663600015, -33.89497001612614], [151.18161640900007, -33.8949427211261], [151.18157002700013, -33.89483185412615], [151.1816052380001, -33.894821510126164], [151.1816398300001, -33.89481134512611], [151.1816760710002, -33.89480070412616], [151.18171371100016, -33.89478965212612], [151.18170983800007, -33.894776753126116], [151.1817075790002, -33.89476917812618], [151.18180004300018, -33.89474418612616], [151.1818130050002, -33.894738960126176], [151.18181587300023, -33.89473780412617], [151.18173189900006, -33.89453372112616], [151.18185806700012, -33.894496099126165], [151.18197839900017, -33.89446008212611], [151.1820561830002, -33.894438504126185], [151.1819741500001, -33.89424591512608], [151.1820178500002, -33.894233661126115], [151.18207188400004, -33.894221721126094], [151.1820716960002, -33.8942213081261], [151.18205992600008, -33.89419620912612], [151.18210714900022, -33.8941797511261], [151.18215600200006, -33.89416260312618], [151.18220400500002, -33.89414561712612], [151.18223929600003, -33.894133444126176], [151.18224594700007, -33.89414519512616], [151.1822607470001, -33.894139243126126], [151.18223924200004, -33.89408796912614], [151.18228346100022, -33.89407535712616], [151.18232921300012, -33.89406252112617], [151.18232398700002, -33.894049227126125], [151.1823649710002, -33.89403698212619], [151.18241787600004, -33.89402066812608], [151.18246416600016, -33.894006388126186], [151.18250922800019, -33.89399264612616], [151.18259937900007, -33.89396586612618], [151.18252443100005, -33.893786645126184], [151.18250455800012, -33.89373901912616], [151.18248568000013, -33.89369389512616], [151.18269717600003, -33.89363158612612], [151.18273225200016, -33.893621502126166], [151.1827788290002, -33.893607536126204], [151.1828185480001, -33.8935958381261], [151.182888799, -33.893575149126164], [151.18295109000007, -33.89355680912617], [151.18301668800007, -33.893537285126186], [151.18308113900014, -33.8935181111262], [151.18305923100013, -33.893463422126175], [151.18303713500006, -33.89340827612616], [151.18302766900013, -33.893384637126154], [151.182981648, -33.89326974612615], [151.18310025000005, -33.89323544112616], [151.1831149840002, -33.89323144912618], [151.18309386800001, -33.89318212312618], [151.1830732420001, -33.89312716512616], [151.18305930300005, -33.893091928126196], [151.18304245900015, -33.89305066612612], [151.1830277890001, -33.893001063126206], [151.18299427800014, -33.89301006912616], [151.1829598830002, -33.892926973126194], [151.18292801600012, -33.892847865126114], [151.18312928400007, -33.89279544412615], [151.18334010800015, -33.89273685512612], [151.18340425500003, -33.892896370126174], [151.18342537400008, -33.892946209126094], [151.1835021590001, -33.892925502126175], [151.18356567800015, -33.8929086321261], [151.18363038000018, -33.892891081126166], [151.1836935670002, -33.89287414812618], [151.18373982100013, -33.8928615531262], [151.1837835560001, -33.89284958712609], [151.1838244500001, -33.89283855212616], [151.18386567500022, -33.89282742812613], [151.18390658700002, -33.892816393126196], [151.1839457860002, -33.89280581512614], [151.1839875500001, -33.89279455712616], [151.18406781300007, -33.89277281012615], [151.1841323000001, -33.89275542012611], [151.1841967600002, -33.892738030126196], [151.18428836300018, -33.89271330712612], [151.18440173000022, -33.892683825126184], [151.18443797200007, -33.89267404512615], [151.1845017060001, -33.89265663712613], [151.18456709800023, -33.8926389241262], [151.1846301060001, -33.892621794126185], [151.18470161100004, -33.892602342126196], [151.18477110000003, -33.8925834461261], [151.1848815180001, -33.892553408126126], [151.1850072650002, -33.89251928212613], [151.18510279400016, -33.89249344812614], [151.1851641530002, -33.892476542126154], [151.18523076400004, -33.892458336126175], [151.18538210300005, -33.892417021126185], [151.1853836810002, -33.892416564126194], [151.18536171000005, -33.89236374812615], [151.18530030700003, -33.892209451126135], [151.1854863000001, -33.89215895712615], [151.18559117000007, -33.89242507912618], [151.18569301000014, -33.892681270126126], [151.1855025430001, -33.892728860126134], [151.18544041400003, -33.892743453126194], [151.18537766600014, -33.892757876126176], [151.18531390500016, -33.89277269312615], [151.18526448700015, -33.892784230126125], [151.18521851900005, -33.892794861126184], [151.1851756000001, -33.89280489212611], [151.18512425400013, -33.89281674212614], [151.18499573700012, -33.892846673126115], [151.18488351700023, -33.89287274012619], [151.18480386300018, -33.8928912331261], [151.18473874000006, -33.89290637312616], [151.18468005300008, -33.892919999126185], [151.18461369300007, -33.89293533612621], [151.1845492770001, -33.892950924126154], [151.18450085400002, -33.89296155612614], [151.18448403800005, -33.8929658131262], [151.18442625600017, -33.89297991412614], [151.18430318000003, -33.89301369912621], [151.18423891800012, -33.89303131312621], [151.18417473600005, -33.893048936126156], [151.18409304700003, -33.893071427126145], [151.18405371300014, -33.89308314312616], [151.18401389500002, -33.89309499312619], [151.1839714150001, -33.893108439126095], [151.18393042200012, -33.89312136512613], [151.1839198900002, -33.893124700126144], [151.1838904970001, -33.89313904212619], [151.18385086700005, -33.89315835112616], [151.18380990200012, -33.89317837612612], [151.18375672700006, -33.89321128312618], [151.1837005770002, -33.89324612612616], [151.18364529600012, -33.89328044012616], [151.18359195100015, -33.893313472126195], [151.18342333900023, -33.89343146512619], [151.1833958640001, -33.89344390712617], [151.18329128200003, -33.89353563612611], [151.1832551120002, -33.89356732312616], [151.18320036900002, -33.89361533412617], [151.1831707880002, -33.89364127612613], [151.18313674200022, -33.893671135126134], [151.1830821520001, -33.89371900312609], [151.1830471390001, -33.89374969612614], [151.18298155800017, -33.89380385612619], [151.18293385200013, -33.89384637212613], [151.18289446400001, -33.893881457126106], [151.1828529520002, -33.89391841612617], [151.18281081200007, -33.89395598412614], [151.1827697750001, -33.89399256612614], [151.1827339460001, -33.89402448612613], [151.1826925150001, -33.894061409126145], [151.18265376300008, -33.8940959111261], [151.1825843820002, -33.89416731812617], [151.18254944000012, -33.89420399912615], [151.18251435500008, -33.89424083212618], [151.18247380200023, -33.89428340212616], [151.1824398110001, -33.8943190971262], [151.18240958400008, -33.89435081112611], [151.18236871800002, -33.89439374012614], [151.1822941910002, -33.894471852126124], [151.1822544810001, -33.894513310126165], [151.18221865200007, -33.89455128212609], [151.18218231200012, -33.89458943212616], [151.18215048100024, -33.89462284112609], [151.18208095600005, -33.894695073126115], [151.1819812860001, -33.89479809612618], [151.1818842150002, -33.89489923612614], [151.1818570180002, -33.89492745512614], [151.18182884400017, -33.89495668612608], [151.18179583000006, -33.89499095612614], [151.1817671990001, -33.895020671126126], [151.18173933000003, -33.89504959812615], [151.18171444600011, -33.89507541412615], [151.18169330000012, -33.89509734912616], [151.18162387400002, -33.89517331912616], [151.18155832900004, -33.895237277126114], [151.18152433800003, -33.89527044412608], [151.1814871460001, -33.89530673012607], [151.18145211500018, -33.89534090112607], [151.18138482200004, -33.89540656212606], [151.18134993400008, -33.89544058912615], [151.1813133700001, -33.89547626612607], [151.1812828300001, -33.89550606212615], [151.18117676800023, -33.89560954212617], [151.18112997600008, -33.89564685912614], [151.18109071400022, -33.895686220126116], [151.18104844000004, -33.8957211571261], [151.1810484130001, -33.89572117912609], [151.1809729900002, -33.89578286112612], [151.18092978400023, -33.89581886012608], [151.18093196100006, -33.895826967126126], [151.1808811720001, -33.89586048012611], [151.18082388300002, -33.895898209126166], [151.18078307000007, -33.895924608126144], [151.1807408860002, -33.89595243212612], [151.18066824200002, -33.89599965512614], [151.1806019710001, -33.89603426412615], [151.18055101100003, -33.89606087812613], [151.18038658600005, -33.896147094126135], [151.1803865500002, -33.896147113126155], [151.1803434320002, -33.89616952212616], [151.1803026240002, -33.89619040712607], [151.18030257300006, -33.896190433126065], [151.1802581400002, -33.89621378612614], [151.18021505900015, -33.896236617126114], [151.18011984300006, -33.896286932126074], [151.18003997400012, -33.89632866812614], [151.1799594060002, -33.89636173712613], [151.17990485100006, -33.896390852126146], [151.17985020700007, -33.896420011126146], [151.17979785700004, -33.896450543126136], [151.17969044200015, -33.89651181212613], [151.1796675300002, -33.8965268981261], [151.17962100700004, -33.896557671126104], [151.17960715800018, -33.89656668012615], [151.17954455300003, -33.89661455712608], [151.1795244650002, -33.896633587126054], [151.17947011600006, -33.89668506712608], [151.17942802100004, -33.89672473312614], [151.17942177300006, -33.89673244212607], [151.17938066500017, -33.89678332212608], [151.1793335770002, -33.8968413011261], [151.17931846200008, -33.8968596671261], [151.17930309000008, -33.89687834012605], [151.1792699770001, -33.896919117126146], [151.17923928500022, -33.896956873126065], [151.17921243800004, -33.89699111512615], [151.17914892800013, -33.897070536126044], [151.17910018800012, -33.897130915126105], [151.17907639500004, -33.89713003712611], [151.17901749600003, -33.89720552112615], [151.1790174680001, -33.89720554912614], [151.17891717300006, -33.89731297612614], [151.17881640500002, -33.89742111912611], [151.1786302180002, -33.89738592512615], [151.17861731000016, -33.89740565512609], [151.17849474700006, -33.89744418212606], [151.17842225900006, -33.897584105126114], [151.17805469500001, -33.89758796412607], [151.17802755200023, -33.89747144112608], [151.17797647500004, -33.89735161112614], [151.17823456600013, -33.897274736126086], [151.17828004000012, -33.89726119112615], [151.17833185200004, -33.89724576412608], [151.17853942200009, -33.89718400212611], [151.17869307400008, -33.89714209612614], [151.1786793860001, -33.89711114312613], [151.17856962200017, -33.89686370112607], [151.17844558700006, -33.896584088126055], [151.17840732900015, -33.89649734412607], [151.1783704060001, -33.89641394312608], [151.1783484890001, -33.896364560126116], [151.1783311260001, -33.896326454126125], [151.17831344000012, -33.89628785512613], [151.17829526100013, -33.89624681812612], [151.17829419400005, -33.89624449712611], [151.17827816700003, -33.896208354126074], [151.17825735200006, -33.896161598126106], [151.17825304100018, -33.89615177312615], [151.17818786400017, -33.896004925126114], [151.17819647800002, -33.895987786126085], [151.17843850600013, -33.89591440712608], [151.1785353700002, -33.8958848261261], [151.1786313570002, -33.896104865126105], [151.1786320560002, -33.89610647812614], [151.17863423400001, -33.89611278912613], [151.17864837000002, -33.89614527412617], [151.1786645410001, -33.89618304012609], [151.17868204800004, -33.89622336012613], [151.17880480100018, -33.89650571612615], [151.17892044500013, -33.89646784312615], [151.17892696200022, -33.8964813611261], [151.17900618500005, -33.89645781212617], [151.1791525670002, -33.896414301126164], [151.17919818500002, -33.89640063112607], [151.17924902000004, -33.896385410126165], [151.17932675500015, -33.896362669126155], [151.1795094050002, -33.896305813126155], [151.17943377600022, -33.89613513612611], [151.1794846560001, -33.89611909112611], [151.1798083540001, -33.896018237126135], [151.17967350000015, -33.89572088412613]]]}, "properties": {"OBJECTID": 275792, "LABEL": "Newtown station and town centre (King Street & Enmore Road)", "LAY_CLASS": "Town Centre", "LGA_NAME": "SEPP"}}, {"type": "Feature", "geometry": {"type": "Polygon", "coordinates": [[[150.97287255000003, -33.77327842312761], [150.9728683730001, -33.77328077312766], [150.97284724700012, -33.77329338412765], [150.97284461800007, -33.773294954127586], [150.97282186400014, -33.77330935412768], [150.97282134800002, -33.77330968012767], [150.97279857800015, -33.77332495512767], [150.97277633100032, -33.77334074112762], [150.97275462000005, -33.773357055127676], [150.97273346600002, -33.77337386212762], [150.97271318800017, -33.77339140612768], [150.97254133, -33.77353921212764], [150.9717170570001, -33.774248119127634], [150.9716821600001, -33.77426684512758], [150.97164008300012, -33.774269544127634], [150.97160251600008, -33.774250487127645], [150.9709498750002, -33.773727737127594], [150.97085579800012, -33.77365238312766], [150.97072531000003, -33.773549073127555], [150.97069761900013, -33.77352686912766], [150.97066928400034, -33.77350541012769], [150.97064037600012, -33.77348449612763], [150.97061091100022, -33.77346413012763], [150.97058089100005, -33.77344432012765], [150.97055035000005, -33.7734250931276], [150.97051930800023, -33.77340643812764], [150.97048961000007, -33.77338944612765], [150.97048775400003, -33.77338838512769], [150.97046355100008, -33.773375198127646], [150.9704626560001, -33.7733747131276], [150.97045570400007, -33.77337095012767], [150.97045299200022, -33.77336951612754], [150.97044426500008, -33.7733680451277], [150.9698634030002, -33.773268281127656], [150.96976117300005, -33.77325279012766], [150.96970395200003, -33.773245000127616], [150.96964215200012, -33.77323475512768], [150.96963157900018, -33.7732331521277], [150.96943920700005, -33.7732030601276], [150.96934388600027, -33.773189480127634], [150.96869233500013, -33.77308931512769], [150.9686882450003, -33.77308675312768], [150.96755611300023, -33.77291486212766], [150.96761986400008, -33.772764957127706], [150.96775482600003, -33.772421781127704], [150.96793317300035, -33.77191237612771], [150.96810270900016, -33.771472038127676], [150.96812503100023, -33.77141398612759], [150.96815123900012, -33.77134448012771], [150.96824584600006, -33.77139191812762], [150.96868076900023, -33.77160213212767], [150.96876911800018, -33.771644838127656], [150.96990784800005, -33.77219516312771], [150.9702268310001, -33.772349334127675], [150.97095749400023, -33.7725353821276], [150.9718601940001, -33.772765244127626], [150.97197624100022, -33.772794781127665], [150.97297115400022, -33.772897966127665], [150.97307339600013, -33.77318841612763], [150.97304661300018, -33.7731977931276], [150.97302000700006, -33.77320783212769], [150.9729937530002, -33.77321849912764], [150.9729678550002, -33.7732297761277], [150.97294235300024, -33.7732416441277], [150.9729172540002, -33.77325411312765], [150.97289258400008, -33.77326715612768], [150.97287255000003, -33.77327842312761]]]}, "properties": {"OBJECTID": 275793, "LABEL": "Winston Hills Mall shopping centre", "LAY_CLASS": "Town Centre", "LGA_NAME": "SEPP"}}, {"type": "Feature", "geometry": {"type": "Polygon", "coordinates": [[[151.13438764400018, -33.82193277212701], [151.13383973900022, -33.822715570127045], [151.13376800800006, -33.82282819312705], [151.13373503000014, -33.822879976127055], [151.13353578800002, -33.82278021812707], [151.13352920000023, -33.82277699112706], [151.13321630400003, -33.82262828612703], [151.13321452800005, -33.822627442127036], [151.13329102700004, -33.82252007512704], [151.13343626000017, -33.82230523512701], [151.13323721600023, -33.82220984012708], [151.13333513900022, -33.82206714312705], [151.1333671760001, -33.82201995712703], [151.13343377800004, -33.82192250012707], [151.13354954800013, -33.82197807612703], [151.1336626020002, -33.82203234412702], [151.13373781100006, -33.82192156712699], [151.13381381500017, -33.821809625127045], [151.13388909600008, -33.82169872312704], [151.13397351800018, -33.82152665912702], [151.13413486900015, -33.821287196127], [151.1340348670002, -33.82123900512704], [151.13409967700022, -33.82114435512699], [151.13411784700008, -33.821118064127084], [151.13416628800007, -33.821047625126994], [151.13419965200023, -33.82099897712704], [151.13423097200018, -33.82095286612706], [151.13427868600002, -33.82088347512706], [151.13429451800005, -33.8208608321271], [151.1343613360001, -33.820762434127005], [151.13483354000005, -33.820987987127005], [151.13498012900004, -33.8210572101271], [151.13449897700002, -33.82177774112699], [151.13443762800023, -33.82186317612707], [151.13438764400018, -33.82193277212701]], [[151.13457247300005, -33.822499378127], [151.13454484600004, -33.822540835127064], [151.13452687300003, -33.82253234612698], [151.13447230000008, -33.82261149812705], [151.13418924500002, -33.82247682312707], [151.1342425260002, -33.82239921312709], [151.13426957000013, -33.822359601127], [151.13427156100022, -33.82235669712701], [151.13430066700016, -33.822314611127005], [151.1343279260002, -33.822274919127075], [151.13435516800007, -33.82223526212708], [151.13438335100022, -33.82219418012698], [151.1344094630001, -33.82215596612701], [151.13443742900006, -33.822115252127034], [151.13447827000005, -33.82205583912707], [151.13452169100015, -33.821992606127075], [151.13482085600015, -33.822136506127094], [151.1347779360001, -33.82219901212703], [151.1346548790001, -33.82237843412705], [151.13462798600017, -33.82241832412705], [151.13460106700018, -33.82245825012699], [151.13457247300005, -33.822499378127]]]}, "properties": {"OBJECTID": 275794, "LABEL": "Boronia Park town centre (Pittwater Road)", "LAY_CLASS": "Town Centre", "LGA_NAME": "SEPP"}}, {"type": "Feature", "geometry": {"type": "Polygon", "coordinates": [[[150.9529244680001, -33.86693821712647], [150.95300212300003, -33.867058460126486], [150.95355603400014, -33.8667612681265], [150.95363513200016, -33.86688365312649], [150.95371352200004, -33.86700494512651], [150.95379191200016, -33.86712624512649], [150.95387030200004, -33.86724753712651], [150.95394870100006, -33.867368838126474], [150.95410548100006, -33.86761142112646], [150.95426101500016, -33.86785206812646], [150.95433941400017, -33.8679733681265], [150.95441780400006, -33.86809466912648], [150.95497166200005, -33.86779704712649], [150.9550493170002, -33.86791719112648], [150.95509742600018, -33.86799162812649], [150.9551284060002, -33.868039316126435], [150.95531095700017, -33.86794065912646], [150.95544953100023, -33.86786627612649], [150.95572638400017, -33.867717321126506], [150.95586482400006, -33.86764303712652], [150.9564191290002, -33.86734497512645], [150.956477865, -33.86743534612645], [150.95648978300017, -33.86745368212649], [150.95656035700017, -33.86756296112643], [150.95659558500006, -33.867617498126414], [150.95670090300007, -33.86778055312651], [150.95669587300017, -33.86779615512647], [150.95669095300013, -33.867811416126514], [150.95678421300022, -33.86801042612642], [150.95678840900018, -33.86801938012648], [150.95678851700018, -33.86801937112646], [150.95682719600006, -33.86803102512645], [150.95705412000007, -33.86798959312648], [150.9570777040002, -33.86795314612651], [150.95711969100023, -33.86793394512642], [150.9574472170001, -33.867861596126474], [150.95747702200003, -33.86785543812652], [150.95750700700012, -33.86784997012649], [150.95753716200022, -33.86784517412643], [150.95756745100016, -33.86784106012646], [150.95759787500003, -33.86783764512642], [150.95762797600014, -33.867834848126506], [150.9576581570002, -33.8678327411265], [150.95768840200014, -33.86783131612645], [150.95771879000017, -33.86783044712649], [150.95775104200015, -33.867830303126475], [150.95778174400004, -33.86783078712641], [150.9578124100001, -33.8678319701264], [150.95784302200013, -33.86783384412649], [150.9578735440001, -33.867836435126435], [150.95790400400017, -33.86783970612652], [150.95793436500014, -33.867843525126474], [150.95796460000008, -33.867848034126496], [150.95799466500011, -33.867853233126475], [150.95802456, -33.867859122126426], [150.95805424000002, -33.86786568412644], [150.95808374900002, -33.86787277512649], [150.9581129810001, -33.86788052812641], [150.95814197000016, -33.86788896312651], [150.95817067300015, -33.86789805312643], [150.95819906200006, -33.86790777912646], [150.95822720000012, -33.86791803412641], [150.95825500600006, -33.867928916126445], [150.95828243600022, -33.867940435126506], [150.95830948000003, -33.867952563126416], [150.9583361120001, -33.86796530112644], [150.95836239500022, -33.86797853212646], [150.95838824700002, -33.86799235412642], [150.9584136330002, -33.86800675912648], [150.95843853500014, -33.86802172912647], [150.95846293500017, -33.868037237126416], [150.9584869490002, -33.86805322812641], [150.9585104260001, -33.86806973112645], [150.9585333560002, -33.868086763126456], [150.95855571200013, -33.86810432312647], [150.9585774760002, -33.86812239412646], [150.95859818300016, -33.86814074412648], [150.95870719400023, -33.86825431712642], [150.9587375550002, -33.86833925112646], [150.9588158370001, -33.868447034126504], [150.95889483700023, -33.86856056312647], [150.95898799100007, -33.868637761126465], [150.95907219800006, -33.86876110512643], [150.9591045310001, -33.86880884712648], [150.95912486200018, -33.868838563126445], [150.9591460260001, -33.86886783912647], [150.95916801400017, -33.86889670312647], [150.9591908100001, -33.868925119126445], [150.9592144300001, -33.86895308612642], [150.9592388210002, -33.86898057012645], [150.95926399200005, -33.8690075701264], [150.95928983500005, -33.869034085126444], [150.95931561500004, -33.86905949812647], [150.95934195100006, -33.86908447212645], [150.95936892400005, -33.869108979126494], [150.95939649700017, -33.86913300312639], [150.95942469800002, -33.8691565421265], [150.95944947400017, -33.86917967812642], [150.9594575870002, -33.869186437126444], [150.95946507200006, -33.869193680126465], [150.95947191100015, -33.86920137112649], [150.95947805100013, -33.869209447126394], [150.95948345700003, -33.86921787312648], [150.95948810900006, -33.8692266221265], [150.95949052000003, -33.8692322251264], [150.95949212500022, -33.8692359631265], [150.9594955130002, -33.8692460741265], [150.9596887230001, -33.86957767012641], [150.96005208700024, -33.869860062126484], [150.96019076000005, -33.86996781812647], [150.9602591910001, -33.8699727571264], [150.96036484, -33.86991543212648], [150.96068754300018, -33.870166182126425], [150.96096799100008, -33.87033775212639], [150.960968298, -33.87033794212643], [150.9606653520002, -33.870503018126406], [150.9596263430002, -33.87106917712647], [150.9601032170002, -33.871051715126384], [150.9602827230001, -33.87105675112645], [150.9602834650002, -33.871253755126425], [150.96028347100014, -33.87125444312643], [150.96028408400014, -33.871320178126446], [150.96028497100008, -33.87139004312644], [150.96029638200002, -33.87147536212639], [150.96029884700022, -33.87158218612642], [150.96032416200023, -33.87163392612644], [150.96036536900021, -33.87168347912642], [150.96021299000006, -33.87167591312647], [150.95995531200015, -33.87166312212645], [150.95985665400008, -33.871658227126424], [150.95982377400003, -33.87165659612645], [150.95978962100014, -33.87167320612638], [150.95966440400002, -33.87173409812647], [150.95953825400022, -33.87179544812642], [150.95941328700007, -33.871856224126354], [150.9592888850001, -33.87191672212644], [150.9592519260002, -33.87193469412636], [150.9591157990002, -33.871914875126436], [150.9588978400002, -33.87192901112644], [150.9586359750001, -33.87194598912639], [150.9586790830001, -33.872049837126376], [150.95906432800007, -33.87202279212636], [150.95920014100022, -33.87204524712643], [150.95924861800006, -33.872162039126465], [150.95929712300006, -33.87227888412643], [150.95934562700018, -33.8723957301264], [150.95887868400018, -33.87253059312637], [150.95902482500014, -33.872882648126435], [150.95897576400023, -33.87289504912641], [150.9588168150001, -33.87293522712643], [150.95880382600023, -33.87296852812633], [150.9583375200002, -33.873239841126455], [150.95821292900007, -33.8733123331264], [150.9580774650001, -33.8733911531264], [150.95801745200015, -33.873426068126356], [150.95794209100006, -33.87346991012643], [150.95780643100022, -33.873548847126386], [150.9576137680001, -33.87366094212636], [150.95738271200003, -33.87381981012644], [150.95718509200003, -33.8740757681264], [150.95707687000015, -33.87405606512644], [150.95678102300008, -33.874026125126385], [150.95634480900003, -33.87398198712643], [150.95612026100014, -33.873945826126416], [150.95598979900012, -33.873932021126436], [150.9558818910001, -33.87392597112635], [150.95580947100018, -33.87392565712641], [150.95573704200012, -33.87392856112641], [150.95559334900008, -33.873943962126376], [150.9555098410001, -33.87395715612634], [150.95545321600014, -33.87397182212638], [150.9554479540002, -33.873976850126354], [150.95541788900005, -33.873978428126435], [150.95538313500003, -33.87398560812638], [150.9553485340001, -33.87399350512645], [150.95531401400012, -33.87400212912641], [150.9552797450002, -33.874011209126394], [150.95524554700023, -33.87402091712637], [150.95521187800023, -33.87403136012634], [150.95517827200013, -33.87404252012638], [150.95514528500007, -33.87405404812639], [150.9551125400002, -33.874066311126434], [150.95507970400013, -33.874078923126405], [150.95504764900022, -33.87409254812634], [150.95501938600012, -33.874104157126425], [150.95499172300003, -33.87411641112637], [150.95496449000018, -33.8741296591264], [150.95493742800022, -33.87414300712643], [150.9548734340001, -33.8741801621264], [150.95481014000018, -33.874217605126404], [150.9547469170002, -33.87425586312637], [150.95469255000023, -33.8742897921264], [150.9546702120001, -33.8743110451264], [150.95377200000007, -33.8753462741264], [150.95359904300005, -33.87523663912641], [150.95305311000016, -33.874907195126426], [150.95320825900023, -33.8747289011264], [150.9533709100001, -33.87482737112643], [150.95329491300015, -33.87457763412643], [150.95323841300024, -33.87439192712642], [150.95324642700018, -33.874344598126434], [150.95324764600002, -33.87433740912634], [150.95301220700003, -33.87400026412635], [150.95316899600004, -33.873818833126364], [150.9531744200002, -33.87381355412637], [150.95317601500005, -33.873811725126394], [150.95321879100004, -33.873762665126414], [150.9532623020002, -33.87371277212637], [150.95335455100007, -33.873606602126394], [150.95320444900005, -33.873412666126434], [150.9531760330001, -33.87338408012644], [150.9531872650001, -33.8732849301264], [150.9532002090001, -33.87317219012646], [150.9532123460001, -33.87306381512642], [150.95322528100007, -33.87295400612639], [150.9532376420001, -33.87284747912638], [150.95325040700016, -33.87273629812641], [150.95326346800005, -33.872622348126406], [150.95328800200002, -33.87240851212646], [150.95329255900015, -33.872368698126415], [150.95330958700015, -33.87221994612644], [150.9533455190002, -33.87189894612641], [150.9533832090001, -33.87156186512642], [150.95339106100005, -33.871492394126456], [150.95343125500005, -33.87112726412641], [150.95345225800008, -33.87095069112638], [150.95345494700007, -33.87061309912646], [150.95345664100023, -33.87042639712644], [150.95345740300002, -33.87034224312642], [150.95345816500014, -33.87025216412645], [150.95345878400008, -33.870178238126435], [150.95345991300007, -33.87004357312641], [150.95346107900002, -33.86990559012648], [150.95346228000005, -33.86976376212642], [150.95346351700005, -33.86962667612639], [150.95346426100014, -33.869574891126454], [150.9534654800001, -33.86949147212649], [150.9534671560001, -33.86937528112648], [150.9534607730002, -33.86917001512645], [150.95346076800013, -33.869169818126494], [150.9533569890001, -33.86916910012648], [150.95324891000018, -33.86916906512646], [150.95312028600017, -33.86916778312641], [150.9528794690002, -33.869166142126495], [150.9527231100002, -33.869165183126405], [150.9525128150001, -33.86916388312644], [150.9525803680001, -33.86905279312643], [150.95242642900007, -33.86900395712647], [150.95267269700014, -33.86860439712647], [150.9527731720002, -33.86844138012649], [150.95083643400005, -33.86740603812643], [150.95144178100009, -33.867081264126504], [150.95159039500015, -33.867001529126526], [150.95173066300003, -33.86692627712641], [150.95186764200002, -33.86685278112651], [150.9520095590002, -33.86677664112642], [150.95214867100015, -33.86670200712644], [150.95228566800006, -33.86662851112653], [150.95242817700023, -33.86655204912649], [150.9526337210001, -33.86644177412649], [150.95262405800008, -33.86647301312651], [150.95268943200006, -33.86657426112646], [150.95276777800007, -33.86669558012648], [150.95284612300009, -33.86681689812646], [150.9529244680001, -33.86693821712647]]]}, "properties": {"OBJECTID": 275796, "LABEL": "Fairfield station and town centre", "LAY_CLASS": "Town Centre", "LGA_NAME": "SEPP"}}, {"type": "Feature", "geometry": {"type": "Polygon", "coordinates": [[[151.2312635070001, -33.751475416127924], [151.22803417800003, -33.75100794812798], [151.22839926500012, -33.750662981127924], [151.22890856100003, -33.750734743127936], [151.23134749000008, -33.75107836912795], [151.23126693200004, -33.75146188112792], [151.2312635070001, -33.751475416127924]]]}, "properties": {"OBJECTID": 275797, "LABEL": "Frenchs Forest Precinct (Warringah Road)", "LAY_CLASS": "Town Centre", "LGA_NAME": "SEPP"}}, {"type": "Feature", "geometry": {"type": "Polygon", "coordinates": [[[150.93429072000004, -33.8947516981261], [150.9343698450001, -33.89434830112608], [150.93437052700006, -33.894344895126], [150.93440100400005, -33.89419325112615], [150.93442176500002, -33.89409249612607], [150.934432656, -33.89403964412611], [150.93444179900007, -33.89399476212612], [150.9344692830001, -33.89385987212613], [150.93450635800002, -33.89367768812608], [150.934618085, -33.89369309712611], [150.93527129900008, -33.89378581112613], [150.93531546500003, -33.893792050126066], [150.93547654700012, -33.89381429912614], [150.9356385530001, -33.89383678112607], [150.9357325410001, -33.893849734126135], [150.93580810700007, -33.893860302125994], [150.93583091100004, -33.89386331412608], [150.93596340800002, -33.89388195012613], [150.9361269110001, -33.89390485312611], [150.9362889350001, -33.893927442126085], [150.93645756500007, -33.89395129512615], [150.936439306, -33.894037879126124], [150.93641099700005, -33.89416786512602], [150.93641357900003, -33.89416825112605], [150.93686587500008, -33.89423323112612], [150.9371088700001, -33.89427117512608], [150.93717277400003, -33.894280336126], [150.9372205080001, -33.89428741812607], [150.93727873800003, -33.89429573612607], [150.93733381200002, -33.894303670126064], [150.9373833740001, -33.89431095712611], [150.93743115200004, -33.894317313126095], [150.937479853, -33.89432432312618], [150.93753300100002, -33.894331709126135], [150.93754951300002, -33.8942481381261], [150.93761427700008, -33.89425630412601], [150.937611714, -33.894267536126094], [150.9376309590001, -33.894270028126115], [150.9376332810001, -33.89427035012598], [150.93763558500007, -33.89427075412611], [150.9376378620001, -33.89427121112608], [150.9376401290001, -33.89427174912611], [150.93764237000005, -33.89427234912601], [150.93764457600003, -33.894273013126096], [150.93764675400007, -33.89427374812612], [150.93764890500006, -33.89427454612614], [150.93765101200006, -33.894275415126124], [150.93765309100002, -33.89427633812607], [150.93765511700008, -33.89427732412616], [150.93765710700006, -33.8942783731261], [150.93765904300005, -33.89427948512609], [150.93766093500005, -33.894280650126085], [150.93766278100009, -33.89428186912604], [150.9376645650001, -33.89428314212605], [150.9376662950001, -33.89428446912606], [150.93766796300008, -33.894285849126156], [150.93766957600008, -33.894287283126125], [150.93767111800003, -33.8942887621261], [150.93767259700007, -33.89429027712611], [150.9376740130001, -33.89429184612603], [150.9376753670001, -33.894293451126096], [150.93767664000006, -33.89429510012609], [150.9376778410001, -33.89429678512612], [150.9376789700001, -33.89429850612617], [150.93768002800005, -33.89430025412612], [150.93768100500006, -33.89430203812605], [150.93768191100003, -33.89430384912613], [150.93768272600005, -33.89430568612607], [150.93768347000002, -33.89430755112603], [150.93768413400005, -33.894309433126125], [150.93768470700002, -33.89431133412606], [150.93768520900005, -33.894313252126125], [150.93768562200012, -33.89431517912608], [150.93768595300003, -33.89431711512609], [150.93768619500008, -33.89431907012612], [150.93768635700008, -33.89432102412604], [150.93768642800012, -33.8943229871261], [150.9376864190001, -33.89432495012605], [150.93768633000002, -33.894326904126125], [150.93768554100006, -33.894332749126], [150.93765738500008, -33.89447690712609], [150.93773425100005, -33.89448117412607], [150.9380845280001, -33.89450028512614], [150.9381713260001, -33.89451279012615], [150.9384801980001, -33.89455727812609], [150.9387164520001, -33.894599059125994], [150.9386785800001, -33.894779343126096], [150.93866052600004, -33.894865281126044], [150.93863562400009, -33.89498381112601], [150.9386253340001, -33.89503081012609], [150.93854944400005, -33.89539807312609], [150.93850560200008, -33.8956125721261], [150.9384512460001, -33.89587853512607], [150.93821937300004, -33.89592785312619], [150.93815240300012, -33.895918925126175], [150.9381092320001, -33.895912560126035], [150.9380031620001, -33.89596933812609], [150.9377860180001, -33.89598283812603], [150.93774262400007, -33.89598534812613], [150.93770807600004, -33.89598733812599], [150.93767046400012, -33.89599010812605], [150.93750111600002, -33.89600067612606], [150.93733674400005, -33.895983609126084], [150.9371791750001, -33.895956269126074], [150.9371260900001, -33.89594087812617], [150.93715782200002, -33.895775896126004], [150.93717078400005, -33.89559129112607], [150.93711013400002, -33.89560211112597], [150.93704962700008, -33.89561276912608], [150.9368356210001, -33.895650633126046], [150.9366084830001, -33.89569109612604], [150.93653822300007, -33.895703637125976], [150.93647777900003, -33.895714376125994], [150.93642155700002, -33.89572445112608], [150.93636847200003, -33.89573423112607], [150.93631335300006, -33.89574394812605], [150.93626034900012, -33.89575286712602], [150.93619240200007, -33.89576545312602], [150.9361425620001, -33.895774560126014], [150.93608943300012, -33.89578348812606], [150.93599659300003, -33.89579982012608], [150.93591226900003, -33.89580422212601], [150.935849619, -33.89580778912599], [150.93577918000005, -33.89581098112606], [150.9357070200001, -33.89581333812614], [150.93557856600012, -33.89581910212614], [150.93540991800012, -33.895827295126125], [150.93524323300005, -33.895835425126066], [150.93507056900012, -33.89584438012605], [150.93489967900007, -33.895853174126], [150.93489555100007, -33.89585336412603], [150.9347307260001, -33.89586095512608], [150.93473410900003, -33.895844222126094], [150.93473419500003, -33.89584379812608], [150.93477990300005, -33.89561777112607], [150.93413616300006, -33.895528185126096], [150.9341463730001, -33.895476302126006], [150.93417358800002, -33.89533825612604], [150.9342537980001, -33.894931632126074], [150.93429072000004, -33.8947516981261]]]}, "properties": {"OBJECTID": 275803, "LABEL": "Cabramatta station and town centre", "LAY_CLASS": "Town Centre", "LGA_NAME": "SEPP"}}, {"type": "Feature", "geometry": {"type": "Polygon", "coordinates": [[[151.13795871500008, -33.957276990125344], [151.1379885020001, -33.95725524312529], [151.1381106990001, -33.95727551112532], [151.13837786200008, -33.9573198291253], [151.13838662800003, -33.957283193125306], [151.139414815, -33.957517798125345], [151.13945088600008, -33.95740802612527], [151.14040127400006, -33.957619791125225], [151.14052221600002, -33.95764763312529], [151.14071667100006, -33.957689665125265], [151.1409195440001, -33.95773569512523], [151.1414110390001, -33.957847054125295], [151.14146692100007, -33.957859846125295], [151.14149387800012, -33.95786602112532], [151.14155090400004, -33.957879083125384], [151.14157324200005, -33.958001423125324], [151.1417341460001, -33.958037969125286], [151.14154296200002, -33.95834971812528], [151.14129239200008, -33.95892671212539], [151.1411166890001, -33.958967749125264], [151.141004908, -33.95899386112527], [151.1409982660001, -33.958995251125316], [151.14098586000011, -33.9589983161253], [151.14099004600007, -33.959061315125304], [151.14100714900007, -33.95931128512524], [151.14100863700003, -33.95932943712525], [151.14090780100003, -33.959314001125236], [151.14090609800007, -33.9592962971253], [151.14089044700006, -33.9590679751253], [151.1408801030001, -33.95891260312539], [151.14074991000007, -33.95891833112527], [151.14069102500002, -33.95892091212527], [151.1406160690001, -33.95892785912529], [151.14048030900005, -33.95893338112527], [151.14033151600006, -33.958938141125294], [151.1402202820001, -33.95892428312528], [151.1401033830001, -33.95890772612529], [151.13997623800003, -33.95888962812525], [151.13984663600002, -33.95887117112526], [151.13970941600007, -33.95885301912525], [151.13973604800003, -33.95914037712539], [151.1396669620001, -33.959129728125326], [151.139595761, -33.959118720125325], [151.13955717200008, -33.95855391812526], [151.13954775900004, -33.95839693212531], [151.13954740100007, -33.95839086312524], [151.13950799500003, -33.95839297912528], [151.1393914360001, -33.95839925312533], [151.13909797400004, -33.95841503912529], [151.13870139900007, -33.95843592312527], [151.13812107, -33.95846648312532], [151.13809233200004, -33.95844545412527], [151.13805653300005, -33.95798195912534], [151.13805557900002, -33.9579696101253], [151.1380987770001, -33.95796729712529], [151.13809529900004, -33.95792232512532], [151.13805210100008, -33.95792463812527], [151.13804736800012, -33.95786472212528], [151.13804334400004, -33.95781226512532], [151.138038853, -33.957754035125355], [151.13802849, -33.95761977312531], [151.13797740500002, -33.95751977012531], [151.1379664420001, -33.95738748012539], [151.13795871500008, -33.957276990125344]]]}, "properties": {"OBJECTID": 275804, "LABEL": "Rockdale Plaza shopping centre", "LAY_CLASS": "Town Centre", "LGA_NAME": "SEPP"}}, {"type": "Feature", "geometry": {"type": "Polygon", "coordinates": [[[151.17086492900012, -33.88139825512627], [151.17089683100005, -33.881329098126315], [151.17091210600017, -33.881295967126334], [151.1709318830001, -33.88125312912626], [151.17094044100008, -33.88123456312632], [151.17095536800002, -33.88120223112633], [151.1709825360001, -33.88114331912635], [151.1710123800001, -33.881078655126316], [151.17104078400018, -33.88101703512626], [151.17109985700017, -33.880889020126354], [151.17109988200002, -33.88088902812632], [151.17135316100018, -33.88097076312636], [151.17133939200016, -33.88100098912627], [151.17132105200005, -33.88104066412627], [151.17130813500012, -33.881068802126194], [151.17129340700023, -33.88110083012633], [151.17127471700007, -33.88114155312626], [151.17126896200023, -33.881154049126344], [151.17126634500005, -33.88115975012635], [151.1712569770002, -33.88118011612625], [151.17123773200012, -33.88122239912621], [151.17123662900008, -33.88122445212627], [151.17123392200017, -33.881230324126236], [151.17121270400003, -33.881276533126254], [151.1712092890001, -33.88128397312624], [151.17119368300007, -33.88131792012631], [151.17118667300008, -33.88133318512633], [151.1711758350001, -33.881356769126214], [151.17116750800017, -33.881374895126314], [151.17115449200014, -33.88140322112633], [151.17114951700023, -33.88141407612624], [151.17113383000003, -33.88144835412635], [151.1713896440001, -33.881535574126175], [151.17137409200006, -33.8815694851263], [151.17157117400018, -33.88164174312635], [151.1716295650001, -33.88151403312632], [151.17178206900007, -33.88156488612628], [151.17178307300003, -33.88156522712631], [151.17187955300005, -33.88159763212632], [151.17191957700015, -33.881510358126306], [151.17193410700008, -33.88147864412626], [151.1719959320002, -33.8814994041263], [151.172060535, -33.88152117812631], [151.1721251480002, -33.88154296012633], [151.172190128, -33.88156492212629], [151.17216644300015, -33.88161669712632], [151.1723732800001, -33.881680728126284], [151.17242416800002, -33.8816992111263], [151.17242045700004, -33.88171309712628], [151.17239635300018, -33.88176993712628], [151.17239193400007, -33.881769023126296], [151.1723780220001, -33.881795637126274], [151.17238107800006, -33.881797376126265], [151.1723363210001, -33.881888925126276], [151.1723313550001, -33.881901932126304], [151.1722514070001, -33.88206673912633], [151.17243690600003, -33.88213051312628], [151.1725155920002, -33.8821574141263], [151.17276131200003, -33.882241855126246], [151.17273552300014, -33.8823003631263], [151.17271076400016, -33.882356415126225], [151.17246449700008, -33.88227187512625], [151.17238764, -33.88224395212624], [151.17216024200002, -33.88216323212633], [151.17195452500005, -33.88210024412624], [151.1718975970001, -33.88222850712633], [151.1718912240002, -33.88224257212623], [151.1718696470001, -33.88229150612629], [151.17130606400008, -33.88209844012629], [151.17125663000024, -33.88208311212626], [151.17124224100007, -33.88211403712625], [151.17120906500008, -33.88210456312632], [151.17064239800004, -33.88191321712633], [151.1706615180001, -33.88187045912625], [151.17069609200007, -33.88179270612629], [151.17071966700018, -33.88173956712625], [151.17079514400007, -33.88157085612623], [151.17086492900012, -33.88139825512627]], [[151.17341364800006, -33.88246681512621], [151.17331361900006, -33.88269315512631], [151.17325227900005, -33.88267226012633], [151.1731939230001, -33.882651697126306], [151.17312753600015, -33.88262848912618], [151.17303081400019, -33.88259515212625], [151.1730095790001, -33.88258783812627], [151.17303080500005, -33.8825398531263], [151.17310956300003, -33.88236190012631], [151.17318878700019, -33.88219824512627], [151.17312843200023, -33.882176956126315], [151.17306922500006, -33.88215676012633], [151.17303074300003, -33.882143421126194], [151.1730051420002, -33.88213454712626], [151.1729406820001, -33.88211190412624], [151.173032733, -33.88191131712618], [151.17307508800025, -33.88181904212625], [151.17314127800023, -33.881841846126285], [151.17320419600014, -33.8818635481263], [151.17326143100013, -33.88188322412633], [151.17332417900002, -33.881904522126305], [151.17338256100004, -33.881924270126255], [151.17344638500015, -33.88194637512634], [151.17350535000014, -33.88196649012632], [151.1735286290002, -33.88197455812625], [151.17362258900016, -33.882007133126294], [151.17348995800012, -33.882302084126174], [151.17341364800006, -33.88246681512621]], [[151.1708049240002, -33.88078834612633], [151.17076687154656, -33.880871153426995], [151.17073502900018, -33.8809404471263], [151.17072861300016, -33.880954376126326], [151.17064841100012, -33.88112989912627], [151.17059989100005, -33.881234510126305], [151.17057912100006, -33.88127972412633], [151.1705490920001, -33.881290642126245], [151.17038603700007, -33.88123459912633], [151.17031334800004, -33.88120961712632], [151.1702058610001, -33.88117266712635], [151.1701679250001, -33.88115961612635], [151.17024695200007, -33.88099136212628], [151.17032666000023, -33.880821727126275], [151.17019971200023, -33.88077804612629], [151.17014681500018, -33.88075988512623], [151.1701845890001, -33.880677300126315], [151.17022458700023, -33.880590116126314], [151.1708049240002, -33.88078834612633]]]}, "properties": {"OBJECTID": 275805, "LABEL": "Annandale town centre (Booth Street)", "LAY_CLASS": "Town Centre", "LGA_NAME": "SEPP"}}, {"type": "Feature", "geometry": {"type": "Polygon", "coordinates": [[[151.21212472900015, -33.89137144412612], [151.2121829230001, -33.891127140126166], [151.21219158300016, -33.89109103312618], [151.21220420400005, -33.8910384321262], [151.21225901000014, -33.890811760126205], [151.21227621200012, -33.89074054112615], [151.2122921140002, -33.89067426212619], [151.2123099070002, -33.890600040126174], [151.2123261500002, -33.89053231712609], [151.21234171100014, -33.89046748212621], [151.21234743000002, -33.89044360112621], [151.21235969300005, -33.890392657126135], [151.21237631200006, -33.890318428126136], [151.21239123800024, -33.89025172012623], [151.21240840300015, -33.89017505812621], [151.21241774400016, -33.89013322012618], [151.21241893600006, -33.890127880126215], [151.212429218, -33.89009788712622], [151.21247229900007, -33.89012203612622], [151.21257170900003, -33.89017777412624], [151.21260133500016, -33.89013666512619], [151.21263819500018, -33.890090931126224], [151.21267606800018, -33.89004379812615], [151.21273919200007, -33.889972328126184], [151.21297204000018, -33.8901023061262], [151.21299560700004, -33.88998337212622], [151.21271031900005, -33.88982463812624], [151.212736306, -33.88979244812623], [151.21274755600007, -33.88977851812615], [151.21275898500005, -33.88976438212615], [151.2127820940001, -33.88973576012609], [151.21280510400004, -33.88970728112623], [151.21282156200016, -33.88968690612621], [151.21282975500003, -33.88967675912618], [151.21285231800005, -33.889648755126196], [151.21285734600008, -33.88964253412609], [151.21288437300007, -33.88960905412609], [151.21266316900005, -33.88949223512618], [151.21274457100003, -33.889388944126146], [151.21282871500011, -33.88928215612624], [151.21290307200013, -33.889190499126244], [151.21296491400005, -33.88911217212611], [151.2129771770003, -33.889096628126154], [151.21301655600007, -33.889046735126165], [151.2130663590001, -33.88898365512622], [151.21318281100014, -33.888836117126246], [151.21321800300018, -33.88885501312621], [151.21341902000006, -33.88896422112619], [151.21353569600012, -33.889028107126144], [151.21356956900013, -33.889046682126114], [151.21361646100013, -33.8890723981262], [151.21366511700023, -33.88909905712615], [151.21375658600004, -33.88914913012622], [151.2138040230002, -33.88917510812621], [151.21377303500026, -33.88927493112624], [151.21373942900016, -33.889395702126194], [151.21370709600023, -33.88951164212621], [151.21367985400013, -33.88960980712614], [151.2136544230001, -33.88970039712609], [151.21364333500003, -33.88973909412618], [151.21363560800035, -33.889767223126114], [151.21361651500013, -33.889834794126216], [151.21357806800006, -33.88997373612614], [151.21357589900015, -33.88998076312618], [151.21356715000002, -33.89001419912619], [151.21355638400019, -33.89005210812621], [151.21354687400014, -33.89008551612612], [151.21353618900002, -33.890124339126146], [151.21352766400014, -33.89015591112621], [151.2135211200001, -33.89018031112619], [151.2135129180001, -33.890209757126236], [151.21350184800008, -33.89024953012615], [151.2134951160001, -33.89027375112619], [151.21348700300007, -33.890302911126184], [151.21347423800012, -33.890348789126165], [151.21346534600013, -33.890380727126235], [151.2134543210002, -33.89042033012623], [151.21344441500003, -33.890455962126175], [151.21378383600018, -33.890495412126135], [151.2138052160002, -33.89052192812618], [151.2137828320001, -33.8906033481262], [151.21375154800035, -33.89071714512618], [151.21344782200026, -33.89067952412619], [151.2134373880001, -33.890733540126234], [151.21343541500005, -33.89074377712607], [151.21342802000004, -33.89078164112617], [151.21338857000012, -33.890779006126124], [151.213382474, -33.890819299126115], [151.2134204900001, -33.89082504512623], [151.21341329200004, -33.890861681126225], [151.21340623800006, -33.89089779612622], [151.21339791900016, -33.89094036612619], [151.21339175200012, -33.890971920126205], [151.21338681300006, -33.89100869912611], [151.21337693400005, -33.8910524341262], [151.21336883100003, -33.89108839812613], [151.21336101400004, -33.891122756126094], [151.21335902400006, -33.89113183712623], [151.21335205000003, -33.89116272712617], [151.21334380400003, -33.891199327126216], [151.21337331300003, -33.89123084412613], [151.21360238800014, -33.89126639512612], [151.21362894800018, -33.891253003126195], [151.213609388, -33.891331052126176], [151.21357094600012, -33.89152863512615], [151.21353428100008, -33.8915449931262], [151.21295655400013, -33.891462096126176], [151.21293108700002, -33.89142790412618], [151.2129290040001, -33.89143820812613], [151.21292030000018, -33.891481235126136], [151.21270746000016, -33.89145425312613], [151.2127299880002, -33.8913391331262], [151.21270911500017, -33.891382571126194], [151.2126847420002, -33.89139651012617], [151.21263669500001, -33.89140168212621], [151.21227036400023, -33.89135744512622], [151.21223979900003, -33.89132473212618], [151.21222525100006, -33.891386531126145], [151.21212472900015, -33.89137144412612]], [[151.21207250500004, -33.89154476312617], [151.21218936900016, -33.89156178512613], [151.21229154900004, -33.891576674126135], [151.21236854100005, -33.89158765512614], [151.21274056400023, -33.891640910126185], [151.2129311560002, -33.89166655612619], [151.21301266500006, -33.8916775281261], [151.21311605600022, -33.89169149412621], [151.21321856800012, -33.89170529912621], [151.2133247280002, -33.89171958712612], [151.21343243, -33.89173408212619], [151.21353528300017, -33.891747913126196], [151.21358672700012, -33.89175483412622], [151.21364139900004, -33.891762193126205], [151.2136921350002, -33.891768710126115], [151.21374770300008, -33.89177584512621], [151.21380621900016, -33.89178335712618], [151.2138726600001, -33.89179188212618], [151.21393633200023, -33.891800066126144], [151.21400653800015, -33.891809012126174], [151.21431147400017, -33.89184823812613], [151.21428293300005, -33.89195851312619], [151.2139789370001, -33.891914894126145], [151.2139671770002, -33.89196006412616], [151.2139554700002, -33.892004947126146], [151.21394416600015, -33.89204830512616], [151.21393298800012, -33.892091189126155], [151.21392702600008, -33.89211406712619], [151.21385831800012, -33.892111125126206], [151.21379800800014, -33.89210308412615], [151.21373961700021, -33.89209533012614], [151.21295171000008, -33.89199058612616], [151.2129630500001, -33.89193368312621], [151.21265847200016, -33.89189219812622], [151.2126230010001, -33.89209561712616], [151.2126219700001, -33.892101462126206], [151.21244627600004, -33.89303260412615], [151.21220780700003, -33.89299768012611], [151.212200735, -33.893037005126146], [151.21189143300023, -33.892996004126154], [151.21182870300015, -33.89298625112612], [151.21179936400017, -33.89314164212621], [151.21149341400007, -33.89309757512611], [151.21153114300023, -33.8929041501262], [151.21153344700008, -33.892896934126114], [151.21149992200003, -33.892892488126186], [151.21151594100002, -33.89281131912613], [151.2114465410001, -33.892779901126204], [151.21146025600012, -33.8927112191262], [151.21163754600002, -33.89182340812623], [151.21165966000012, -33.89171265812617], [151.21169853700007, -33.89151799612616], [151.21173719000012, -33.89149590912613], [151.21187463400008, -33.89151593512619], [151.21195449400022, -33.89152757012616], [151.21207250500004, -33.89154476312617]]]}, "properties": {"OBJECTID": 275806, "LABEL": "Surry Hills south town centre (Crown Street and Cleveland Street)", "LAY_CLASS": "Town Centre", "LGA_NAME": "SEPP"}}, {"type": "Feature", "geometry": {"type": "Polygon", "coordinates": [[[151.16642728400006, -33.77477757812756], [151.16592811500004, -33.774204734127544], [151.16609898800004, -33.77409653212761], [151.1661150770001, -33.774086347127614], [151.1662011310001, -33.7740318011276], [151.16625815100008, -33.77405706212757], [151.16631414900007, -33.774082018127615], [151.1663709620001, -33.77410726212756], [151.1664291300001, -33.774133111127554], [151.1664860420001, -33.77415840012761], [151.16698403600003, -33.77383930012758], [151.16711604900001, -33.77387491412763], [151.16720746400006, -33.773899968127594], [151.1672722730001, -33.77391716112759], [151.1672928810001, -33.77392936112759], [151.16753774100005, -33.77407426412763], [151.1675436700001, -33.77407876312759], [151.1677269710001, -33.77421785812766], [151.16776616900006, -33.7742611281276], [151.1678102200001, -33.77430975512766], [151.1678558420001, -33.77436011112762], [151.1678981450001, -33.774406811127584], [151.167943873, -33.77445729412756], [151.16798326800006, -33.77450078012756], [151.1680262010001, -33.774548178127596], [151.16806699400001, -33.77459320512757], [151.1681061920001, -33.77463647612757], [151.16821774000005, -33.77478163812758], [151.1682692920001, -33.77482876212758], [151.1682966950001, -33.77485275812758], [151.16830968300007, -33.77486867012765], [151.16834322700004, -33.77490950012752], [151.16837786400004, -33.77495182812765], [151.1684110210001, -33.77499271312756], [151.16843180000012, -33.77504536712761], [151.1684514220001, -33.77509697312756], [151.16847362600004, -33.775153921127554], [151.16851792600005, -33.77526764712755], [151.16853975300012, -33.77532406712755], [151.16856016400004, -33.775375852127546], [151.1685817220001, -33.77543228912762], [151.16860325400012, -33.77548752512763], [151.1686242300001, -33.7755413981276], [151.16864525000005, -33.7755957111276], [151.16866734600012, -33.77565150312755], [151.16868760500006, -33.77570416612757], [151.16867891900006, -33.77577698112758], [151.16866989200003, -33.775850754127575], [151.16866185100002, -33.775920324127604], [151.16865312000004, -33.77599281512757], [151.16864441600012, -33.776065316127564], [151.16863543500006, -33.77614157312758], [151.1686274210001, -33.77620815712757], [151.1686187350001, -33.776280945127574], [151.16861082800006, -33.776349447127515], [151.16857296500007, -33.77670400012758], [151.16853270700005, -33.77706030012754], [151.16852593900012, -33.77711963212759], [151.168501127, -33.777338389127515], [151.16856823500007, -33.77745835212751], [151.1680556980001, -33.777755860127556], [151.16797500400003, -33.77746678012755], [151.16795465600012, -33.77739450412759], [151.16790498700004, -33.77708599112757], [151.16771734400004, -33.77686742212753], [151.16767380600004, -33.776680066127575], [151.16763780600002, -33.77658069112759], [151.16743074300007, -33.776303440127585], [151.16729203900002, -33.776117710127586], [151.16714353200007, -33.77591935612756], [151.16687350200004, -33.775548471127564], [151.16700018900008, -33.775525353127556], [151.167034155, -33.77550487112757], [151.16718429200012, -33.77541434312758], [151.16731260200004, -33.77533427712756], [151.1674679570001, -33.775237959127566], [151.16764143700004, -33.77513031012756], [151.16777523300004, -33.7750472051276], [151.16785972800005, -33.775000315127535], [151.16790986000012, -33.77496969512761], [151.1677827630001, -33.77482781212757], [151.1674036400001, -33.77441243912757], [151.16726937800001, -33.774264842127586], [151.16723352200006, -33.77428667412751], [151.167041379, -33.77440364512754], [151.1669274200001, -33.77447415612753], [151.1667359490001, -33.77459034712758], [151.16660375700008, -33.77467048512755], [151.16642728400006, -33.77477757812756]]]}, "properties": {"OBJECTID": 275807, "LABEL": "Lindfield station and town centre", "LAY_CLASS": "Town Centre", "LGA_NAME": "SEPP"}}, {"type": "Feature", "geometry": {"type": "Polygon", "coordinates": [[[151.10495494600002, -33.813198826127035], [151.10474777000002, -33.81289251812708], [151.1046627290001, -33.81282996812717], [151.10464117900005, -33.81285274512707], [151.10455043700006, -33.81279306312707], [151.1045039590001, -33.81277117312712], [151.1044971550001, -33.81270587912716], [151.1044636480001, -33.812741233127035], [151.1044212930001, -33.81271326612707], [151.1044564770001, -33.81267567112711], [151.10438783900008, -33.812624701127], [151.10423364100006, -33.81251008812711], [151.1043765940001, -33.81239257512712], [151.10433992700007, -33.81236559812719], [151.10418706400003, -33.8122531271271], [151.10406478700008, -33.81216315512706], [151.10392044900004, -33.812056161127174], [151.1036916160001, -33.811888902127144], [151.10353167200003, -33.81177200312714], [151.10351521400003, -33.811759973127224], [151.10358266800006, -33.81169442012711], [151.10365391400012, -33.811624088127125], [151.10370885400005, -33.81157088712715], [151.10371936900003, -33.81155974512708], [151.10379419100002, -33.81148701112713], [151.10420536900006, -33.81177827812712], [151.10439742200003, -33.81159135212709], [151.1045042190001, -33.81148685012722], [151.10461001200008, -33.81138309212718], [151.10471761500003, -33.81127832112716], [151.10482678800008, -33.8111718641272], [151.1049322670001, -33.811069039127176], [151.1049343730001, -33.8110669771271], [151.1050381760001, -33.810966042127134], [151.10508251200008, -33.81092278212707], [151.10514711500002, -33.81085973912715], [151.10525505100009, -33.81075480612713], [151.10595957500004, -33.81092246912715], [151.10601864700004, -33.81090186012707], [151.1060605450001, -33.810922280127095], [151.1069744020001, -33.8113678451271], [151.1071606050001, -33.8114586311271], [151.10719439000002, -33.81148543312711], [151.10726706100002, -33.8115208051271], [151.1074294880001, -33.81159985912712], [151.1075160800001, -33.81164200712714], [151.10775868100006, -33.811760081127126], [151.1077872410001, -33.811846861127144], [151.1076588400001, -33.81197224012718], [151.10754220100011, -33.81208702412715], [151.1075401390001, -33.81208905912713], [151.10722144300007, -33.81240267312716], [151.10703194500002, -33.812589150127074], [151.10697552500005, -33.812644126127076], [151.1069453880001, -33.81267349212702], [151.10693965100006, -33.81267908612708], [151.10690431500007, -33.812713499127156], [151.1065611560001, -33.81296568212719], [151.10628607900003, -33.81323895812709], [151.10645916400006, -33.81337710212704], [151.10684183600006, -33.81365576512712], [151.10677372800012, -33.813722753127095], [151.10720018100005, -33.81403124812712], [151.10723064, -33.8140009411271], [151.10735673600004, -33.8138754541271], [151.107421089, -33.81381143412709], [151.10749112400003, -33.813742913127065], [151.10761840400005, -33.81361569612705], [151.1078519250001, -33.81378409412705], [151.10772678700005, -33.81390772512709], [151.10766362700008, -33.813971073127185], [151.1075999830001, -33.814033893127096], [151.107473743, -33.81415850112715], [151.10763894900003, -33.81428687412711], [151.10774045800008, -33.814357735127125], [151.10787526700005, -33.81445257312709], [151.10757751000006, -33.8147480711271], [151.10740852100002, -33.81485683112715], [151.10719212200001, -33.81506697412709], [151.1070879250001, -33.815167971127174], [151.10673057600002, -33.81491399412713], [151.10668665200012, -33.81488337312711], [151.10637204300008, -33.814659032127054], [151.106263086, -33.81459554912706], [151.1061943950001, -33.81466174812711], [151.10585414900004, -33.81441233412706], [151.10571697400007, -33.81454373712705], [151.1056617910001, -33.814597100127095], [151.1056097280001, -33.814646859127116], [151.10551742600012, -33.814736337127044], [151.10551038100004, -33.814743248127115], [151.10541290600008, -33.81483720012704], [151.10537356300006, -33.814874965127046], [151.10533526000006, -33.81491254212706], [151.10529706500006, -33.81494869412709], [151.10525229000007, -33.8149925811271], [151.10519687400006, -33.815046330127075], [151.1048624550001, -33.81480752912706], [151.1046824230001, -33.8147034931271], [151.10456940500012, -33.814811805127036], [151.10428339100008, -33.81460529312705], [151.10419976600008, -33.814544840127006], [151.10414212800003, -33.814503229127084], [151.10394888200005, -33.81436289812707], [151.10400623400005, -33.81426429412702], [151.10407101700002, -33.81417094312707], [151.1041431320001, -33.81408174312703], [151.1041957230001, -33.814021209127084], [151.1042387330001, -33.813976828127096], [151.10471404800012, -33.81346057512719], [151.10473451200005, -33.81343813812712], [151.10495494600002, -33.813198826127035]]]}, "properties": {"OBJECTID": 275809, "LABEL": "Top Ryde shopping centre", "LAY_CLASS": "Town Centre", "LGA_NAME": "SEPP"}}, {"type": "Feature", "geometry": {"type": "Polygon", "coordinates": [[[151.15393819200017, -33.8502140031267], [151.1539689370003, -33.85024691012658], [151.15398689300002, -33.8502386901267], [151.15414744700013, -33.850167561126604], [151.15439089100005, -33.85005967912672], [151.15446530200018, -33.85018064812661], [151.1544911430001, -33.85022312912667], [151.15451765000034, -33.85026595012674], [151.15454439900032, -33.850309237126616], [151.15461834300004, -33.850429435126586], [151.15463282900032, -33.850452974126576], [151.15468265000027, -33.85053397212661], [151.15473227500024, -33.850614639126626], [151.15484393900022, -33.85079616012664], [151.15498168900024, -33.850884240126646], [151.15501491800023, -33.85091961212672], [151.1550408420003, -33.8509472041267], [151.15506486600032, -33.85097278612667], [151.1550999770002, -33.85101016612665], [151.15514359600024, -33.85105658212669], [151.15518653500033, -33.85110228012664], [151.15520323400017, -33.8511200641266], [151.15522546400018, -33.851143729126626], [151.15524179700026, -33.85116111112662], [151.15528754900015, -33.851209812126655], [151.15534954400016, -33.85127579612669], [151.1554128470002, -33.85134318712668], [151.15547063800022, -33.85140469712665], [151.1555114150002, -33.85144809112658], [151.15554249200022, -33.85148117812664], [151.1555496560003, -33.85148879812665], [151.15559320100022, -33.851535151126576], [151.15563347800025, -33.85157802612659], [151.15564351700004, -33.85158870112657], [151.1556556810002, -33.85160166312667], [151.15567889800013, -33.85162636812667], [151.15571539800032, -33.851665228126656], [151.1557689780003, -33.85172217512669], [151.1558388420002, -33.8517932591267], [151.1558817260002, -33.851839047126674], [151.15596053700017, -33.85192318312661], [151.1559867650003, -33.8519527371266], [151.15602239800023, -33.851991112126555], [151.1560267010002, -33.851995747126644], [151.15608520800015, -33.85205879012654], [151.15613947600013, -33.852118777126705], [151.15620070800014, -33.8521839551266], [151.1562549150001, -33.85224156512659], [151.1562573440002, -33.852244173126685], [151.15626096500023, -33.852248083126675], [151.15632553300009, -33.85231680812667], [151.15639426000018, -33.85238661212658], [151.1564492890002, -33.852445416126564], [151.15650795900024, -33.85250811012669], [151.1565729570002, -33.85257754512657], [151.1566182070003, -33.85262589612667], [151.15663211100014, -33.85264075012663], [151.1566931630001, -33.85270599912662], [151.15674733200024, -33.85276389712669], [151.15675468300014, -33.85277187512658], [151.15676257300015, -33.85277995112654], [151.15681424000024, -33.85283534912656], [151.15687327700027, -33.85289844612664], [151.1569370110002, -33.852966555126685], [151.15699568900027, -33.85302703512661], [151.15706057800014, -33.85309379812656], [151.15711982200014, -33.85316149412666], [151.15712200000007, -33.85316378012657], [151.15718004200016, -33.853221418126616], [151.1572426910003, -33.85329276312667], [151.15730318900023, -33.8533550711266], [151.15736266600015, -33.853418474126684], [151.15739049800015, -33.853448216126644], [151.15740564700025, -33.853464324126676], [151.15742473200032, -33.85348462812664], [151.15746688000024, -33.85352956312664], [151.1574830510001, -33.85354679312655], [151.15750255700027, -33.853567589126676], [151.1575425010002, -33.853610177126654], [151.15760415500017, -33.85367590112656], [151.15766270800032, -33.853738326126674], [151.1577150930002, -33.8537941541266], [151.15772386000015, -33.85380351212666], [151.15778790700028, -33.85387179112661], [151.15784689900033, -33.85393467312665], [151.1579116280003, -33.85400367012651], [151.15796980500022, -33.85406593312659], [151.15803071500022, -33.854130859126634], [151.15809164200027, -33.854195776126666], [151.15815257200018, -33.85426069312653], [151.15821264800013, -33.85432471412661], [151.1582134900002, -33.85432561912659], [151.15827441800013, -33.85439053712655], [151.15833533800014, -33.85445545412658], [151.15839625800027, -33.854520371126604], [151.15845610900033, -33.854585987126654], [151.15851698400013, -33.85465094012652], [151.15860795000015, -33.85474798412655], [151.15874132600004, -33.85489285912653], [151.15881820900017, -33.85497449512654], [151.15882288900013, -33.85497945212658], [151.1588839240003, -33.85504428012651], [151.15894493300027, -33.855109134126664], [151.15897518700012, -33.855141718126596], [151.15900601400017, -33.85517394412651], [151.1590680720002, -33.85523879912662], [151.15914806600028, -33.85532240512656], [151.15928073300017, -33.85547006012657], [151.15948534500023, -33.855683492126644], [151.15948841000022, -33.85568150112666], [151.15963728400027, -33.855841007126536], [151.15959912500023, -33.85586610612657], [151.15965212800018, -33.85592292012657], [151.15979047100006, -33.856063756126574], [151.15978957400023, -33.85606434612655], [151.15956579600004, -33.85621164012664], [151.15925687100014, -33.85641441412664], [151.15913564400034, -33.85649488112656], [151.15900058200032, -33.85635276112659], [151.1589214920001, -33.856267693126505], [151.15890547300035, -33.85625065112659], [151.15886075300023, -33.85620507012655], [151.15882831300019, -33.85617106912659], [151.15882020700008, -33.8561636121266], [151.15879651700016, -33.856138674126576], [151.15875474400025, -33.85609615812652], [151.15873611800032, -33.856073165126546], [151.15868928900022, -33.85601927312663], [151.15867689300012, -33.85600563112658], [151.15859402900014, -33.855919630126586], [151.15845267600014, -33.85601296312657], [151.15831180500027, -33.856105984126614], [151.15810630800024, -33.85588866912659], [151.15803218400015, -33.855810261126656], [151.15796125300005, -33.85573551012659], [151.1578948670002, -33.85566503512663], [151.15776363400005, -33.85552625512654], [151.15762571200025, -33.85538130712653], [151.15740566600016, -33.855148898126664], [151.15733222400013, -33.85507132412656], [151.15728012500017, -33.855016213126504], [151.1572220290002, -33.8549548461265], [151.15716063500008, -33.85488999212654], [151.15711376200034, -33.85484047512663], [151.15706306200025, -33.854786923126625], [151.15701520300013, -33.854736367126556], [151.15696320300026, -33.85468146212656], [151.15691735300015, -33.85463302112662], [151.1568688650001, -33.85458181012664], [151.1568195650001, -33.85452972912662], [151.15677043300013, -33.85447784612658], [151.15672464500005, -33.85442947612665], [151.15667721600028, -33.85437936612668], [151.1566246340002, -33.854323836126625], [151.15657987600025, -33.85427656912662], [151.15644630300028, -33.854125436126644], [151.15621066800009, -33.85387415812662], [151.15613062600016, -33.85378880512667], [151.15605005300017, -33.853702901126645], [151.1560039770003, -33.85365376912653], [151.15596155100013, -33.8536085201266], [151.15591693800002, -33.853560956126564], [151.1558739630002, -33.85351513212669], [151.15582969900026, -33.85346792812669], [151.15578497800016, -33.85342023912665], [151.15573819400015, -33.85337034612661], [151.1556931150003, -33.853322281126616], [151.1556477820002, -33.85327394812663], [151.15541156500012, -33.85302206912667], [151.15535471600015, -33.852957590126564], [151.15527786800033, -33.85287577712655], [151.15511787000025, -33.85270545212667], [151.15506996600016, -33.85265444712662], [151.15502512800003, -33.85260671412659], [151.15498072100002, -33.8525594291266], [151.15493734400025, -33.852513246126655], [151.15488772800018, -33.85246043912657], [151.15484653000033, -33.85241658012668], [151.15480596800035, -33.852373390126566], [151.15475726700015, -33.85232154212662], [151.1547061540001, -33.852267113126636], [151.15466424700026, -33.85222251712668], [151.15461990300014, -33.85217529512662], [151.1545773780001, -33.85213002612665], [151.15450459900023, -33.85202893112656], [151.1544383820003, -33.85197058512655], [151.15431169400017, -33.85178171412664], [151.15419991300007, -33.851858517126594], [151.15417632900017, -33.85183352512658], [151.15409556300028, -33.85188645812667], [151.15401089900024, -33.85194192612666], [151.15392405600016, -33.85199883912659], [151.15384375600013, -33.85205145812655], [151.15363694500002, -33.85183003712662], [151.15400070700025, -33.85164721812671], [151.15410143500026, -33.85159660812669], [151.15414317800025, -33.85160156112655], [151.1541295100002, -33.8515869531266], [151.1540494540003, -33.851501087126586], [151.15393429300002, -33.851576932126555], [151.1537008170003, -33.85173070912658], [151.1536653100003, -33.851754087126565], [151.15360380000004, -33.85179459512655], [151.15350607400012, -33.851859171126556], [151.15343742000027, -33.85190453812658], [151.15327003500022, -33.85201434812662], [151.15310808300023, -33.85212206712665], [151.15302481500032, -33.85217778812654], [151.15294071600022, -33.85223348912662], [151.15282955400028, -33.8523074421267], [151.15272564300028, -33.85237680412656], [151.1526540660003, -33.85242418012668], [151.15251279400013, -33.852278524126696], [151.15246174300023, -33.852224688126704], [151.15243376700028, -33.85219550912667], [151.15241228800016, -33.852172633126564], [151.15240251900002, -33.85216219912657], [151.15236427800016, -33.852121852126714], [151.15231841000025, -33.85207349112661], [151.15227168900003, -33.8520241981267], [151.15218714200023, -33.85193245312657], [151.15210801500018, -33.85184707012663], [151.1520149610003, -33.85174885812667], [151.15214644900016, -33.85166417312669], [151.15254281400018, -33.851403667126604], [151.15293324900006, -33.85114684012668], [151.15310317000035, -33.851029842126614], [151.15349195600015, -33.850779039126664], [151.15338455000017, -33.85062049312657], [151.15327837100017, -33.8504567031267], [151.1532059780003, -33.85035040812664], [151.15317143100015, -33.85029508212658], [151.15333959500026, -33.85018725512661], [151.1535295330002, -33.85006544312658], [151.1537548900002, -33.84992039512665], [151.15388385200026, -33.85012695412671], [151.15393819200017, -33.8502140031267]], [[151.15414762500018, -33.851432861126646], [151.15425384700018, -33.85154611012668], [151.15425505100018, -33.8515193021266], [151.15438009700006, -33.85145644612671], [151.15448821200016, -33.85140208012657], [151.15454460400008, -33.85137370912664], [151.1545879900002, -33.851366342126575], [151.15462858900014, -33.85136811612663], [151.15466187200013, -33.85137853212668], [151.15468615200007, -33.85138659012662], [151.15466892700033, -33.85136820512669], [151.15454672100032, -33.85123801212668], [151.15454206800018, -33.85123342312667], [151.15453681500014, -33.85122929912668], [151.15453104300025, -33.85122570512673], [151.15452482100022, -33.85122266612656], [151.1545182330002, -33.85122025512674], [151.15451134900024, -33.85121845412667], [151.15450427600013, -33.85121732412656], [151.15449708700032, -33.85121687412672], [151.15448988900016, -33.85121709912656], [151.15448276300015, -33.85121800412671], [151.15447580800026, -33.85121957412659], [151.15446911000004, -33.85122178812659], [151.15446275500028, -33.85122446812655], [151.15437678100022, -33.851281317126706], [151.15427735400033, -33.851347077126576], [151.15414762500018, -33.851432861126646]], [[151.15866460200027, -33.85562579312651], [151.15866314600032, -33.855642400126634], [151.1586737380003, -33.8556354811266], [151.15866460200027, -33.85562579312651]]]}, "properties": {"OBJECTID": 275813, "LABEL": "Drummoyne town centre", "LAY_CLASS": "Town Centre", "LGA_NAME": "SEPP"}}, {"type": "Feature", "geometry": {"type": "Polygon", "coordinates": [[[151.18385788600006, -33.899833853126104], [151.18403998000008, -33.8998714301261], [151.1840662180001, -33.89977927212612], [151.18416670300007, -33.899812663126106], [151.18419722600004, -33.899820802126094], [151.18423509800004, -33.89983090412607], [151.1843229100001, -33.89985432712608], [151.18461060900006, -33.89990108312609], [151.18466909100005, -33.89990998512608], [151.18471456400005, -33.89991691412608], [151.1847517110001, -33.8999225791261], [151.18477932000008, -33.89992678212608], [151.18490824900005, -33.8999441281261], [151.18510070600007, -33.89997327112608], [151.1851566050001, -33.899981759126085], [151.1852268020001, -33.89999242612612], [151.18518247500003, -33.900190064126086], [151.18514638300007, -33.90034991012611], [151.1850995310001, -33.90034370612606], [151.18506688500008, -33.90033902812607], [151.18506890100002, -33.90033452712611], [151.18507985500003, -33.90028650712609], [151.18509373200004, -33.9002326701261], [151.1850723880001, -33.90023059912607], [151.1850671080001, -33.90022909312607], [151.18505176200006, -33.90022682612612], [151.18485166000005, -33.90019728012611], [151.18474796500004, -33.9001664441261], [151.1846958120001, -33.90015731812609], [151.1846608070001, -33.90014537812611], [151.18461735900007, -33.900129459126084], [151.1845953080001, -33.900222917126065], [151.18453703300008, -33.90021339712608], [151.1844948480001, -33.90020651312608], [151.18443878800008, -33.90019735212608], [151.18435983300003, -33.90018445312608], [151.1843492910001, -33.90022634112607], [151.18427411900007, -33.900213370126075], [151.1842368120001, -33.900207374126126], [151.18423743000005, -33.9002046661261], [151.18424066500006, -33.9002051231261], [151.18424979100007, -33.900159757126104], [151.18425808300003, -33.900120065126075], [151.1842669030001, -33.900079198126086], [151.18422781100003, -33.900068916126074], [151.1841772360001, -33.9000575671261], [151.18412336300003, -33.90004548412611], [151.1840742500001, -33.90003355412607], [151.18406773200002, -33.9000319671261], [151.1840560700001, -33.900073309126114], [151.18404476700005, -33.900113395126084], [151.18396820500004, -33.900123614126116], [151.18378511600008, -33.90008043512607], [151.18368104400008, -33.90006737412607], [151.18336265300002, -33.8999980641261], [151.18333518800011, -33.90007825612609], [151.1829907020001, -33.90000375712609], [151.1831133810001, -33.89962244512612], [151.1830131470001, -33.899599060126086], [151.1829619010001, -33.89958817812612], [151.18291313600002, -33.89957755512609], [151.1828232370001, -33.89955700112609], [151.18283289900012, -33.89952672112611], [151.18284029500012, -33.89950348612609], [151.1827936640001, -33.899492685126134], [151.18275010800005, -33.89948259912609], [151.18270407800003, -33.89947194212612], [151.18265493700005, -33.899460566126095], [151.18260329600002, -33.8994485991261], [151.18255314200007, -33.89943698312611], [151.18246237300002, -33.899415970126086], [151.18252513100003, -33.89922597012611], [151.18254811400004, -33.899156373126104], [151.18257121300007, -33.8990864461261], [151.18265935700003, -33.899133139126086], [151.18269816100008, -33.899154079126106], [151.18274433600004, -33.89917884612611], [151.18279206900002, -33.899204448126106], [151.18283247800002, -33.89922613112611], [151.18287634800004, -33.89924965312611], [151.18291860400006, -33.89927231312611], [151.18296416900012, -33.89929675912613], [151.18300319700006, -33.899317698126076], [151.18304606300012, -33.89934069012611], [151.1830906680001, -33.899364607126074], [151.18318107000005, -33.89941205412611], [151.18349688900003, -33.89957914212612], [151.18355908, -33.899612067126085], [151.18363725500012, -33.899653454126096], [151.18372816700003, -33.89968565212609], [151.18378920400005, -33.89970727312612], [151.18388894600002, -33.8997314851261], [151.1838660520001, -33.899808817126065], [151.18385788600006, -33.899833853126104]], [[151.1850287430001, -33.89970479912608], [151.18499969900006, -33.89946525512607], [151.184994823, -33.899425016126095], [151.1850806000001, -33.89939445712611], [151.18521507700007, -33.89934797012609], [151.18534621000003, -33.89959497212612], [151.18521500600002, -33.8996403661261], [151.18509299700008, -33.899682568126075], [151.1850287430001, -33.89970479912608]], [[151.18314951600007, -33.89898172912609], [151.18319154900007, -33.8990151461261], [151.18333375300006, -33.89885007512613], [151.18333334900012, -33.89883115212609], [151.1833526040001, -33.89884185512607], [151.18338431900008, -33.89886549312609], [151.18347734700012, -33.89893040212611], [151.1835225970001, -33.899290421126125], [151.18365407200008, -33.89931117312607], [151.18394253200006, -33.89925514812609], [151.18398234200004, -33.8992474391261], [151.18398327400007, -33.899255587126106], [151.18398624100007, -33.899279163126096], [151.18398763000005, -33.89929017012611], [151.18399238100005, -33.89932720112609], [151.18400146200008, -33.89939703012613], [151.18400399000006, -33.899415209126104], [151.18421620300012, -33.89945989412609], [151.18423595100012, -33.899593305126075], [151.18413524000005, -33.89956765012614], [151.18401821500004, -33.89953783612611], [151.18396903100006, -33.89952531312609], [151.18389190400012, -33.89950566512612], [151.18388235800012, -33.89950322612612], [151.18386264600008, -33.89949693412608], [151.18376877600008, -33.89946694912612], [151.18371137000008, -33.899432598126104], [151.18348491300003, -33.89931255312609], [151.18344292400002, -33.8992891751261], [151.18335709500002, -33.89924138912608], [151.183268719, -33.89934097812607], [151.18312782300006, -33.899261727126074], [151.18289669600006, -33.899135604126116], [151.18282790600006, -33.899097785126116], [151.18295760700005, -33.898982159126085], [151.18321948000005, -33.89874940012613], [151.18326361900006, -33.89878107912609], [151.18309891400008, -33.89894021712611], [151.18312272200012, -33.898960422126095], [151.18314951600007, -33.89898172912609]]]}, "properties": {"OBJECTID": 275815, "LABEL": "Erskineville station and town centre (Erskineville Road)", "LAY_CLASS": "Town Centre", "LGA_NAME": "SEPP"}}, {"type": "Feature", "geometry": {"type": "Polygon", "coordinates": [[[151.13096908700004, -33.864545891126554], [151.1309602760001, -33.86463124712655], [151.13091567000004, -33.86505493112652], [151.13089470500006, -33.86525537312652], [151.1308549040001, -33.86565685212652], [151.1308449180001, -33.865715790126515], [151.1308075830001, -33.866113665126505], [151.130799173, -33.86625668512649], [151.13073727100004, -33.866275214126524], [151.13070915100002, -33.86640170512653], [151.1306785060001, -33.86653708712652], [151.13067547700007, -33.866550466126526], [151.13064828400002, -33.8666703631265], [151.13063292900006, -33.866738141126525], [151.13061772600008, -33.86680507612653], [151.1306221000001, -33.866806177126485], [151.1306224870001, -33.86680623912651], [151.1306112540001, -33.86685402612648], [151.13060945000007, -33.86686213212653], [151.13060184100004, -33.86689633712648], [151.13059710900006, -33.86689563812649], [151.13058684500004, -33.86694129212651], [151.13065082000003, -33.86695194112651], [151.1306262070001, -33.86705812812647], [151.1306252380001, -33.867057967126534], [151.13059623100003, -33.86705371812649], [151.13055695900005, -33.86721586712651], [151.13071114000002, -33.86724085012651], [151.13093166300007, -33.867276580126486], [151.13111762000005, -33.86730843912646], [151.13107610800012, -33.86744389312649], [151.131045577, -33.86757761812651], [151.13103033800007, -33.86764443512653], [151.13101424700005, -33.867714999126505], [151.13098436200005, -33.8678459641265], [151.1309529340001, -33.8679835161265], [151.13092243100004, -33.86811706912652], [151.13090722800007, -33.86818386012651], [151.13089185400008, -33.86825123412648], [151.1308761670001, -33.86832001412646], [151.13086080200003, -33.868387155126506], [151.13085789800004, -33.8683999271265], [151.130845689, -33.868453552126475], [151.1308299110001, -33.868522600126475], [151.13079908500004, -33.868657562126465], [151.13074686900006, -33.86888635912649], [151.13056759100004, -33.86892675912649], [151.13060121400008, -33.86911053012644], [151.13065740100012, -33.86909860812646], [151.13078110300012, -33.86950042712649], [151.13080745700006, -33.869587172126465], [151.13096846100007, -33.86955119912645], [151.1310023520001, -33.869660479126445], [151.13103113600005, -33.86975311212644], [151.1308600310001, -33.86979457012646], [151.13061327100002, -33.869854370126475], [151.13067920100002, -33.869894018126466], [151.13073093200012, -33.86992450412647], [151.13079365300007, -33.86996144512644], [151.13084683600005, -33.869992935126454], [151.130923649, -33.87003883112649], [151.13089448900007, -33.87023293812644], [151.13081349900006, -33.8702523441265], [151.130705475, -33.870277030126445], [151.13059860500005, -33.87030109812647], [151.13048925400005, -33.87032590212649], [151.1303410170001, -33.87035944512646], [151.13008434200003, -33.870417388126455], [151.1299885090001, -33.87043927812648], [151.129883478, -33.870463078126434], [151.12978276700005, -33.870485766126436], [151.12966233600002, -33.87051318612648], [151.12979114000007, -33.870882529126455], [151.12920264500008, -33.87074564912645], [151.1289238480001, -33.87069941312643], [151.12891608500001, -33.87068426412646], [151.12872230200003, -33.87065786412645], [151.12862835300007, -33.87064505412645], [151.1286788440001, -33.87045684812643], [151.12875563900002, -33.870119687126454], [151.1288330870001, -33.869779619126476], [151.12875315500003, -33.86976867612646], [151.12875282700008, -33.86976863112645], [151.12867850400005, -33.86975845512645], [151.12859531800007, -33.86974707112644], [151.12851212300006, -33.86973568712645], [151.12851498300006, -33.86972219612644], [151.1284824180001, -33.86971791212645], [151.1283522770001, -33.86970078112646], [151.12820508000004, -33.86968181312645], [151.1280430380001, -33.86966115912647], [151.12801047200003, -33.86965649912648], [151.12791376000007, -33.86964348312645], [151.12782759000004, -33.86963221612646], [151.127836472, -33.86950009512647], [151.12795144400002, -33.869000156126475], [151.1280684510001, -33.86901634512648], [151.12810439700002, -33.86886474612649], [151.1282154060001, -33.86839688012649], [151.128042294, -33.86837320512646], [151.12793054000008, -33.86835792312648], [151.12791634400003, -33.8683560231265], [151.1279491580001, -33.86816366612651], [151.12802484100007, -33.86782410912649], [151.12808170900007, -33.867570617126475], [151.12811909700008, -33.8673788231265], [151.12818711600005, -33.86707096312648], [151.12829489800004, -33.8670872431265], [151.128618984, -33.867136195126484], [151.1286145900001, -33.8671616171265], [151.128937231, -33.867210085126494], [151.12895116200002, -33.867148691126495], [151.12896306400012, -33.86709832312653], [151.1289908990001, -33.86697652012651], [151.12901563900004, -33.866868441126485], [151.129029596, -33.866810364126486], [151.1290425850001, -33.866753577126474], [151.12910838000005, -33.866466532126495], [151.12913092400004, -33.866361116126505], [151.12920484200004, -33.86602741412653], [151.12922999400007, -33.86591235212649], [151.1292545020001, -33.865801799126494], [151.1292742590001, -33.86571236712651], [151.1292943840001, -33.865621220126535], [151.12931280400005, -33.86553784612655], [151.12933622700007, -33.8654318381265], [151.129364473, -33.86530399412655], [151.1293875890001, -33.86519929412654], [151.12938794000002, -33.8651977441265], [151.12940517700008, -33.865092220126506], [151.12943284000005, -33.86492643112652], [151.12945006000007, -33.86482090712653], [151.1294630750001, -33.86474155812656], [151.12947697900006, -33.86465592612652], [151.12949065700002, -33.864575438126536], [151.12954420900007, -33.864262630126554], [151.1295328770001, -33.864245473126545], [151.12951458300006, -33.86405483612655], [151.12960226000007, -33.864048328126536], [151.12967442900003, -33.86404263612652], [151.12974139000005, -33.86403734812652], [151.129876512, -33.864026645126536], [151.13018999100007, -33.86400273812653], [151.13046578700005, -33.863997279126565], [151.1305731750001, -33.86399262612655], [151.13078521800003, -33.86398335712657], [151.1308983350001, -33.86397307512655], [151.13099267000007, -33.86396451512653], [151.1310235520001, -33.86418521712652], [151.13100220900003, -33.86421086312656], [151.13096908700004, -33.864545891126554]], [[151.12925701100005, -33.86787254112647], [151.1296533630001, -33.86792563512648], [151.1296594590001, -33.86789906612647], [151.1296884840001, -33.86777185812649], [151.1297119610001, -33.8676700271265], [151.129365709, -33.86761717612648], [151.12901069100008, -33.86756320312651], [151.12899903800007, -33.86761411912651], [151.12898544900008, -33.86767355012647], [151.1290548280001, -33.8676834281265], [151.12914658500006, -33.86769627512648], [151.12921370700008, -33.86770562312647], [151.12929268900007, -33.86771683712652], [151.12926310700004, -33.8678459811265], [151.12925701100005, -33.86787254112647]]]}, "properties": {"OBJECTID": 275816, "LABEL": "Five Dock town centre", "LAY_CLASS": "Town Centre", "LGA_NAME": "SEPP"}}, {"type": "Feature", "geometry": {"type": "Polygon", "coordinates": [[[150.9972298340001, -33.78905054612744], [150.9972297710001, -33.78905309012749], [150.99722951700005, -33.78906342112748], [150.99722027200005, -33.7894391591275], [150.9972202340001, -33.78944069512743], [150.99729749100004, -33.78950208812745], [150.99730414600003, -33.78950737712745], [150.9972923040001, -33.789514857127465], [150.99721754000007, -33.789562081127485], [150.99653044900003, -33.78999606712744], [150.99651895600005, -33.790003327127465], [150.99651216600012, -33.78999812312747], [150.9964873, -33.78997926712748], [150.99606399700008, -33.78956356112746], [150.9960636090001, -33.78956322712747], [150.99605697300012, -33.78955634312746], [150.99579184900006, -33.78928387712745], [150.99583298900006, -33.789155054127505], [150.99619223600007, -33.78908561312744], [150.99619333700002, -33.78908540012748], [150.99620336200007, -33.78908346512749], [150.9962340410001, -33.78907754112749], [150.99624243300002, -33.789075921127456], [150.99626306900007, -33.78907193712746], [150.99643467600004, -33.78903880412748], [150.9966245170001, -33.78904228312747], [150.9966459090001, -33.789042676127465], [150.99685673600004, -33.78904654012746], [150.99703239400003, -33.78904654012746], [150.9972298340001, -33.78905054612744]]]}, "properties": {"OBJECTID": 275817, "LABEL": "Northmead Village shopping centre", "LAY_CLASS": "Town Centre", "LGA_NAME": "SEPP"}}, {"type": "Feature", "geometry": {"type": "Polygon", "coordinates": [[[151.2712096460001, -33.87030152012644], [151.27082930500012, -33.87056463112648], [151.27053826200006, -33.870563080126445], [151.27020687200002, -33.87079375912647], [151.26988107600005, -33.871020262126436], [151.2698740840001, -33.87129742712643], [151.26953582800002, -33.87095963712642], [151.26943046700012, -33.87091608212644], [151.2695021510001, -33.871342426126425], [151.26928276700005, -33.87135185712648], [151.2687943640001, -33.87141255212646], [151.2687407510001, -33.87141923012645], [151.268685666, -33.87145202012647], [151.26857909400007, -33.87151554812648], [151.26851827400003, -33.87155176212645], [151.2684513040001, -33.87159167912642], [151.26831800800005, -33.87167112712643], [151.26818269900002, -33.871751740126456], [151.26796856600004, -33.871921697126425], [151.26770265900007, -33.87161131012647], [151.2674068120001, -33.87126443112648], [151.2674351290001, -33.87095232312646], [151.26724089700008, -33.870745202126464], [151.26739261800003, -33.870642254126466], [151.26753355200003, -33.870629360126436], [151.26766768100003, -33.87081732512643], [151.2676930670001, -33.870802598126446], [151.26771113000007, -33.870792029126456], [151.26757731700002, -33.870601527126446], [151.2675830170001, -33.870585418126446], [151.26778154200008, -33.87045158612644], [151.26796820800007, -33.87064281512642], [151.26799403300004, -33.87062782612646], [151.26780666800005, -33.87043433912648], [151.2679122820001, -33.87036804212643], [151.26806502800002, -33.87030625312646], [151.26817272100004, -33.870234540126454], [151.26819331100012, -33.87022082612647], [151.26815782300002, -33.8701844681265], [151.2683102730001, -33.870094954126465], [151.2682810780001, -33.87006022812643], [151.26842392800006, -33.86997497112647], [151.26855974000011, -33.86989399912645], [151.26858732300002, -33.8698766541265], [151.26860981400011, -33.86985788412643], [151.2688139600001, -33.86967975112648], [151.26893080500008, -33.8695780641265], [151.26904198500006, -33.86948099312646], [151.26915536100012, -33.86938220112645], [151.2692686030001, -33.869283409126496], [151.26938317200006, -33.86918362312649], [151.26947407600005, -33.869104300126466], [151.26957011600007, -33.86902030712647], [151.26966185300012, -33.86907020112645], [151.27002026000002, -33.86925632912651], [151.27032560800012, -33.86934117312645], [151.27070964300003, -33.86956792612645], [151.27063356700012, -33.86962525912648], [151.27056311, -33.869681427126494], [151.2706096060001, -33.869712829126485], [151.2709185220001, -33.86992178812644], [151.27105203200006, -33.87006383112649], [151.27100475500004, -33.87009678212647], [151.27110692700012, -33.870199501126436], [151.2712096460001, -33.87030152012644]]]}, "properties": {"OBJECTID": 275818, "LABEL": "Rose Bay town centre (New South Head Road)", "LAY_CLASS": "Town Centre", "LGA_NAME": "SEPP"}}, {"type": "Feature", "geometry": {"type": "Polygon", "coordinates": [[[151.1477109430001, -33.88462635312629], [151.14771469800007, -33.88430077312627], [151.14772531900007, -33.8842933421263], [151.14783783600012, -33.88429300212631], [151.14793421600007, -33.884293513126295], [151.14799932200003, -33.884294222126314], [151.1480748890001, -33.884294490126265], [151.14814115800004, -33.884295055126266], [151.14820772500002, -33.884295467126265], [151.14820737600007, -33.88465693012627], [151.148273979, -33.88465749512627], [151.14834104700003, -33.88465807812628], [151.1484077570001, -33.88465865112631], [151.14847138300001, -33.884659198126265], [151.14853637200008, -33.8846597541263], [151.14860258900012, -33.88466031912629], [151.14866778300006, -33.884660874126276], [151.148734073, -33.88466144812629], [151.1487969640001, -33.88466198612627], [151.1488601320001, -33.88466185212629], [151.1489274260001, -33.88466238912629], [151.14899569500005, -33.884662658126295], [151.14906437700006, -33.88466307112629], [151.14913478900007, -33.88466348312626], [151.1492037490001, -33.88466389512628], [151.14927345400008, -33.88466431712631], [151.14934336200008, -33.88466472912626], [151.14941365900006, -33.88466515012631], [151.1495031190001, -33.8846656881263], [151.14949911300005, -33.88430450212628], [151.1496098350001, -33.88430497812631], [151.1497316120001, -33.884305807126296], [151.14973438000004, -33.88412752712629], [151.14974029600012, -33.8838238091263], [151.149805151, -33.88382440112629], [151.14990652500012, -33.88382533312629], [151.1501280340001, -33.883832334126296], [151.15022819800004, -33.8838258621263], [151.1503266850001, -33.88381950612628], [151.15035718000001, -33.883817525126304], [151.1504750470001, -33.88380993312628], [151.15049838100003, -33.88380841812628], [151.15059415200005, -33.88380223312632], [151.15068189300007, -33.88379560812628], [151.15076209200004, -33.88378957712629], [151.15087667000012, -33.88378117612628], [151.1510937590001, -33.8837676771263], [151.1511679460001, -33.88376322112631], [151.15119474800008, -33.88406555012628], [151.15119888000004, -33.88424608512629], [151.15130074700005, -33.884239676126306], [151.15132511100012, -33.8845441811263], [151.15122576300007, -33.8845505821263], [151.15115740400006, -33.88455500112629], [151.151091446, -33.88455908812628], [151.15107727500003, -33.88450060712627], [151.1510779560001, -33.88447275712629], [151.15085909200002, -33.884491258126296], [151.15073027900007, -33.884498411126316], [151.15072918600004, -33.88448485812626], [151.1507031010001, -33.884485808126286], [151.1507042930001, -33.88452100012627], [151.1506556370001, -33.884524676126276], [151.15059357000007, -33.884529176126264], [151.15055006700004, -33.884532214126295], [151.15055002300005, -33.88452857412626], [151.1505380100001, -33.884529794126266], [151.15054220700006, -33.88458801512628], [151.15048823400002, -33.88459184312627], [151.15042411500008, -33.88459559012627], [151.15030410500003, -33.88460259112629], [151.1501153490001, -33.88461403912631], [151.1498943350001, -33.884626156126295], [151.1498940030001, -33.884668010126305], [151.149893205, -33.884760841126266], [151.14989264000008, -33.884825390126274], [151.1498899600001, -33.8851327371263], [151.14987356500012, -33.88521440012631], [151.14984592000008, -33.88535215912629], [151.1497949510001, -33.88560639512627], [151.14953433200003, -33.88564075412625], [151.14941234100002, -33.88565683512627], [151.14931017000004, -33.88567040712626], [151.14872142600007, -33.88574862512626], [151.14870194600007, -33.885751199126275], [151.14865230300006, -33.88575780612625], [151.14851260900002, -33.88577637112626], [151.14839337900003, -33.885792209126286], [151.14835312200012, -33.885797561126246], [151.14823030600007, -33.885813866126284], [151.14824027400005, -33.88545030512626], [151.14824099100008, -33.88538086112629], [151.14816061200008, -33.88538017112626], [151.14808123500006, -33.885378880126254], [151.1480907550001, -33.88537070512626], [151.14809911800012, -33.88535000712625], [151.14809963000005, -33.8853200151263], [151.14810018600008, -33.88526328012626], [151.1481004000001, -33.88520462012627], [151.14810093800008, -33.88514930412629], [151.14810151200004, -33.88509212312631], [151.14810170900012, -33.88503496712629], [151.14810217500008, -33.88498747712629], [151.14810259700005, -33.884944387126275], [151.14810302600006, -33.88490148712629], [151.14810308900007, -33.88485793012626], [151.14810351900007, -33.884814804126286], [151.14810397600002, -33.88476752812626], [151.14810452300003, -33.88471040912629], [151.14814183900012, -33.884656437126296], [151.14807556200003, -33.88465580112628], [151.14799667900002, -33.8846551211263], [151.14799658800007, -33.88462793212625], [151.14793272100007, -33.884627735126294], [151.1477109430001, -33.88462635312629]]]}, "properties": {"OBJECTID": 275819, "LABEL": "Leichhardt Market Place shopping centre", "LAY_CLASS": "Town Centre", "LGA_NAME": "SEPP"}}]}