address,suburb,lot_area_sqm,centroid_lat,centroid_lon,is_corner_lot,n_vertices,size_flag,zone,is_heritage,is_foreshore,is_reservation,is_acid_sulfate,drop_reason,verified_clean
1 Altona Street Abbotsford,Abbotsford,1006.3,-33.848434,151.127595,True,7,normal,R3,False,False,False,False,wrong_zone:R3,False
1 Battersea Street Abbotsford,Abbotsford,505.6,-33.845726,151.127969,True,7,normal,R3,False,False,False,False,wrong_zone:R3,False
1 Bickleigh Street Abbotsford,Abbotsford,898.2,-33.855607,151.129765,True,10,normal,R2,False,False,True,True,,True
1 Campbell Street Abbotsford,Abbotsford,901.0,-33.856555,151.129086,True,21,normal,R2,False,False,True,True,,True
1 Charlton Street Abbotsford,Abbotsford,580.0,-33.851324,151.126437,True,6,normal,R2,False,False,True,True,,True
1 Curtin Avenue Abbotsford,Abbotsford,780.8,-33.853668,151.136798,True,22,normal,R2,False,False,True,True,,True
1 Fitzroy Street Abbotsford,Abbotsford,453.1,-33.846663,151.127908,True,6,normal,R3,False,False,False,False,wrong_zone:R3,False
1 Glen Ormond Avenue Abbotsford,Abbotsford,728.7,-33.85347,151.129239,True,8,normal,R2,False,False,True,True,,True
1 Hunter Street Abbotsford,Abbotsford,707.5,-33.8479,151.124892,True,8,normal,R3,False,False,False,False,wrong_zone:R3,False
1 Margaret Street Abbotsford,Abbotsford,697.0,-33.854793,151.137107,False,5,normal,R2,False,False,True,True,,True
1 Mcgirr Place Abbotsford,Abbotsford,715.9,-33.853906,151.131603,True,21,normal,R2,False,False,True,True,,True
1 Montrose Road Abbotsford,Abbotsford,685.9,-33.848568,151.130483,True,6,normal,R3,False,False,False,False,wrong_zone:R3,False
1 Raynor Avenue Abbotsford,Abbotsford,634.8,-33.852231,151.131165,True,6,normal,R2,False,False,True,True,,True
1 The Terrace Abbotsford,Abbotsford,526.1,-33.845326,151.127947,True,8,normal,R3,False,False,False,False,wrong_zone:R3,False
1 Tyler Crescent Abbotsford,Abbotsford,540.6,-33.854251,151.13552,False,5,normal,R2,False,False,True,True,,True
1 Werona Avenue Abbotsford,Abbotsford,547.8,-33.853884,151.127969,True,7,normal,R2,False,False,True,True,,True
10 Campbell Street Abbotsford,Abbotsford,588.6,-33.856096,151.12956,False,5,normal,R2,False,False,True,True,,True
10 Curtin Avenue Abbotsford,Abbotsford,1051.4,-33.853377,151.135809,True,7,normal,R2,False,False,True,True,,True
10 Henry Lawson Avenue Abbotsford,Abbotsford,578.4,-33.852397,151.128301,False,5,normal,R2,False,False,True,True,,True
10 Kokoda Street Abbotsford,Abbotsford,742.8,-33.853547,151.13341,False,5,normal,R2,False,False,True,True,,True
10 Raynor Avenue Abbotsford,Abbotsford,666.7,-33.852015,151.130321,False,5,normal,R2,False,False,True,True,,True
10 St Albans Street Abbotsford,Abbotsford,794.5,-33.855084,151.1282,True,6,normal,R2,False,False,True,True,,True
108 Hampden Road Abbotsford,Abbotsford,467.7,-33.854604,151.136862,True,8,normal,R2,False,False,True,True,,True
108A Hampden Road Abbotsford,Abbotsford,467.7,-33.854604,151.136862,True,8,normal,R2,False,False,True,True,,True
11 Bickleigh Street Abbotsford,Abbotsford,515.6,-33.855652,151.129147,True,6,normal,R2,False,False,True,True,,True
11 Checkley Street Abbotsford,Abbotsford,759.2,-33.847872,151.123998,True,6,normal,R3,False,False,False,False,wrong_zone:R3,False
11 Fitzroy Street Abbotsford,Abbotsford,659.5,-33.84704,151.127145,False,5,normal,R3,False,False,False,False,wrong_zone:R3,False
11 Kokoda Street Abbotsford,Abbotsford,902.5,-33.853128,151.133752,True,19,normal,R2,False,False,True,True,,True
11 Margaret Street Abbotsford,Abbotsford,698.6,-33.854227,151.13722,False,5,normal,R2,False,False,True,True,,True
11 Marmion Road Abbotsford,Abbotsford,1009.2,-33.846532,151.12946,False,5,normal,R3,False,False,False,False,wrong_zone:R3,False
114 Hampden Road Abbotsford,Abbotsford,567.0,-33.854633,151.136552,False,5,normal,R2,False,False,True,True,,True
11A Campbell Street Abbotsford,Abbotsford,1170.7,-33.856057,151.128251,True,11,normal,R2,False,False,True,True,,True
11A Tyler Crescent Abbotsford,Abbotsford,572.8,-33.85327,151.134464,True,13,normal,R2,False,False,True,True,,True
11B Campbell Street Abbotsford,Abbotsford,996.4,-33.855935,151.128798,True,8,normal,R2,False,False,True,True,,True
12 Abbotsford Parade Abbotsford,Abbotsford,1018.1,-33.849017,151.127074,False,5,normal,R3,False,False,False,False,wrong_zone:R3,False
12 Campbell Street Abbotsford,Abbotsford,647.3,-33.856018,151.129576,True,6,normal,R2,False,False,True,True,,True
12 Curtin Avenue Abbotsford,Abbotsford,973.4,-33.853585,151.135565,True,23,normal,R2,False,False,True,True,,True
12 Glen Ormond Avenue Abbotsford,Abbotsford,564.0,-33.853129,151.1284,True,6,normal,R2,False,False,True,True,,True
12 Irene Street Abbotsford,Abbotsford,564.2,-33.856795,151.129459,False,5,normal,R2,False,False,True,True,,True
12 Kokoda Street Abbotsford,Abbotsford,727.4,-33.853522,151.133572,False,5,normal,R2,False,False,True,True,,True
12 Raynor Avenue Abbotsford,Abbotsford,623.8,-33.852049,151.130184,False,5,normal,R2,False,False,True,True,,True
12 Spring Street Abbotsford,Abbotsford,665.7,-33.84744,151.126894,False,5,normal,R2,False,False,True,True,,True
120 Hampden Road Abbotsford,Abbotsford,453.5,-33.854573,151.136114,True,7,normal,R2,False,False,True,True,,True
128 Hampden Road Abbotsford,Abbotsford,764.4,-33.854493,151.135376,True,6,normal,R3,False,False,False,False,wrong_zone:R3,False
13 Bickleigh Street Abbotsford,Abbotsford,522.5,-33.855749,151.12893,True,6,normal,R2,False,False,True,True,,True
13 Henry Lawson Avenue Abbotsford,Abbotsford,526.9,-33.852918,151.128235,True,6,normal,R2,False,False,True,True,,True
13 Margaret Street Abbotsford,Abbotsford,869.1,-33.854104,151.137244,False,5,normal,R2,False,False,True,True,,True
13 Raynor Avenue Abbotsford,Abbotsford,584.9,-33.852459,151.130341,False,5,normal,R2,False,False,True,True,,True
14 Abbotsford Parade Abbotsford,Abbotsford,1018.2,-33.849012,151.126931,True,6,normal,R3,False,False,False,False,wrong_zone:R3,False
14 Blackwall Point Road Abbotsford,Abbotsford,701.0,-33.851619,151.130333,False,5,normal,R2,False,False,True,True,,True
14 Campbell Street Abbotsford,Abbotsford,646.1,-33.855934,151.129565,True,7,normal,R2,False,False,True,True,,True
14 Checkley Street Abbotsford,Abbotsford,1489.3,-33.847289,151.123634,True,7,normal,R3,False,False,False,False,wrong_zone:R3,False
14 Curtin Avenue Abbotsford,Abbotsford,900.9,-33.85362,151.135241,True,25,normal,R2,False,False,True,True,,True
14 Fitzroy Street Abbotsford,Abbotsford,744.2,-33.846477,151.127321,False,5,normal,R3,False,False,False,False,wrong_zone:R3,False
14 Glen Ormond Avenue Abbotsford,Abbotsford,567.6,-33.85317,151.128273,True,7,normal,R2,False,False,True,True,,True
14 Henry Lawson Avenue Abbotsford,Abbotsford,598.0,-33.852497,151.128061,False,5,normal,R2,False,False,True,True,,True
14 Rokeby Road Abbotsford,Abbotsford,1032.4,-33.846944,151.129432,False,5,normal,R3,False,False,False,False,wrong_zone:R3,False
15 Battersea Street Abbotsford,Abbotsford,884.2,-33.846153,151.127194,True,6,normal,R3,False,False,False,False,wrong_zone:R3,False
15 Bickleigh Street Abbotsford,Abbotsford,580.2,-33.855749,151.128815,False,5,normal,R2,False,False,True,True,,True
15 Fitzroy Street Abbotsford,Abbotsford,661.8,-33.847194,151.126757,False,5,normal,R3,False,False,False,False,wrong_zone:R3,False
15 Glen Ormond Avenue Abbotsford,Abbotsford,593.9,-33.853651,151.12809,False,5,normal,R2,False,False,True,True,,True
15 Margaret Street Abbotsford,Abbotsford,1155.9,-33.853942,151.137276,False,5,normal,R2,False,False,True,True,,True
15 Marmion Road Abbotsford,Abbotsford,1016.3,-33.846583,151.129073,True,7,normal,R3,False,False,False,False,wrong_zone:R3,False
15 Montrose Road Abbotsford,Abbotsford,1025.0,-33.848531,151.129155,False,5,normal,R3,False,False,False,False,wrong_zone:R3,False
15 Raynor Avenue Abbotsford,Abbotsford,582.4,-33.852492,151.130206,False,5,normal,R2,False,False,True,True,,True
15 Tyler Crescent Abbotsford,Abbotsford,998.3,-33.852847,151.133821,True,19,normal,R2,False,False,True,True,,True
154 Hampden Road Abbotsford,Abbotsford,1795.9,-33.85476,151.133581,True,30,normal,R3,False,False,False,False,wrong_zone:R3,False
16 Abbotsford Parade Abbotsford,Abbotsford,1023.8,-33.849054,151.126774,True,6,normal,R3,False,False,False,False,wrong_zone:R3,False
16 Blackwall Point Road Abbotsford,Abbotsford,618.6,-33.851624,151.130484,False,5,normal,R2,False,False,True,True,,True
16 Campbell Street Abbotsford,Abbotsford,564.1,-33.855881,151.129434,False,5,normal,R2,False,False,True,True,,True
16 Henry Lawson Avenue Abbotsford,Abbotsford,616.3,-33.852518,151.127929,False,5,normal,R2,False,False,True,True,,True
16 Irene Street Abbotsford,Abbotsford,1003.3,-33.856843,151.129185,False,5,normal,R2,False,False,True,True,,True
16 Raynor Avenue Abbotsford,Abbotsford,705.8,-33.85212,151.129871,True,7,normal,R2,False,False,True,True,,True
16 St Albans Street Abbotsford,Abbotsford,471.4,-33.854804,151.12803,False,5,normal,R2,False,False,True,True,,True
17 Bickleigh Street Abbotsford,Abbotsford,688.1,-33.855774,151.128682,False,5,normal,R2,False,False,True,True,,True
17 Fitzroy Street Abbotsford,Abbotsford,654.8,-33.847293,151.12659,True,7,normal,R3,False,False,False,False,wrong_zone:R3,False
17 Glen Ormond Avenue Abbotsford,Abbotsford,556.8,-33.85369,151.127969,True,6,normal,R2,False,False,True,True,,True
17 Henry Lawson Avenue Abbotsford,Abbotsford,549.5,-33.852956,151.128,True,6,normal,R2,False,False,True,True,,True
17A Walton Crescent Abbotsford,Abbotsford,1195.8,-33.848874,151.130282,True,7,normal,R3,False,False,False,False,wrong_zone:R3,False
18 Abbotsford Parade Abbotsford,Abbotsford,1097.4,-33.849004,151.126579,True,7,normal,R3,False,False,False,False,wrong_zone:R3,False
18 Blackwall Point Road Abbotsford,Abbotsford,538.8,-33.851634,151.130634,False,5,normal,R2,False,False,True,True,,True
18 Irene Street Abbotsford,Abbotsford,998.2,-33.856872,151.129026,False,5,normal,R2,False,False,True,True,,True
18 Montrose Road Abbotsford,Abbotsford,1020.9,-33.847956,151.129524,False,5,normal,R3,False,False,False,False,wrong_zone:R3,False
18 Rokeby Road Abbotsford,Abbotsford,1022.8,-33.846938,151.129072,True,7,normal,R3,False,False,False,False,wrong_zone:R3,False
18 Spring Street Abbotsford,Abbotsford,671.0,-33.847642,151.126253,True,10,normal,R2,False,False,True,True,,True
188A Hampden Road Abbotsford,Abbotsford,601.4,-33.8552,151.131051,True,8,normal,R3,False,False,False,False,wrong_zone:R3,False
19 Glen Ormond Avenue Abbotsford,Abbotsford,565.2,-33.853715,151.12781,True,6,normal,R2,False,False,True,True,,True
19 Henry Lawson Avenue Abbotsford,Abbotsford,530.4,-33.852978,151.127865,True,6,normal,R2,False,False,True,True,,True
19 St Albans Street Abbotsford,Abbotsford,457.1,-33.854814,151.127397,False,5,normal,R2,False,False,True,True,,True
1A Tyler Crescent Abbotsford,Abbotsford,529.5,-33.854364,151.135559,True,6,normal,R2,False,False,True,True,,True
2 Abbotsford Parade Abbotsford,Abbotsford,1011.1,-33.848865,151.127589,True,7,normal,R3,False,False,False,False,wrong_zone:R3,False
2 Blackwall Point Road Abbotsford,Abbotsford,450.6,-33.851511,151.129536,True,8,normal,R2,False,False,True,True,,True
2 Campbell Street Abbotsford,Abbotsford,986.3,-33.856494,151.12945,True,23,normal,R2,False,False,True,True,,True
2 Chatham Place Abbotsford,Abbotsford,465.2,-33.849716,151.128457,True,10,normal,R3,False,False,False,False,wrong_zone:R3,False
2 Checkley Street Abbotsford,Abbotsford,774.2,-33.846996,151.124557,True,22,normal,R3,False,False,False,False,wrong_zone:R3,False
2 Curtin Avenue Abbotsford,Abbotsford,756.6,-33.853409,151.136658,True,23,normal,R2,False,False,True,True,,True
2 Florey Place Abbotsford,Abbotsford,1115.1,-33.852973,151.131766,True,15,normal,R2,False,False,True,True,,True
2 Glen Ormond Avenue Abbotsford,Abbotsford,677.8,-33.853044,151.129058,True,7,normal,R2,False,False,True,True,,True
2 Irene Street Abbotsford,Abbotsford,960.1,-33.856729,151.12983,False,5,normal,R2,False,False,True,True,,True
2 Lester Place Abbotsford,Abbotsford,1111.1,-33.853913,151.130823,True,14,normal,R2,False,False,True,True,,True
1 Medora Street Cabarita,Cabarita,731.2,-33.84665,151.114132,True,6,normal,R2,False,False,True,True,,True
1 Regatta Way Cabarita,Cabarita,491.5,-33.844654,151.118876,False,5,normal,R3,False,False,False,False,wrong_zone:R3,False
1 Stamford Avenue Cabarita,Cabarita,782.2,-33.847389,151.11343,True,7,normal,R2,False,False,True,True,,True
10 Collingwood Avenue Cabarita,Cabarita,772.2,-33.85028,151.114058,False,5,normal,R2,False,False,True,True,,True
10 Phillips Street Cabarita,Cabarita,733.0,-33.852168,151.116155,False,5,normal,R3,False,False,False,False,wrong_zone:R3,False
101 Cabarita Road Cabarita,Cabarita,803.8,-33.848657,151.11438,True,6,normal,R2,False,False,True,True,,True
102 Cabarita Road Cabarita,Cabarita,841.1,-33.846735,151.114668,False,5,normal,R2,False,False,True,True,,True
103 Cabarita Road Cabarita,Cabarita,800.1,-33.848514,151.114456,True,6,normal,R2,False,False,True,True,,True
107 Cabarita Road Cabarita,Cabarita,801.4,-33.848292,151.114618,True,6,normal,R2,False,False,True,True,,True
108 Cabarita Road Cabarita,Cabarita,786.6,-33.846427,151.114831,False,5,normal,R2,False,False,True,True,,True
11 Correys Square Cabarita,Cabarita,462.1,-33.845097,151.116466,True,10,normal,R3,False,False,False,False,wrong_zone:R3,False
11 Edgewood Crescent Cabarita,Cabarita,468.5,-33.844823,151.117204,True,8,normal,R3,False,False,False,False,wrong_zone:R3,False
11 Medora Street Cabarita,Cabarita,811.9,-33.846161,151.114433,False,5,normal,R2,False,False,True,True,,True
11 Phillips Street Cabarita,Cabarita,790.4,-33.851048,151.114979,False,5,normal,R2,False,False,True,True,,True
11 Stamford Avenue Cabarita,Cabarita,801.0,-33.847625,151.112719,False,5,normal,R2,False,False,True,True,,True
11 Waine Street Cabarita,Cabarita,866.5,-33.846752,151.115819,False,5,normal,R2,False,False,True,True,,True
111 Cabarita Road Cabarita,Cabarita,785.2,-33.848047,151.114713,False,5,normal,R2,False,False,True,True,,True
115 Cabarita Road Cabarita,Cabarita,775.6,-33.847685,151.11494,False,5,normal,R2,False,False,True,True,,True
116 Cabarita Road Cabarita,Cabarita,794.3,-33.846028,151.115042,False,5,normal,R2,False,False,True,True,,True
117 Cabarita Road Cabarita,Cabarita,826.6,-33.847588,151.115003,False,5,normal,R2,False,False,True,True,,True
11B Phillips Street Cabarita,Cabarita,790.4,-33.851048,151.114979,False,5,normal,R2,False,False,True,True,,True
12 Elphinstone Street Cabarita,Cabarita,803.7,-33.849868,151.112435,False,5,normal,R2,False,False,True,True,,True
12 Rosemeadow Drive Cabarita,Cabarita,485.9,-33.851747,151.118867,True,14,normal,R3,False,False,False,False,wrong_zone:R3,False
120 Cabarita Road Cabarita,Cabarita,810.6,-33.845826,151.115148,False,5,normal,R2,False,False,True,True,,True
122 Cabarita Road Cabarita,Cabarita,807.3,-33.845726,151.115202,False,5,normal,R2,False,False,True,True,,True
123 Cabarita Road Cabarita,Cabarita,890.9,-33.847296,151.115193,False,5,normal,R2,False,False,True,True,,True
124 Cabarita Road Cabarita,Cabarita,808.4,-33.845625,151.115255,False,5,normal,R2,False,False,True,True,,True
125 Cabarita Road Cabarita,Cabarita,940.4,-33.847188,151.115249,True,6,normal,R2,False,False,True,True,,True
126 Cabarita Road Cabarita,Cabarita,837.2,-33.845523,151.115309,False,5,normal,R2,False,False,True,True,,True
127 Cabarita Road Cabarita,Cabarita,709.9,-33.847055,151.115218,True,6,normal,R2,False,False,True,True,,True
13 Correys Square Cabarita,Cabarita,536.2,-33.845267,151.1165,True,36,normal,R3,False,False,False,False,wrong_zone:R3,False
13 Dorking Road Cabarita,Cabarita,852.0,-33.848756,151.115511,True,12,normal,R2,False,False,True,True,,True
13 Jacaranda Drive Cabarita,Cabarita,481.9,-33.853252,151.117072,True,11,normal,R3,False,False,False,False,wrong_zone:R3,False
13 Rosemeadow Drive Cabarita,Cabarita,514.0,-33.851598,151.118834,True,16,normal,R3,False,False,False,False,wrong_zone:R3,False
13 Waine Street Cabarita,Cabarita,847.5,-33.846697,151.115681,True,7,normal,R2,False,False,True,True,,True
130 Cabarita Road Cabarita,Cabarita,804.2,-33.845325,151.115413,False,5,normal,R2,False,False,True,True,,True
132U Cabarita Road Cabarita,Cabarita,452.2,-33.843631,151.116389,False,5,normal,R3,False,False,False,False,wrong_zone:R3,False
135 Cabarita Road Cabarita,Cabarita,713.5,-33.846617,151.115493,True,6,normal,R2,False,False,True,True,,True
137 Cabarita Road Cabarita,Cabarita,1383.6,-33.846502,151.115798,True,8,normal,R2,False,False,True,True,,True
139 Cabarita Road Cabarita,Cabarita,1421.6,-33.846354,151.115837,False,5,normal,R2,False,False,True,True,,True
14 Collingwood Avenue Cabarita,Cabarita,807.0,-33.850063,151.114172,False,5,normal,R2,False,False,True,True,,True
14 Correys Square Cabarita,Cabarita,556.0,-33.845406,151.116783,True,35,normal,R3,False,False,False,False,wrong_zone:R3,False
14 Dorking Road Cabarita,Cabarita,809.5,-33.848456,151.114851,True,6,normal,R2,False,False,True,True,,True
14 Jacaranda Drive Cabarita,Cabarita,476.3,-33.853243,151.116897,True,11,normal,R3,False,False,False,False,wrong_zone:R3,False
14 Kendall Street Cabarita,Cabarita,710.7,-33.847434,151.113862,True,14,normal,R2,False,False,True,True,,True
141 Cabarita Road Cabarita,Cabarita,1433.0,-33.846212,151.115881,True,9,normal,R2,False,False,True,True,,True
147 Cabarita Road Cabarita,Cabarita,466.8,-33.845831,151.11584,True,11,normal,R3,False,False,False,False,wrong_zone:R3,False
15 Dorking Road Cabarita,Cabarita,885.9,-33.848669,151.115636,True,13,normal,R2,False,False,True,True,,True
15 Medora Street Cabarita,Cabarita,817.1,-33.845961,151.114539,False,5,normal,R2,False,False,True,True,,True
15 Moore Street Cabarita,Cabarita,767.2,-33.848564,151.112677,False,5,normal,R2,False,False,True,True,,True
15 Phillips Street Cabarita,Cabarita,1728.0,-33.850897,151.115421,True,8,normal,R2,False,False,True,True,,True
153 Cabarita Road Cabarita,Cabarita,462.1,-33.845545,151.115894,False,5,normal,R3,False,False,False,False,wrong_zone:R3,False
157 Cabarita Road Cabarita,Cabarita,528.4,-33.845142,151.116137,True,8,normal,R3,False,False,False,False,wrong_zone:R3,False
159 Cabarita Road Cabarita,Cabarita,543.9,-33.845064,151.116222,True,8,normal,R3,False,False,False,False,wrong_zone:R3,False
16 Bishop Street Cabarita,Cabarita,780.7,-33.847366,151.112333,False,5,normal,R2,False,False,True,True,,True
16 Collingwood Avenue Cabarita,Cabarita,823.9,-33.849846,151.114286,False,5,normal,R2,False,False,True,True,,True
16 Dorking Road Cabarita,Cabarita,839.4,-33.848313,151.114956,True,6,normal,R2,False,False,True,True,,True
16 Elphinstone Street Cabarita,Cabarita,827.0,-33.849635,151.112362,False,5,normal,R2,False,False,True,True,,True
16 Rosemeadow Drive Cabarita,Cabarita,554.3,-33.851371,151.118839,True,17,normal,R3,False,False,False,False,wrong_zone:R3,False
16 Stamford Avenue Cabarita,Cabarita,770.7,-33.848223,151.112577,False,5,normal,R2,False,False,True,True,,True
161 Cabarita Road Cabarita,Cabarita,558.0,-33.844966,151.116288,True,6,normal,R3,False,False,False,False,wrong_zone:R3,False
17 Phillips Street Cabarita,Cabarita,1573.7,-33.851019,151.115526,True,7,normal,R2,False,False,True,True,,True
17 Rosemeadow Drive Cabarita,Cabarita,462.8,-33.851326,151.118816,True,17,normal,R3,False,False,False,False,wrong_zone:R3,False
173 Cabarita Road Cabarita,Cabarita,501.4,-33.843921,151.116852,True,10,normal,R3,False,False,False,False,wrong_zone:R3,False
18 Bishop Street Cabarita,Cabarita,788.8,-33.847287,151.112098,True,17,normal,R2,False,False,True,True,,True
18 Kendall Street Cabarita,Cabarita,741.4,-33.847216,151.113692,False,5,normal,R2,False,False,True,True,,True
18 Phillips Street Cabarita,Cabarita,697.5,-33.8523,151.116523,False,5,normal,R3,False,False,False,False,wrong_zone:R3,False
18 Rosemeadow Drive Cabarita,Cabarita,555.6,-33.85122,151.118651,True,17,normal,R3,False,False,False,False,wrong_zone:R3,False
19 Dorking Road Cabarita,Cabarita,948.1,-33.848458,151.115831,True,10,normal,R2,False,False,True,True,,True
19 Medora Street Cabarita,Cabarita,801.2,-33.845761,151.114645,False,5,normal,R2,False,False,True,True,,True
19 Phillips Street Cabarita,Cabarita,1449.6,-33.851087,151.115684,True,9,normal,R2,False,False,True,True,,True
2 Bishop Street Cabarita,Cabarita,797.5,-33.847052,151.113332,True,7,normal,R2,False,False,True,True,,True
2 Collingwood Avenue Cabarita,Cabarita,978.1,-33.850813,151.113899,True,14,normal,R2,False,False,True,True,,True
2 Dorking Road Cabarita,Cabarita,572.3,-33.849166,151.114438,True,7,normal,R2,False,False,True,True,,True
2 Edgewood Crescent Cabarita,Cabarita,588.8,-33.844267,151.116632,False,5,normal,R3,False,False,False,False,wrong_zone:R3,False
2 Elphinstone Street Cabarita,Cabarita,1212.8,-33.85146,151.112801,False,5,normal,R2,False,False,True,True,,True
2 Kendall Street Cabarita,Cabarita,828.7,-33.848356,151.11394,False,5,normal,R2,False,False,True,True,,True
2 Waine Street Cabarita,Cabarita,558.7,-33.8472,151.115556,True,6,normal,R2,False,False,True,True,,True
20 Collingwood Avenue Cabarita,Cabarita,875.3,-33.849602,151.114414,False,5,normal,R2,False,False,True,True,,True
20 Dorking Road Cabarita,Cabarita,762.2,-33.847935,151.115302,False,5,normal,R2,False,False,True,True,,True
20 Edgewood Crescent Cabarita,Cabarita,642.1,-33.845989,151.117065,True,6,normal,R3,False,False,False,False,wrong_zone:R3,False
20 Elphinstone Street Cabarita,Cabarita,821.3,-33.849402,151.112288,False,5,normal,R2,False,False,True,True,,True
20 Kendall Street Cabarita,Cabarita,776.7,-33.847103,151.11366,False,5,normal,R2,False,False,True,True,,True
21 Medora Street Cabarita,Cabarita,822.3,-33.84566,151.114699,False,5,normal,R2,False,False,True,True,,True
21 Phillips Street Cabarita,Cabarita,1379.0,-33.85117,151.115809,True,8,normal,R2,False,False,True,True,,True
22 Collingwood Avenue Cabarita,Cabarita,841.6,-33.849482,151.11455,True,14,normal,R2,False,False,True,True,,True
22 Dorking Road Cabarita,Cabarita,754.0,-33.847846,151.115379,False,5,normal,R2,False,False,True,True,,True
22 Jacaranda Drive Cabarita,Cabarita,611.6,-33.853032,151.116184,True,9,normal,R3,False,False,False,False,wrong_zone:R3,False
22 Rosemeadow Drive Cabarita,Cabarita,500.8,-33.851148,151.118341,True,14,normal,R3,False,False,False,False,wrong_zone:R3,False
23 Dorking Road Cabarita,Cabarita,1046.5,-33.848261,151.116142,True,17,normal,R2,False,False,True,True,,True
23 Rosemeadow Drive Cabarita,Cabarita,533.5,-33.851159,151.118156,True,10,normal,R3,False,False,False,False,wrong_zone:R3,False
24 Edgewood Crescent Cabarita,Cabarita,594.2,-33.845941,151.1167,True,6,normal,R3,False,False,False,False,wrong_zone:R3,False
24 Elphinstone Street Cabarita,Cabarita,786.2,-33.849169,151.112215,False,5,normal,R2,False,False,True,True,,True
25 Jacaranda Drive Cabarita,Cabarita,598.4,-33.852948,151.115874,True,6,normal,R3,False,False,False,False,wrong_zone:R3,False
25 Medora Street Cabarita,Cabarita,800.6,-33.845459,151.114805,False,5,normal,R2,False,False,True,True,,True
26 Dorking Road Cabarita,Cabarita,842.0,-33.847662,151.115536,False,5,normal,R2,False,False,True,True,,True
26 Jacaranda Drive Cabarita,Cabarita,629.2,-33.852822,151.115713,True,21,normal,R3,False,False,False,False,wrong_zone:R3,False
27 Jacaranda Drive Cabarita,Cabarita,680.6,-33.85275,151.11563,True,15,normal,R3,False,False,False,False,wrong_zone:R3,False
27 Medora Street Cabarita,Cabarita,818.0,-33.845357,151.114859,False,5,normal,R2,False,False,True,True,,True
28 Dorking Road Cabarita,Cabarita,870.3,-33.84757,151.115616,False,5,normal,R2,False,False,True,True,,True
1 Albion Street Concord,Concord,774.2,-33.850081,151.11028,True,6,normal,R2,False,False,True,True,,True
1 Alexandra Street Concord,Concord,716.3,-33.864168,151.10002,True,7,normal,R2,False,False,True,True,,True
1 Anderson Road Concord,Concord,768.9,-33.851551,151.106652,False,5,normal,R2,False,False,True,True,,True
1 Archer Street Concord,Concord,507.5,-33.8502,151.105787,True,10,normal,R2,False,False,True,True,,True
1 Arthur Street Concord,Concord,878.8,-33.857648,151.098183,True,7,normal,R2,False,False,True,True,,True
1 Augusta Street Concord,Concord,1035.0,-33.846853,151.103901,True,6,normal,R2,False,False,True,True,,True
1 Bayview Street Concord,Concord,804.4,-33.852482,151.108341,True,8,normal,R2,False,False,True,True,,True
1 Beaconsfield Lane Concord,Concord,758.8,-33.85964,151.105629,True,7,normal,R2,False,False,True,True,,True
1 Brays Road Concord,Concord,920.2,-33.848504,151.111712,True,8,normal,R2,False,False,True,True,,True
1 Brewer Street Concord,Concord,710.3,-33.853161,151.107716,True,8,normal,R2,False,False,True,True,,True
1 Burton Street Concord,Concord,614.0,-33.867998,151.108197,True,6,normal,R2,False,False,True,True,,True
1 Cabarita Road Concord,Concord,522.5,-33.851984,151.107954,True,10,normal,R2,False,False,True,True,,True
1 Castlereagh Street Concord,Concord,641.8,-33.859532,151.098013,False,5,normal,R2,False,False,True,True,,True
1 Churchill Crescent Concord,Concord,808.1,-33.856457,151.100437,True,21,normal,R2,False,False,True,True,,True
1 Cormiston Avenue Concord,Concord,676.1,-33.86035,151.103119,True,7,normal,R2,False,False,True,True,,True
1 Daly Avenue Concord,Concord,685.2,-33.866547,151.097093,True,10,normal,R3,False,False,False,False,wrong_zone:R3,False
1 Davidson Avenue Concord,Concord,832.6,-33.854039,151.10216,True,6,normal,R2,False,False,True,True,,True
1 Durham Street Concord,Concord,963.3,-33.859217,151.117868,True,6,normal,R2,False,False,True,True,,True
1 Edith Avenue Concord,Concord,751.8,-33.861136,151.112859,True,18,normal,R2,False,False,True,True,,True
1 Ellis Street Concord,Concord,772.1,-33.8539,151.104649,True,7,normal,R3,False,False,False,False,wrong_zone:R3,False
1 Fairview Street Concord,Concord,1049.9,-33.858358,151.100458,True,8,normal,R2,False,False,True,True,,True
1 Gale Street Concord,Concord,607.6,-33.847767,151.108139,False,5,normal,E1,False,False,False,False,wrong_zone:E1,False
1 Gladstone Street Concord,Concord,493.5,-33.861943,151.107032,True,8,normal,R2,False,False,True,True,,True
1 Gloucester Street Concord,Concord,971.3,-33.84759,151.104462,True,7,normal,R2,False,False,True,True,,True
1 Homedale Avenue Concord,Concord,851.8,-33.859399,151.095249,True,6,normal,R2,False,False,True,True,,True
1 Jellicoe Street Concord,Concord,838.5,-33.856307,151.105222,True,6,normal,R3,False,False,False,False,wrong_zone:R3,False
1 Jones Street Concord,Concord,1585.4,-33.858312,151.105941,True,33,normal,R3,False,False,False,False,wrong_zone:R3,False
1 Kingston Avenue Concord,Concord,723.7,-33.847012,151.106574,False,5,normal,R2,False,False,True,True,,True
1 Kitchener Avenue Concord,Concord,943.0,-33.850574,151.111015,True,9,normal,R2,False,False,True,True,,True
1 La Mascotte Avenue Concord,Concord,816.1,-33.85956,151.110559,True,8,normal,R2,False,False,True,True,,True
1 Leigh Avenue Concord,Concord,982.3,-33.864481,151.099063,False,5,normal,R2,False,False,True,True,,True
1 Lindfield Avenue Concord,Concord,764.7,-33.858436,151.110142,True,8,normal,R2,False,False,True,True,,True
1 Links Avenue Concord,Concord,822.4,-33.852095,151.101686,True,7,normal,R2,False,False,True,True,,True
1 Ludgate Street Concord,Concord,799.1,-33.858795,151.101499,True,8,normal,R2,False,False,True,True,,True
1 Majors Bay Road Concord,Concord,896.6,-33.859128,151.104141,False,5,normal,R3,False,False,False,False,wrong_zone:R3,False
1 Marceau Drive Concord,Concord,981.1,-33.859285,151.116277,True,28,normal,R2,False,False,True,True,,True
1 Noble Street Concord,Concord,868.5,-33.852423,151.105609,True,6,normal,R2,False,False,True,True,,True
1 Norman Street Concord,Concord,1013.1,-33.845397,151.102272,True,6,normal,R2,False,False,True,True,,True
1 Parramatta Road Concord,Concord,834.8,-33.868926,151.107549,True,6,normal,MU1,False,False,False,False,wrong_zone:MU1,False
1 Rhonda Place Concord,Concord,651.5,-33.85846,151.106249,False,5,normal,R2,False,False,True,True,,True
1 Richards Place Concord,Concord,939.2,-33.859702,151.106754,True,30,normal,R2,False,False,True,True,,True
1 Rickard Street Concord,Concord,571.5,-33.846353,151.104101,True,6,normal,R2,False,False,True,True,,True
1 Riverview Street Concord,Concord,860.5,-33.850339,151.112068,True,7,normal,R2,False,False,True,True,,True
1 Rose Avenue Concord,Concord,666.0,-33.860639,151.102155,True,7,normal,R2,False,False,True,True,,True
1 Salt Street Concord,Concord,641.4,-33.858803,151.113737,True,8,normal,R2,False,False,True,True,,True
1 Shackel Avenue Concord,Concord,812.0,-33.858977,151.101771,True,8,normal,R2,False,False,True,True,,True
1 Shipham Street Concord,Concord,798.4,-33.853123,151.10666,True,7,normal,R2,False,False,True,True,,True
1 Smythes Street Concord,Concord,597.1,-33.852943,151.104643,True,8,normal,R3,False,False,False,False,wrong_zone:R3,False
1 Spring Street Concord,Concord,721.6,-33.855058,151.105415,True,8,normal,R3,False,False,False,False,wrong_zone:R3,False
1 Sydney Street Concord,Concord,598.8,-33.863342,151.097977,True,6,normal,R2,False,False,True,True,,True
1 Tennyson Road Concord,Concord,519.3,-33.845344,151.107163,True,8,normal,R2,False,False,True,True,,True
1 Tremere Street Concord,Concord,754.6,-33.859008,151.112576,True,7,normal,R2,False,False,True,True,,True
1 Turner Avenue Concord,Concord,872.0,-33.84724,151.105556,False,5,normal,R2,False,False,True,True,,True
1 View Street Concord,Concord,949.1,-33.856345,151.111725,True,11,normal,R2,False,False,True,True,,True
1 Ward Street Concord,Concord,483.5,-33.860272,151.113539,True,6,normal,R2,False,False,True,True,,True
10 Addison Avenue Concord,Concord,1002.4,-33.862789,151.101363,False,5,normal,R2,False,False,True,True,,True
10 Albion Street Concord,Concord,800.8,-33.850711,151.109909,False,5,normal,R2,False,False,True,True,,True
10 Alexandra Street Concord,Concord,645.6,-33.864658,151.1,False,5,normal,R2,False,False,True,True,,True
10 Alton Avenue Concord,Concord,1209.6,-33.860977,151.095034,True,10,normal,R2,False,False,True,True,,True
10 Anderson Road Concord,Concord,1218.6,-33.851869,151.105986,False,5,normal,R2,False,False,True,True,,True
10 Archer Street Concord,Concord,817.7,-33.850808,151.105258,False,5,normal,R2,False,False,True,True,,True
10 Augusta Street Concord,Concord,790.7,-33.847459,151.103445,False,5,normal,R2,False,False,True,True,,True
10 Barton Street Concord,Concord,1021.5,-33.847602,151.106165,False,5,normal,R2,False,False,True,True,,True
10 Bertram Street Concord,Concord,589.9,-33.844245,151.106886,False,5,normal,R2,False,False,True,True,,True
10 Braddon Street Concord,Concord,887.4,-33.845293,151.104972,True,8,normal,R2,False,False,True,True,,True
10 Brays Road Concord,Concord,1276.5,-33.84861,151.110407,False,5,normal,R2,False,False,True,True,,True
10 Brewer Street Concord,Concord,737.5,-33.85346,151.106216,False,5,normal,R3,False,False,False,False,wrong_zone:R3,False
10 Broughton Street Concord,Concord,1218.3,-33.866992,151.103032,False,5,normal,R2,False,False,True,True,,True
10 Burton Street Concord,Concord,1099.9,-33.868266,151.106902,False,5,normal,R3,False,False,False,False,wrong_zone:R3,False
10 Churchill Crescent Concord,Concord,758.7,-33.856111,151.099344,True,10,normal,R2,False,False,True,True,,True
10 Correys Avenue Concord,Concord,747.2,-33.853772,151.101491,False,5,normal,R2,False,False,True,True,,True
10 Creewood Street Concord,Concord,700.4,-33.862062,151.094848,True,7,normal,R2,False,False,True,True,,True
10 Davidson Avenue Concord,Concord,702.0,-33.85468,151.101801,True,7,normal,R2,False,False,True,True,,True
10 Deakin Street Concord,Concord,1203.5,-33.844179,151.103213,True,6,normal,R2,False,False,True,True,,True
10 Duke Avenue Concord,Concord,748.4,-33.858247,151.11395,True,6,normal,R2,False,False,True,True,,True
10 Durham Street Concord,Concord,850.5,-33.86049,151.116005,True,27,normal,R2,False,False,True,True,,True
10 Edith Avenue Concord,Concord,701.0,-33.860788,151.111863,False,5,normal,R2,False,False,True,True,,True
10 Empire Avenue Concord,Concord,847.9,-33.856826,151.111948,True,6,normal,R2,False,False,True,True,,True
10 Evelyn Avenue Concord,Concord,651.1,-33.862428,151.110105,False,5,normal,R2,False,False,True,True,,True
10 Fairview Street Concord,Concord,858.4,-33.858957,151.10031,True,6,normal,R2,False,False,True,True,,True
10 Finch Avenue Concord,Concord,632.7,-33.863043,151.109677,False,5,normal,R2,False,False,True,True,,True
10 Gloucester Street Concord,Concord,813.8,-33.848202,151.104014,False,5,normal,R2,False,False,True,True,,True
10 High Street Concord,Concord,1015.3,-33.857915,151.099995,True,7,normal,R2,False,False,True,True,,True
10 Homedale Avenue Concord,Concord,903.8,-33.860044,151.094794,False,5,normal,R2,False,False,True,True,,True
10 Jones Street Concord,Concord,879.0,-33.858865,151.104878,False,5,normal,R3,False,False,False,False,wrong_zone:R3,False
10 Keppel Avenue Concord,Concord,853.8,-33.863342,151.095652,False,5,normal,R2,False,False,True,True,,True
10 Kingston Avenue Concord,Concord,959.2,-33.846627,151.10576,False,5,normal,R2,False,False,True,True,,True
10 La Mascotte Avenue Concord,Concord,811.1,-33.859761,151.109592,False,5,normal,R2,False,False,True,True,,True
10 Leigh Avenue Concord,Concord,879.9,-33.864083,151.09857,True,7,normal,R2,False,False,True,True,,True
10 Loftus Street Concord,Concord,749.0,-33.867063,151.108677,False,5,normal,R2,False,False,True,True,,True
10 Ludgate Street Concord,Concord,593.2,-33.858016,151.100613,True,6,normal,R2,False,False,True,True,,True
10 Macnamara Avenue Concord,Concord,657.3,-33.861198,151.096821,True,6,normal,R2,False,False,True,True,,True
10 Marceau Drive Concord,Concord,859.6,-33.859735,151.116242,True,12,normal,R2,False,False,True,True,,True
10 Nicholas Avenue Concord,Concord,609.8,-33.860402,151.109085,True,6,normal,R2,False,False,True,True,,True
10 Norman Street Concord,Concord,795.2,-33.845924,151.102514,False,5,normal,R2,False,False,True,True,,True
10 Rhonda Place Concord,Concord,691.0,-33.858401,151.107399,True,6,normal,R2,False,False,True,True,,True
10 Riverview Street Concord,Concord,824.2,-33.849957,151.111299,False,5,normal,R2,False,False,True,True,,True
10 Salisbury Street Concord,Concord,789.2,-33.862572,151.106406,False,5,normal,R3,False,False,False,False,wrong_zone:R3,False
10 Salt Street Concord,Concord,969.2,-33.858381,151.112883,True,6,normal,R2,False,False,True,True,,True
10 Sanders Parade Concord,Concord,752.6,-33.856517,151.113413,False,5,normal,R2,False,False,True,True,,True
1 Burke Street Concord West,Concord West,614.4,-33.847381,151.088699,True,7,normal,R2,False,False,True,True,,True
1 Castlestead Street Concord West,Concord West,707.8,-33.842126,151.088105,True,7,normal,R2,False,False,True,True,,True
1 Colane Street Concord West,Concord West,964.3,-33.841657,151.093543,True,6,normal,R2,False,False,True,True,,True
1 Concord Avenue Concord West,Concord West,772.4,-33.845682,151.088471,True,7,normal,R2,False,False,True,True,,True
1 Consett Street Concord West,Concord West,847.2,-33.855746,151.089245,True,17,normal,R2,False,False,True,True,,True
1 Fremont Street Concord West,Concord West,930.8,-33.835641,151.090404,True,7,normal,R2,False,False,True,True,,True
1 Hospital Road Concord West,Concord West,871.3,-33.837309,151.090994,True,7,normal,R2,False,False,True,True,,True
1 Iandra Street Concord West,Concord West,827.1,-33.842567,151.094008,True,6,normal,R2,False,False,True,True,,True
1 Myall Street Concord West,Concord West,792.1,-33.844343,151.094929,True,8,normal,R2,False,False,True,True,,True
1 Phoenix Avenue Concord West,Concord West,518.9,-33.836584,151.088617,True,6,normal,R2,False,False,True,True,,True
1 The Drive Concord West,Concord West,917.6,-33.843428,151.09443,True,7,normal,R2,False,False,True,True,,True
1 Tulloch Avenue Concord West,Concord West,852.4,-33.835851,151.089592,True,6,normal,R2,False,False,True,True,,True
1 Wilga Street Concord West,Concord West,990.7,-33.845289,151.095402,True,7,normal,R2,False,False,True,True,,True
10 Castlestead Street Concord West,Concord West,1006.0,-33.841473,151.087376,False,5,normal,R2,False,False,True,True,,True
10 Consett Street Concord West,Concord West,927.3,-33.85529,151.088625,False,5,normal,R2,False,False,True,True,,True
10 Harrison Avenue Concord West,Concord West,1044.7,-33.837302,151.086789,True,6,normal,R2,False,False,True,True,,True
10 Killoola Street Concord West,Concord West,964.0,-33.836639,151.089397,False,5,normal,R2,False,False,True,True,,True
10 Mackenzie Street Concord West,Concord West,772.2,-33.855129,151.089726,True,6,normal,R2,False,False,True,True,,True
10 Nirranda Street Concord West,Concord West,769.0,-33.847128,151.095457,False,5,normal,R2,False,False,True,True,,True
10 Phoenix Avenue Concord West,Concord West,885.6,-33.836262,151.087518,False,5,normal,R2,False,False,True,True,,True
10 Quandong Place Concord West,Concord West,668.6,-33.848378,151.09439,True,6,normal,R2,False,False,True,True,,True
10 Wilga Street Concord West,Concord West,871.6,-33.846153,151.095155,False,5,normal,R2,False,False,True,True,,True
102 Queen Street Concord West,Concord West,726.9,-33.846088,151.085827,False,5,normal,R3,False,False,False,False,wrong_zone:R3,False
104 Queen Street Concord West,Concord West,760.5,-33.845978,151.085831,False,5,normal,R3,False,False,False,False,wrong_zone:R3,False
108 Queen Street Concord West,Concord West,796.2,-33.84576,151.085838,False,5,normal,R3,False,False,False,False,wrong_zone:R3,False
11 Burke Street Concord West,Concord West,823.2,-33.846777,151.088569,True,6,normal,R2,False,False,True,True,,True
11 Fremont Street Concord West,Concord West,787.5,-33.836132,151.090999,False,5,normal,R2,False,False,True,True,,True
11 Hospital Road Concord West,Concord West,908.9,-33.837746,151.090431,False,5,normal,R2,False,False,True,True,,True
11 Loch Maree Parade Concord West,Concord West,704.4,-33.834373,151.08942,False,5,normal,R2,False,False,True,True,,True
11 Merville Street Concord West,Concord West,879.5,-33.83701,151.089633,False,5,normal,R2,False,False,True,True,,True
11 Nirranda Street Concord West,Concord West,861.5,-33.846623,151.095174,False,5,normal,R2,False,False,True,True,,True
11 Quandong Place Concord West,Concord West,654.6,-33.848054,151.09407,True,7,normal,R3,False,False,False,False,wrong_zone:R3,False
11 Stuart Street Concord West,Concord West,1645.5,-33.848682,151.087429,True,6,normal,R3,False,False,False,False,wrong_zone:R3,False
11 Wilga Street Concord West,Concord West,865.9,-33.845702,151.094805,True,7,normal,R2,False,False,True,True,,True
11 Wunda Road Concord West,Concord West,1276.2,-33.844613,151.087916,True,6,normal,R2,False,False,True,True,,True
114 Queen Street Concord West,Concord West,774.7,-33.845331,151.085877,True,6,normal,R2,False,False,True,True,,True
118 Queen Street Concord West,Concord West,799.1,-33.845112,151.085828,False,5,normal,R2,False,False,True,True,,True
12 Bangalla Road Concord West,Concord West,1017.2,-33.844222,151.088012,True,6,normal,R2,False,False,True,True,,True
12 Boronia Street Concord West,Concord West,1098.3,-33.840868,151.090905,False,5,normal,R2,False,False,True,True,,True
12 Castlestead Street Concord West,Concord West,1029.5,-33.841451,151.087215,False,5,normal,R2,False,False,True,True,,True
12 Consett Street Concord West,Concord West,966.5,-33.855157,151.088592,False,5,normal,R2,False,False,True,True,,True
12 Currawang Street Concord West,Concord West,864.8,-33.838963,151.0916,False,5,normal,R2,False,False,True,True,,True
12 Harrison Avenue Concord West,Concord West,1148.7,-33.837134,151.086779,False,5,normal,R2,False,False,True,True,,True
12 Loch Maree Parade Concord West,Concord West,834.8,-33.835104,151.089514,False,5,normal,R2,False,False,True,True,,True
12 Mepunga Street Concord West,Concord West,864.0,-33.849374,151.094065,False,5,normal,R2,False,False,True,True,,True
12 Merville Street Concord West,Concord West,915.6,-33.837462,151.090085,False,5,normal,R2,False,False,True,True,,True
12 Moala Street Concord West,Concord West,686.8,-33.841784,151.091641,True,6,normal,R2,False,False,True,True,,True
12 Nirranda Street Concord West,Concord West,739.2,-33.847192,151.095329,False,5,normal,R2,False,False,True,True,,True
12 Nullawarra Avenue Concord West,Concord West,731.3,-33.84779,151.095306,True,8,normal,R2,False,False,True,True,,True
12 Quandong Place Concord West,Concord West,678.5,-33.848428,151.094219,True,6,normal,R2,False,False,True,True,,True
12 Wallaroy Street Concord West,Concord West,1014.2,-33.841014,151.086951,True,6,normal,R2,False,False,True,True,,True
12 Wilga Street Concord West,Concord West,921.0,-33.846145,151.094955,True,7,normal,R2,False,False,True,True,,True
12-16 Burke Street Concord West,Concord West,1893.8,-33.84702,151.08788,True,9,normal,R3,False,False,False,False,wrong_zone:R3,False
122 Queen Street Concord West,Concord West,1062.9,-33.844875,151.085814,False,5,normal,R2,False,False,True,True,,True
13 Currawang Street Concord West,Concord West,912.4,-33.838605,151.091048,False,5,normal,R2,False,False,True,True,,True
13 Fremont Street Concord West,Concord West,850.0,-33.836227,151.091101,False,5,normal,R2,False,False,True,True,,True
13 Hospital Road Concord West,Concord West,895.0,-33.83783,151.090318,False,5,normal,R2,False,False,True,True,,True
13 Mepunga Street Concord West,Concord West,849.2,-33.848769,151.094107,False,5,normal,R2,False,False,True,True,,True
13 Nirranda Street Concord West,Concord West,865.9,-33.846654,151.095011,True,7,normal,R2,False,False,True,True,,True
13 Quandong Place Concord West,Concord West,629.2,-33.848163,151.093832,True,8,normal,R3,False,False,False,False,wrong_zone:R3,False
13 Stuart Street Concord West,Concord West,1690.6,-33.848773,151.087267,True,6,normal,R3,False,False,False,False,wrong_zone:R3,False
13 The Drive Concord West,Concord West,969.2,-33.843904,151.093547,True,6,normal,R2,False,False,True,True,,True
13 Wilga Street Concord West,Concord West,887.7,-33.845745,151.094646,False,5,normal,R2,False,False,True,True,,True
13 Wunda Road Concord West,Concord West,1372.5,-33.844589,151.087741,True,6,normal,R2,False,False,True,True,,True
136 Queen Street Concord West,Concord West,1009.2,-33.843897,151.085769,False,5,normal,R2,False,False,True,True,,True
138 Queen Street Concord West,Concord West,1040.7,-33.843758,151.085769,False,5,normal,R2,False,False,True,True,,True
14 Bangalla Road Concord West,Concord West,1000.0,-33.8442,151.087853,True,6,normal,R2,False,False,True,True,,True
14 Cavendish Street Concord West,Concord West,646.2,-33.846834,151.086753,True,6,normal,R3,False,False,False,False,wrong_zone:R3,False
14 Consett Street Concord West,Concord West,959.2,-33.855021,151.088559,False,5,normal,R2,False,False,True,True,,True
14 Coonong Road Concord West,Concord West,562.7,-33.843046,151.08756,True,7,normal,R2,False,False,True,True,,True
14 Fremont Street Concord West,Concord West,931.0,-33.836689,151.09077,True,6,normal,R2,False,False,True,True,,True
14 Harrison Avenue Concord West,Concord West,1079.8,-33.837041,151.08668,False,5,normal,R2,False,False,True,True,,True
14 Hospital Road Concord West,Concord West,915.0,-33.838308,151.090729,False,5,normal,R2,False,False,True,True,,True
14 Loch Maree Parade Concord West,Concord West,901.4,-33.835016,151.08942,False,5,normal,R2,False,False,True,True,,True
14 Mackenzie Street Concord West,Concord West,756.5,-33.854901,151.089668,True,6,normal,R2,False,False,True,True,,True
14 Merville Street Concord West,Concord West,920.3,-33.837529,151.089996,False,5,normal,R2,False,False,True,True,,True
14 Myall Street Concord West,Concord West,869.8,-33.845348,151.094499,False,5,normal,R2,False,False,True,True,,True
14 The Drive Concord West,Concord West,957.5,-33.844515,151.093933,True,6,normal,R2,False,False,True,True,,True
14 Victoria Avenue Concord West,Concord West,880.3,-33.848393,151.087691,False,5,normal,R3,False,False,False,False,wrong_zone:R3,False
144 Queen Street Concord West,Concord West,1028.7,-33.843362,151.085803,True,6,normal,R2,False,False,True,True,,True
14A Mackenzie Street Concord West,Concord West,830.8,-33.854786,151.08964,True,6,normal,R2,False,False,True,True,,True
14A Moala Street Concord West,Concord West,943.7,-33.842035,151.091663,True,10,normal,R2,False,False,True,True,,True
14B Mackenzie Street Concord West,Concord West,757.8,-33.854672,151.089659,False,5,normal,R2,False,False,True,True,,True
15 Castlestead Street Concord West,Concord West,999.5,-33.842088,151.086885,True,9,normal,R2,False,False,True,True,,True
15 Cavendish Street Concord West,Concord West,768.9,-33.846796,151.087456,False,5,normal,R3,False,False,False,False,wrong_zone:R3,False
15 Colane Street Concord West,Concord West,876.7,-33.842152,151.092621,True,7,normal,R2,False,False,True,True,,True
15 Currawang Street Concord West,Concord West,857.8,-33.838689,151.090936,False,5,normal,R2,False,False,True,True,,True
15 Mepunga Street Concord West,Concord West,894.8,-33.848763,151.093944,True,6,normal,R2,False,False,True,True,,True
15 Moala Street Concord West,Concord West,1060.3,-33.841402,151.091039,False,5,normal,R2,False,False,True,True,,True
15 Quandong Place Concord West,Concord West,673.5,-33.848284,151.093618,True,8,normal,R3,False,False,False,False,wrong_zone:R3,False
15 Stuart Street Concord West,Concord West,1700.0,-33.84881,151.087105,True,7,normal,R3,False,False,False,False,wrong_zone:R3,False
15 The Drive Concord West,Concord West,988.4,-33.843966,151.093435,True,6,normal,R2,False,False,True,True,,True
15 Wilga Street Concord West,Concord West,881.0,-33.845815,151.094523,False,5,normal,R2,False,False,True,True,,True
151 Queen Street Concord West,Concord West,961.0,-33.855369,151.088164,False,5,normal,R2,False,False,True,True,,True
152 Queen Street Concord West,Concord West,1009.0,-33.842812,151.085774,False,5,normal,R2,False,False,True,True,,True
155 Queen Street Concord West,Concord West,997.0,-33.855099,151.088097,False,5,normal,R2,False,False,True,True,,True
157 Queen Street Concord West,Concord West,968.4,-33.854964,151.088064,False,5,normal,R2,False,False,True,True,,True
158 Queen Street Concord West,Concord West,1022.8,-33.842361,151.085787,False,5,normal,R2,False,False,True,True,,True
159 Queen Street Concord West,Concord West,1000.7,-33.85483,151.088031,False,5,normal,R2,False,False,True,True,,True
16 Bangalla Road Concord West,Concord West,1018.9,-33.844177,151.087692,True,6,normal,R2,False,False,True,True,,True
1 Barney Street Drummoyne,Drummoyne,649.6,-33.85775,151.146757,True,11,normal,R2,False,False,True,True,,True
1 Bradley Street Drummoyne,Drummoyne,1137.0,-33.854628,151.145769,True,9,normal,R2,False,False,True,True,,True
1 Day Street Drummoyne,Drummoyne,870.5,-33.853825,151.160769,True,6,normal,R3,False,False,False,False,wrong_zone:R3,False
1 Dening Street Drummoyne,Drummoyne,819.8,-33.854245,151.148627,True,10,normal,R2,False,False,True,True,,True
1 Duncan Street Drummoyne,Drummoyne,902.1,-33.858598,151.155287,True,14,normal,R2,False,False,True,True,,True
1 Gears Avenue Drummoyne,Drummoyne,594.5,-33.85624,151.145811,True,6,normal,R2,False,False,True,True,,True
1 Henricks Avenue Drummoyne,Drummoyne,959.4,-33.846531,151.150535,True,8,normal,R3,False,False,False,False,wrong_zone:R3,False
1 Hinkler Court Drummoyne,Drummoyne,799.1,-33.847608,151.150298,True,10,normal,R3,False,False,False,False,wrong_zone:R3,False
1 Marlborough Street Drummoyne,Drummoyne,486.0,-33.851228,151.15276,False,5,normal,R3,False,False,False,False,wrong_zone:R3,False
1 Moore Street Drummoyne,Drummoyne,748.5,-33.854851,151.147692,True,9,normal,R2,False,False,True,True,,True
1 Napier Street Drummoyne,Drummoyne,1265.6,-33.849067,151.156911,True,8,normal,R3,False,False,False,False,wrong_zone:R3,False
1 Plunkett Street Drummoyne,Drummoyne,747.3,-33.856469,151.151933,True,8,normal,R2,False,False,True,True,,True
1 Raymond Avenue Drummoyne,Drummoyne,688.3,-33.845639,151.147155,True,11,normal,R2,False,False,True,True,,True
1 South Street Drummoyne,Drummoyne,708.4,-33.859008,151.156137,True,7,normal,R2,False,False,True,True,,True
1 St Georges Crescent Drummoyne,Drummoyne,1170.6,-33.854207,151.161599,False,5,normal,R3,False,False,False,False,wrong_zone:R3,False
1 Therry Lane Drummoyne,Drummoyne,726.2,-33.855615,151.155296,True,12,normal,R3,False,False,False,False,wrong_zone:R3,False
1 Therry Street Drummoyne,Drummoyne,537.8,-33.855945,151.155783,True,7,normal,R3,False,False,False,False,wrong_zone:R3,False
1 Thornley Street Drummoyne,Drummoyne,825.5,-33.8548,151.161289,True,21,normal,R3,False,False,False,False,wrong_zone:R3,False
1 Tranmere Street Drummoyne,Drummoyne,1360.2,-33.857775,151.155444,True,7,normal,R3,False,False,False,False,wrong_zone:R3,False
1 Ullathorne Street Drummoyne,Drummoyne,929.6,-33.858141,151.151098,False,5,normal,R2,False,False,True,True,,True
10 Alexandra Street Drummoyne,Drummoyne,1112.9,-33.853006,151.159696,False,5,normal,R3,False,False,False,False,wrong_zone:R3,False
10 Bowman Street Drummoyne,Drummoyne,535.4,-33.852186,151.154047,False,5,normal,R3,False,False,False,False,wrong_zone:R3,False
10 Burnell Street Drummoyne,Drummoyne,704.1,-33.860403,151.149665,False,5,normal,R2,False,False,True,True,,True
10 Clements Street Drummoyne,Drummoyne,905.5,-33.859988,151.149159,True,6,normal,R2,False,False,True,True,,True
10 College Street Drummoyne,Drummoyne,1704.0,-33.854797,151.156569,True,10,normal,R3,False,False,False,False,wrong_zone:R3,False
10 Dening Street Drummoyne,Drummoyne,690.7,-33.853783,151.149023,True,8,normal,R2,False,False,True,True,,True
10 Duncan Street Drummoyne,Drummoyne,588.5,-33.858247,151.154928,True,9,normal,R2,False,False,True,True,,True
10 Gears Avenue Drummoyne,Drummoyne,544.6,-33.855347,151.145566,False,5,normal,R2,False,False,True,True,,True
10 Gipps Street Drummoyne,Drummoyne,661.2,-33.859236,151.151161,False,5,normal,R2,False,False,True,True,,True
10 Janet Street Drummoyne,Drummoyne,734.9,-33.859842,151.148157,False,5,normal,R2,False,False,True,True,,True
10 Millar Street Drummoyne,Drummoyne,806.6,-33.859795,151.150208,True,7,normal,R2,False,False,True,True,,True
10 Polding Street Drummoyne,Drummoyne,667.4,-33.854567,151.151864,True,7,normal,R2,False,False,True,True,,True
10 Renwick Street Drummoyne,Drummoyne,564.8,-33.853815,151.158774,False,5,normal,R2,False,False,True,True,,True
10 Richards Avenue Drummoyne,Drummoyne,744.7,-33.858772,151.148091,False,5,normal,R2,False,False,True,True,,True
10 Seymour Street Drummoyne,Drummoyne,1140.6,-33.848578,151.153297,True,7,normal,R3,False,False,False,False,wrong_zone:R3,False
10 The Parade Drummoyne,Drummoyne,479.7,-33.853164,151.144394,False,5,normal,R2,False,False,True,True,,True
10 Thompson Street Drummoyne,Drummoyne,588.5,-33.858393,151.154799,False,5,normal,R2,False,False,True,True,,True
10 Ullathorne Street Drummoyne,Drummoyne,458.2,-33.857809,151.151433,True,7,normal,R2,False,False,True,True,,True
10 Wrights Road Drummoyne,Drummoyne,850.9,-33.849479,151.154546,False,5,normal,R3,False,False,False,False,wrong_zone:R3,False
100 Gipps Street Drummoyne,Drummoyne,991.3,-33.854454,151.146824,True,6,normal,R2,False,False,True,True,,True
101 Gipps Street Drummoyne,Drummoyne,584.4,-33.854925,151.146383,False,5,normal,R2,False,False,True,True,,True
101 Lyons Road Drummoyne,Drummoyne,998.2,-33.85393,151.150858,False,5,normal,R2,False,False,True,True,,True
101 St Georges Crescent Drummoyne,Drummoyne,681.6,-33.848731,151.156704,False,5,normal,R3,False,False,False,False,wrong_zone:R3,False
101A St Georges Crescent Drummoyne,Drummoyne,1394.2,-33.848628,151.1565,True,8,normal,R3,False,False,False,False,wrong_zone:R3,False
102 Thompson Street Drummoyne,Drummoyne,662.9,-33.852767,151.149538,True,7,normal,R2,False,False,True,True,,True
102B Lower St Georges Crescent Drummoyne,Drummoyne,1156.6,-33.847344,151.155651,True,6,normal,R3,False,False,False,False,wrong_zone:R3,False
103 Gipps Street Drummoyne,Drummoyne,591.4,-33.854847,151.146311,False,5,normal,R2,False,False,True,True,,True
104 Gipps Street Drummoyne,Drummoyne,768.5,-33.854338,151.146743,True,7,normal,R2,False,False,True,True,,True
105 Gipps Street Drummoyne,Drummoyne,592.9,-33.854768,151.146238,False,5,normal,R2,False,False,True,True,,True
105 Lyons Road Drummoyne,Drummoyne,520.0,-33.854041,151.15069,False,5,normal,R2,False,False,True,True,,True
107 Gipps Street Drummoyne,Drummoyne,591.7,-33.854712,151.146136,True,6,normal,R2,False,False,True,True,,True
107 St Georges Crescent Drummoyne,Drummoyne,1177.5,-33.84851,151.155932,False,5,normal,R3,False,False,False,False,wrong_zone:R3,False
108 Thompson Street Drummoyne,Drummoyne,647.1,-33.852539,151.149265,False,5,normal,R2,False,False,True,True,,True
11 Alexandra Street Drummoyne,Drummoyne,536.9,-33.853427,151.159151,False,5,normal,R3,False,False,False,False,wrong_zone:R3,False
11 Collingwood Street Drummoyne,Drummoyne,1017.5,-33.849147,151.154912,True,6,normal,R3,False,False,False,False,wrong_zone:R3,False
11 Cometrowe Street Drummoyne,Drummoyne,667.2,-33.853019,151.150237,False,5,normal,R2,False,False,True,True,,True
11 Henley Street Drummoyne,Drummoyne,456.1,-33.857069,151.15098,False,5,normal,R2,False,False,True,True,,True
11 Marlborough Street Drummoyne,Drummoyne,774.5,-33.850971,151.152453,True,7,normal,R3,False,False,False,False,wrong_zone:R3,False
11 Napier Street Drummoyne,Drummoyne,949.3,-33.849048,151.155574,True,6,normal,R3,False,False,False,False,wrong_zone:R3,False
11 Polding Street Drummoyne,Drummoyne,802.0,-33.855813,151.150961,True,17,normal,R2,False,False,True,True,,True
11 Richards Avenue Drummoyne,Drummoyne,722.5,-33.859292,151.148369,False,5,normal,R2,False,False,True,True,,True
11 Tavistock Street Drummoyne,Drummoyne,458.7,-33.849664,151.152785,True,10,normal,R3,False,False,False,False,wrong_zone:R3,False
11 Thompson Street Drummoyne,Drummoyne,669.8,-33.858582,151.154126,True,6,normal,R2,False,False,True,True,,True
11 Westbourne Street Drummoyne,Drummoyne,687.4,-33.847973,151.151506,False,5,normal,R3,False,False,False,False,wrong_zone:R3,False
11 Wolseley Street Drummoyne,Drummoyne,1185.6,-33.846735,151.15401,True,6,normal,R3,False,False,False,False,wrong_zone:R3,False
110 Thompson Street Drummoyne,Drummoyne,665.3,-33.852455,151.149185,False,5,normal,R2,False,False,True,True,,True
111 Gipps Street Drummoyne,Drummoyne,640.2,-33.854568,151.145954,False,5,normal,R2,False,False,True,True,,True
111 Lyons Road Drummoyne,Drummoyne,482.2,-33.854113,151.15053,True,7,normal,E1,False,False,False,False,wrong_zone:E1,False
111 St Georges Crescent Drummoyne,Drummoyne,1163.8,-33.848384,151.155622,True,6,normal,R3,False,False,False,False,wrong_zone:R3,False
112 Henley Marine Drive Drummoyne,Drummoyne,492.3,-33.859858,151.151691,True,6,normal,R2,False,False,True,True,,True
112 Thompson Street Drummoyne,Drummoyne,613.8,-33.852303,151.148904,True,6,normal,R2,False,False,True,True,,True
112A Gipps Street Drummoyne,Drummoyne,544.4,-33.85402,151.146414,True,6,normal,R2,False,False,True,True,,True
113 St Georges Crescent Drummoyne,Drummoyne,545.0,-33.848224,151.155544,True,6,normal,R3,False,False,False,False,wrong_zone:R3,False
114 Gipps Street Drummoyne,Drummoyne,596.5,-33.853845,151.146209,False,5,normal,R2,False,False,True,True,,True
114 Henley Marine Drive Drummoyne,Drummoyne,640.5,-33.859785,151.151894,True,6,normal,R2,False,False,True,True,,True
114 Thompson Street Drummoyne,Drummoyne,646.5,-33.852161,151.148798,False,5,normal,R2,False,False,True,True,,True
114A Gipps Street Drummoyne,Drummoyne,543.4,-33.853909,151.146269,False,5,normal,R2,False,False,True,True,,True
115 St Georges Crescent Drummoyne,Drummoyne,789.7,-33.848056,151.155396,True,7,normal,R3,False,False,False,False,wrong_zone:R3,False
116 Henley Marine Drive Drummoyne,Drummoyne,978.2,-33.859644,151.15208,False,5,normal,R2,False,False,True,True,,True
116 Lower St Georges Crescent Drummoyne,Drummoyne,1198.1,-33.846433,151.156473,True,6,normal,R3,False,False,False,False,wrong_zone:R3,False
117 Gipps Street Drummoyne,Drummoyne,627.4,-33.854111,151.14565,True,6,normal,R2,False,False,True,True,,True
117 Henley Marine Drive Drummoyne,Drummoyne,951.5,-33.859618,151.152223,True,6,normal,R2,False,False,True,True,,True
117 St Georges Crescent Drummoyne,Drummoyne,1295.8,-33.84801,151.155121,True,6,normal,R3,False,False,False,False,wrong_zone:R3,False
118 Henley Marine Drive Drummoyne,Drummoyne,973.1,-33.859536,151.152334,True,6,normal,R2,False,False,True,True,,True
118 Lower St Georges Crescent Drummoyne,Drummoyne,564.4,-33.84635,151.15656,False,5,normal,R3,False,False,False,False,wrong_zone:R3,False
118 Thompson Street Drummoyne,Drummoyne,743.1,-33.851908,151.148672,False,5,normal,R2,False,False,True,True,,True
119 Lyons Road Drummoyne,Drummoyne,528.6,-33.854539,151.149823,True,6,normal,R2,False,False,True,True,,True
11A Dening Street Drummoyne,Drummoyne,581.1,-33.853679,151.148135,False,5,normal,R2,False,False,True,True,,True
11A Marlborough Street Drummoyne,Drummoyne,758.3,-33.850872,151.152418,True,6,normal,R3,False,False,False,False,wrong_zone:R3,False
12 Alexandra Street Drummoyne,Drummoyne,573.5,-33.85292,151.15961,False,5,normal,R3,False,False,False,False,wrong_zone:R3,False
12 Bayswater Street Drummoyne,Drummoyne,481.8,-33.851391,151.152282,False,5,normal,R3,False,False,False,False,wrong_zone:R3,False
12 Broughton Street Drummoyne,Drummoyne,710.2,-33.857852,151.150508,True,11,normal,R2,False,False,True,True,,True
12 Burnell Street Drummoyne,Drummoyne,705.2,-33.860471,151.149562,False,5,normal,R2,False,False,True,True,,True
12 Gears Avenue Drummoyne,Drummoyne,569.4,-33.855223,151.145473,True,6,normal,R2,False,False,True,True,,True
12 Market Street Drummoyne,Drummoyne,581.2,-33.858183,151.153411,True,7,normal,R2,False,False,True,True,,True
12 Moore Street Drummoyne,Drummoyne,793.4,-33.853927,151.147794,True,7,normal,R2,False,False,True,True,,True
12 Plunkett Street Drummoyne,Drummoyne,724.4,-33.856382,151.150982,True,6,normal,R2,False,False,True,True,,True
12 Richards Avenue Drummoyne,Drummoyne,728.7,-33.858847,151.147989,False,5,normal,R2,False,False,True,True,,True
12 The Esplanade Drummoyne,Drummoyne,712.4,-33.845929,151.149139,False,5,normal,R2,False,False,True,True,,True
12 Therry Street Drummoyne,Drummoyne,520.2,-33.856781,151.154051,False,5,normal,R2,False,False,True,True,,True
1 Betts Avenue Five Dock,Five Dock,559.1,-33.864187,151.135982,True,7,normal,R2,False,False,True,True,,True
1 Connecticut Avenue Five Dock,Five Dock,537.3,-33.871622,151.135293,True,10,normal,R2,False,False,True,True,,True
1 Elizabeth Street Five Dock,Five Dock,947.8,-33.865815,151.124141,False,5,normal,R2,False,False,True,True,,True
1 Erina Avenue Five Dock,Five Dock,1508.4,-33.864183,151.134583,True,7,normal,R2,False,False,True,True,,True
1 Gildea Avenue Five Dock,Five Dock,635.1,-33.86173,151.132637,False,5,normal,R2,False,False,True,True,,True
1 Harrabrook Avenue Five Dock,Five Dock,581.9,-33.87259,151.131952,True,11,normal,R2,False,False,True,True,,True
1 Hill Street Five Dock,Five Dock,1293.0,-33.860446,151.130185,True,8,normal,R2,False,False,True,True,,True
1 Ingham Avenue Five Dock,Five Dock,533.4,-33.872382,151.135821,True,8,normal,R2,False,False,True,True,,True
1 Innes Street Five Dock,Five Dock,700.0,-33.863671,151.129227,False,5,normal,R2,False,False,True,True,,True
1 James Street Five Dock,Five Dock,1223.4,-33.864147,151.123872,True,9,normal,R2,False,False,True,True,,True
1 Kerin Avenue Five Dock,Five Dock,476.2,-33.863164,151.130149,False,5,normal,R2,False,False,True,True,,True
1 Lavender Street Five Dock,Five Dock,600.7,-33.871512,151.124572,True,7,normal,R2,False,False,True,True,,True
1 Mcgrath Avenue Five Dock,Five Dock,581.3,-33.863163,151.127428,True,6,normal,R2,False,False,True,True,,True
1 Mitchell Street Five Dock,Five Dock,491.5,-33.863477,151.135249,True,6,normal,R2,False,False,True,True,,True
1 Murralong Avenue Five Dock,Five Dock,555.2,-33.871781,151.131662,True,8,normal,R2,False,False,True,True,,True
1 Newcastle Street Five Dock,Five Dock,508.0,-33.865638,151.128416,False,5,normal,R2,False,False,True,True,,True
1 Norman Street Five Dock,Five Dock,464.7,-33.87084,151.136635,True,6,normal,R2,False,False,True,True,,True
1 Pine Avenue Five Dock,Five Dock,938.2,-33.862454,151.134008,True,7,normal,R2,False,False,True,True,,True
1 Preston Avenue Five Dock,Five Dock,640.1,-33.864326,151.125115,True,6,normal,R2,False,False,True,True,,True
1 Queens Road Five Dock,Five Dock,453.4,-33.870737,151.128477,True,7,normal,R2,False,False,True,True,,True
1 Rodd Road Five Dock,Five Dock,1007.6,-33.864995,151.132507,False,5,normal,R2,False,False,True,True,,True
1 Taylor Street Five Dock,Five Dock,740.8,-33.869297,151.112013,True,8,normal,R2,False,False,True,True,,True
1 Udall Avenue Five Dock,Five Dock,691.2,-33.863863,151.12689,True,7,normal,R2,False,False,True,True,,True
1 Wangal Place Five Dock,Five Dock,713.3,-33.872326,151.127749,True,6,normal,R2,False,False,True,True,,True
10 Arlington Street Five Dock,Five Dock,669.5,-33.872389,151.126718,True,6,normal,R2,False,False,True,True,,True
10 Betts Avenue Five Dock,Five Dock,520.9,-33.863492,151.136594,True,6,normal,R2,False,False,True,True,,True
10 Charles Street Five Dock,Five Dock,577.2,-33.862058,151.13189,True,6,normal,R2,False,False,True,True,,True
10 Great North Road Five Dock,Five Dock,723.4,-33.873159,151.127693,False,5,normal,R2,False,False,True,True,,True
10 Harris Road Five Dock,Five Dock,549.7,-33.870417,151.122411,True,7,normal,R3,False,False,False,False,wrong_zone:R3,False
10 Ingham Avenue Five Dock,Five Dock,500.7,-33.871664,151.13638,False,5,normal,R2,False,False,True,True,,True
10 James Street Five Dock,Five Dock,556.9,-33.863586,151.124491,True,6,normal,R2,False,False,True,True,,True
10 Murralong Avenue Five Dock,Five Dock,546.0,-33.871397,151.13112,False,5,normal,R2,False,False,True,True,,True
10 Norman Street Five Dock,Five Dock,555.4,-33.869521,151.136811,False,5,normal,R2,False,False,True,True,,True
10 Queens Road Five Dock,Five Dock,512.6,-33.870229,151.128441,True,10,normal,R2,False,False,True,True,,True
10 Ramsay Road Five Dock,Five Dock,512.5,-33.871836,151.132489,True,6,normal,R2,False,False,True,True,,True
10 Taylor Street Five Dock,Five Dock,734.0,-33.868925,151.112826,False,5,normal,R2,False,False,True,True,,True
100 First Avenue Five Dock,Five Dock,939.8,-33.867015,151.137536,False,5,normal,R2,False,False,True,True,,True
100 Ingham Avenue Five Dock,Five Dock,558.4,-33.864569,151.137372,False,5,normal,R2,False,False,True,True,,True
101 Kings Road Five Dock,Five Dock,520.0,-33.869067,151.122255,False,5,normal,R3,False,False,False,False,wrong_zone:R3,False
102 Queens Road Five Dock,Five Dock,525.3,-33.869293,151.121494,True,6,normal,R3,False,False,False,False,wrong_zone:R3,False
104 Queens Road Five Dock,Five Dock,519.6,-33.869227,151.121374,True,6,normal,R3,False,False,False,False,wrong_zone:R3,False
105 Kings Road Five Dock,Five Dock,556.2,-33.869108,151.121964,True,6,normal,R3,False,False,False,False,wrong_zone:R3,False
106 First Avenue Five Dock,Five Dock,476.9,-33.867139,151.137117,False,5,normal,R2,False,False,True,True,,True
106 Ingham Avenue Five Dock,Five Dock,490.7,-33.864026,151.137352,True,7,normal,R2,False,False,True,True,,True
106 Kings Road Five Dock,Five Dock,663.8,-33.868315,151.121374,False,5,normal,R3,False,False,False,False,wrong_zone:R3,False
106A Kings Road Five Dock,Five Dock,662.3,-33.868304,151.121292,False,5,normal,R3,False,False,False,False,wrong_zone:R3,False
107 Kings Road Five Dock,Five Dock,577.4,-33.869045,151.12187,True,6,normal,R3,False,False,False,False,wrong_zone:R3,False
108 First Avenue Five Dock,Five Dock,479.4,-33.867125,151.137026,True,6,normal,R2,False,False,True,True,,True
108 Ingham Avenue Five Dock,Five Dock,465.3,-33.863949,151.137354,False,5,normal,R2,False,False,True,True,,True
108 Kings Road Five Dock,Five Dock,681.7,-33.868293,151.121211,False,5,normal,R3,False,False,False,False,wrong_zone:R3,False
109 Kings Road Five Dock,Five Dock,562.4,-33.869028,151.121744,True,6,normal,R3,False,False,False,False,wrong_zone:R3,False
11 Arlington Street Five Dock,Five Dock,610.6,-33.871942,151.126106,True,8,normal,R2,False,False,True,True,,True
11 Augusta Street Five Dock,Five Dock,1049.6,-33.869036,151.137169,True,9,normal,R2,False,False,True,True,,True
11 Barnstaple Road Five Dock,Five Dock,482.8,-33.865731,151.131555,False,5,normal,R2,False,False,True,True,,True
11 Charles Street Five Dock,Five Dock,607.7,-33.862549,151.131705,True,6,normal,R2,False,False,True,True,,True
11 Courland Street Five Dock,Five Dock,642.8,-33.870965,151.124029,False,5,normal,R2,False,False,True,True,,True
11 Erina Avenue Five Dock,Five Dock,1261.3,-33.864531,151.133879,True,11,normal,R2,False,False,True,True,,True
11 Great North Road Five Dock,Five Dock,941.5,-33.872852,151.126883,True,10,normal,R2,False,False,True,True,,True
11 Harris Road Five Dock,Five Dock,513.4,-33.868174,151.12236,False,5,normal,R3,False,False,False,False,wrong_zone:R3,False
11 Hill Street Five Dock,Five Dock,870.5,-33.860327,151.129412,True,15,normal,R2,False,False,True,True,,True
11 Ingham Avenue Five Dock,Five Dock,509.3,-33.872029,151.135765,False,5,normal,R2,False,False,True,True,,True
11 Minnesota Avenue Five Dock,Five Dock,623.1,-33.870741,151.134471,False,5,normal,R2,False,False,True,True,,True
11 Murralong Avenue Five Dock,Five Dock,643.8,-33.87197,151.131058,True,6,normal,R2,False,False,True,True,,True
11 Park Road Five Dock,Five Dock,482.1,-33.869056,151.132312,True,9,normal,R3,False,False,False,False,wrong_zone:R3,False
11 Pine Avenue Five Dock,Five Dock,1003.0,-33.86177,151.134088,False,5,normal,R2,False,False,True,True,,True
11 Preston Avenue Five Dock,Five Dock,681.3,-33.863771,151.12487,True,6,normal,R2,False,False,True,True,,True
11 Scott Street Five Dock,Five Dock,682.7,-33.865169,151.125448,False,5,normal,R2,False,False,True,True,,True
11 Trevanion Street Five Dock,Five Dock,1040.4,-33.864847,151.132908,True,6,normal,R2,False,False,True,True,,True
11 West Street Five Dock,Five Dock,671.5,-33.865072,151.128387,True,7,normal,R2,False,False,True,True,,True
110 First Avenue Five Dock,Five Dock,980.1,-33.867154,151.136926,True,6,normal,R2,False,False,True,True,,True
110 Ingham Avenue Five Dock,Five Dock,467.7,-33.863864,151.137369,False,5,normal,R2,False,False,True,True,,True
110 Kings Road Five Dock,Five Dock,938.5,-33.868232,151.121028,True,6,normal,R3,False,False,False,False,wrong_zone:R3,False
111 Kings Road Five Dock,Five Dock,574.4,-33.869011,151.121619,True,6,normal,R3,False,False,False,False,wrong_zone:R3,False
112 First Avenue Five Dock,Five Dock,782.1,-33.867194,151.136785,True,6,normal,R2,False,False,True,True,,True
112 Kings Road Five Dock,Five Dock,959.7,-33.868253,151.120918,False,5,normal,R3,False,False,False,False,wrong_zone:R3,False
112 Queens Road Five Dock,Five Dock,518.8,-33.869212,151.120901,True,6,normal,R3,False,False,False,False,wrong_zone:R3,False
113 Kings Road Five Dock,Five Dock,562.1,-33.868994,151.121493,True,6,normal,R3,False,False,False,False,wrong_zone:R3,False
114 First Avenue Five Dock,Five Dock,790.3,-33.867273,151.136652,False,5,normal,R2,False,False,True,True,,True
114 Queens Road Five Dock,Five Dock,512.0,-33.869196,151.120782,True,6,normal,R3,False,False,False,False,wrong_zone:R3,False
116A First Avenue Five Dock,Five Dock,1014.9,-33.867368,151.136363,True,9,normal,R2,False,False,True,True,,True
118 Ingham Avenue Five Dock,Five Dock,609.4,-33.863443,151.137432,True,6,normal,R2,False,False,True,True,,True
11A Murralong Avenue Five Dock,Five Dock,640.8,-33.871949,151.130905,True,8,normal,R2,False,False,True,True,,True
11A Preston Avenue Five Dock,Five Dock,681.4,-33.863661,151.124835,True,6,normal,R2,False,False,True,True,,True
12 Courland Street Five Dock,Five Dock,481.4,-33.870093,151.124624,False,5,normal,R2,False,False,True,True,,True
12 Elizabeth Street Five Dock,Five Dock,765.2,-33.865342,151.124813,False,5,normal,R2,False,False,True,True,,True
12 Gildea Avenue Five Dock,Five Dock,536.3,-33.861459,151.131933,True,6,normal,R2,False,False,True,True,,True
12 Great North Road Five Dock,Five Dock,643.5,-33.873032,151.127683,True,6,normal,R2,False,False,True,True,,True
12 Harrabrook Avenue Five Dock,Five Dock,724.6,-33.872242,151.131109,True,6,normal,R2,False,False,True,True,,True
12 Henley Marine Drive Five Dock,Five Dock,878.4,-33.872577,151.134806,False,5,normal,R2,False,False,True,True,,True
12 James Street Five Dock,Five Dock,551.7,-33.863478,151.124458,True,6,normal,R2,False,False,True,True,,True
12 Mcgrath Avenue Five Dock,Five Dock,565.3,-33.863574,151.128246,True,6,normal,R2,False,False,True,True,,True
12 Minnesota Avenue Five Dock,Five Dock,454.5,-33.870191,151.134438,False,5,normal,R2,False,False,True,True,,True
12 Murralong Avenue Five Dock,Five Dock,526.5,-33.87139,151.131005,True,6,normal,R2,False,False,True,True,,True
12 New Jersey Road Five Dock,Five Dock,1008.7,-33.871877,151.135194,True,10,normal,R2,False,False,True,True,,True
12 Newcastle Street Five Dock,Five Dock,914.5,-33.865041,151.127491,False,5,normal,R2,False,False,True,True,,True
12 Norman Street Five Dock,Five Dock,603.6,-33.869423,151.136777,False,5,normal,R2,False,False,True,True,,True
12 Preston Avenue Five Dock,Five Dock,766.3,-33.863636,151.125436,True,7,normal,R2,False,False,True,True,,True
12 Queens Road Five Dock,Five Dock,499.8,-33.870229,151.128312,True,10,normal,R2,False,False,True,True,,True
12 Rodd Road Five Dock,Five Dock,998.3,-33.864558,151.132022,False,5,normal,R2,False,False,True,True,,True
12 Sutton Street Five Dock,Five Dock,910.0,-33.866846,151.132565,True,7,normal,R3,False,False,False,False,wrong_zone:R3,False
1 Bertram Street Mortlake,Mortlake,708.8,-33.844133,151.10761,True,6,normal,R1,False,False,False,False,wrong_zone:R1,False
1 Herbert Street Mortlake,Mortlake,543.6,-33.84607,151.10872,False,5,normal,R1,False,False,False,False,wrong_zone:R1,False
11 Herbert Street Mortlake,Mortlake,650.1,-33.845603,151.108728,True,6,normal,R1,False,False,False,False,wrong_zone:R1,False
11-15 Bertram Street Mortlake,Mortlake,1792.6,-33.843579,151.107427,True,15,normal,R1,False,False,False,False,wrong_zone:R1,False
128 Tennyson Road Mortlake,Mortlake,483.2,-33.839054,151.106401,True,9,normal,R1,False,False,False,False,wrong_zone:R1,False
16 Herbert Street Mortlake,Mortlake,511.6,-33.845742,151.108051,False,5,normal,R1,False,False,False,False,wrong_zone:R1,False
17-19 Hilly Street Mortlake,Mortlake,668.0,-33.839238,151.106192,True,8,normal,R1,False,False,False,False,wrong_zone:R1,False
18 Bertram Street Mortlake,Mortlake,660.3,-33.843465,151.106802,False,5,normal,R1,False,False,False,False,wrong_zone:R1,False
2 Emily Street Mortlake,Mortlake,1012.3,-33.845873,151.10893,True,7,normal,R1,False,False,False,False,wrong_zone:R1,False
2 Mcdonald Street Mortlake,Mortlake,482.4,-33.842681,151.106751,True,7,normal,R1,False,False,False,False,wrong_zone:R1,False
20 Bertram Street Mortlake,Mortlake,484.0,-33.843428,151.106695,True,6,normal,R1,False,False,False,False,wrong_zone:R1,False
20 Edwin Street Mortlake,Mortlake,477.8,-33.842186,151.106328,True,9,normal,R1,False,False,False,False,wrong_zone:R1,False
22 Bertram Street Mortlake,Mortlake,973.8,-33.843412,151.106581,True,6,normal,R1,False,False,False,False,wrong_zone:R1,False
24 Bertram Street Mortlake,Mortlake,973.8,-33.843412,151.106581,True,6,normal,R1,False,False,False,False,wrong_zone:R1,False
26 Bertram Street Mortlake,Mortlake,479.3,-33.843474,151.106394,False,5,normal,R1,False,False,False,False,wrong_zone:R1,False
28 Bertram Street Mortlake,Mortlake,492.3,-33.843395,151.106311,False,5,normal,R1,False,False,False,False,wrong_zone:R1,False
28I Hilly Street Mortlake,Mortlake,461.4,-33.838355,151.105054,True,8,normal,R1,False,False,False,False,wrong_zone:R1,False
3 Bertram Street Mortlake,Mortlake,709.3,-33.844031,151.107552,False,5,normal,R1,False,False,False,False,wrong_zone:R1,False
30 Tennyson Road Mortlake,Mortlake,873.1,-33.844165,151.108105,True,18,normal,R1,False,False,False,False,wrong_zone:R1,False
32 Tennyson Road Mortlake,Mortlake,873.1,-33.844165,151.108105,True,18,normal,R1,False,False,False,False,wrong_zone:R1,False
34 Bertram Street Mortlake,Mortlake,481.4,-33.843418,151.106002,False,5,normal,R1,False,False,False,False,wrong_zone:R1,False
38 Tennyson Road Mortlake,Mortlake,1654.8,-33.843784,151.107799,True,10,normal,R1,False,False,False,False,wrong_zone:R1,False
4 Emily Street Mortlake,Mortlake,736.2,-33.845699,151.108878,True,6,normal,R1,False,False,False,False,wrong_zone:R1,False
4 Mcdonald Street Mortlake,Mortlake,535.0,-33.842645,151.106547,False,5,normal,R1,False,False,False,False,wrong_zone:R1,False
42 Bertram Street Mortlake,Mortlake,485.7,-33.843327,151.105604,True,7,normal,R1,False,False,False,False,wrong_zone:R1,False
42 Edwin Street Mortlake,Mortlake,914.2,-33.842232,151.1052,True,7,normal,R1,False,False,False,False,wrong_zone:R1,False
42 Tennyson Road Mortlake,Mortlake,522.0,-33.843484,151.107832,False,5,normal,R1,False,False,False,False,wrong_zone:R1,False
44 Edwin Street Mortlake,Mortlake,874.7,-33.842223,151.105091,True,7,normal,R1,False,False,False,False,wrong_zone:R1,False
46 Edwin Street Mortlake,Mortlake,901.0,-33.842188,151.105004,True,7,normal,R1,False,False,False,False,wrong_zone:R1,False
47 Bertram Street Mortlake,Mortlake,453.7,-33.842876,151.106197,False,5,normal,R1,False,False,False,False,wrong_zone:R1,False
49 Bertram Street Mortlake,Mortlake,455.2,-33.842862,151.106099,False,5,normal,R1,False,False,False,False,wrong_zone:R1,False
53 Hilly Street Mortlake,Mortlake,451.7,-33.836529,151.105181,True,18,normal,R1,False,False,False,False,wrong_zone:R1,False
57 Bertram Street Mortlake,Mortlake,456.6,-33.842807,151.105711,False,5,normal,R1,False,False,False,False,wrong_zone:R1,False
61 Bertram Street Mortlake,Mortlake,456.0,-33.84278,151.105515,False,5,normal,R1,False,False,False,False,wrong_zone:R1,False
67 Hilly Street Mortlake,Mortlake,536.3,-33.835902,151.105333,True,8,normal,R1,False,False,False,False,wrong_zone:R1,False
69 Hilly Street Mortlake,Mortlake,488.9,-33.835779,151.105271,True,9,normal,R1,False,False,False,False,wrong_zone:R1,False
78 Tennyson Road Mortlake,Mortlake,792.1,-33.841485,151.10722,True,6,normal,R1,False,False,False,False,wrong_zone:R1,False
82 Tennyson Road Mortlake,Mortlake,1945.2,-33.841279,151.106879,True,7,normal,R1,False,False,False,False,wrong_zone:R1,False
84 Tennyson Road Mortlake,Mortlake,1945.2,-33.841279,151.106879,True,7,normal,R1,False,False,False,False,wrong_zone:R1,False
9 Tennyson Road Mortlake,Mortlake,498.7,-33.845077,151.10766,False,5,normal,R1,False,False,False,False,wrong_zone:R1,False
1 Averill Street Rhodes,Rhodes,1698.7,-33.825507,151.091815,True,7,normal,R4,False,False,False,False,wrong_zone:R4,False
10 Cavell Avenue Rhodes,Rhodes,1016.9,-33.825554,151.089498,False,5,normal,R4,False,False,False,False,wrong_zone:R4,False
101A Llewellyn Street Rhodes,Rhodes,918.0,-33.8248,151.093918,True,15,normal,R2,False,False,True,True,,True
10A Cavell Avenue Rhodes,Rhodes,1016.9,-33.825554,151.089498,False,5,normal,R4,False,False,False,False,wrong_zone:R4,False
11 Averill Street Rhodes,Rhodes,1896.9,-33.825209,151.090189,True,7,normal,R4,False,False,False,False,wrong_zone:R4,False
12 Llewellyn Street Rhodes,Rhodes,934.1,-33.82838,151.090834,True,6,normal,R3,False,False,False,False,wrong_zone:R3,False
13 Cropley Street Rhodes,Rhodes,1119.7,-33.827949,151.09125,True,6,normal,R3,False,False,False,False,wrong_zone:R3,False
14 Cavell Avenue Rhodes,Rhodes,1785.0,-33.825208,151.089348,True,7,normal,R4,False,False,False,False,wrong_zone:R4,False
14 Llewellyn Street Rhodes,Rhodes,1019.5,-33.828396,151.091004,False,5,normal,R3,False,False,False,False,wrong_zone:R3,False
15 Cavell Avenue Rhodes,Rhodes,606.7,-33.827288,151.089848,True,7,normal,R4,False,False,False,False,wrong_zone:R4,False
16 Cavell Avenue Rhodes,Rhodes,1409.0,-33.825036,151.089475,True,6,normal,R4,False,False,False,False,wrong_zone:R4,False
16 Walker Street Rhodes,Rhodes,1039.8,-33.830123,151.086503,False,5,normal,MU1,False,False,False,False,wrong_zone:MU1,False
18 Cavell Avenue Rhodes,Rhodes,791.6,-33.824929,151.089524,True,6,normal,R4,False,False,False,False,wrong_zone:R4,False
19 Leeds Street Rhodes,Rhodes,1725.6,-33.824062,151.09036,True,6,normal,MU1,False,False,False,False,wrong_zone:MU1,False
20 Llewellyn Street Rhodes,Rhodes,1022.8,-33.828296,151.091484,False,5,normal,R3,False,False,False,False,wrong_zone:R3,False
21 Llewellyn Street Rhodes,Rhodes,963.9,-33.828909,151.090322,False,5,normal,R3,False,False,False,False,wrong_zone:R3,False
23 Cavell Avenue Rhodes,Rhodes,1009.6,-33.826763,151.090007,False,5,normal,R4,False,False,False,False,wrong_zone:R4,False
23 Cropley Street Rhodes,Rhodes,1097.1,-33.827244,151.091526,False,5,normal,R2,False,False,True,True,,True
25 Blaxland Road Rhodes,Rhodes,1568.2,-33.83011,151.087916,True,7,normal,MU1,False,False,False,False,wrong_zone:MU1,False
25 Cavell Avenue Rhodes,Rhodes,977.6,-33.826569,151.089848,True,17,normal,R4,False,False,False,False,wrong_zone:R4,False
25 Cropley Street Rhodes,Rhodes,1112.6,-33.827101,151.091572,False,5,normal,R2,False,False,True,True,,True
26B Llewellyn Street Rhodes,Rhodes,534.7,-33.82827,151.092058,False,5,normal,R3,False,False,False,False,wrong_zone:R3,False
27 Cavell Avenue Rhodes,Rhodes,1024.0,-33.826331,151.089924,True,12,normal,R4,False,False,False,False,wrong_zone:R4,False
27 Cropley Street Rhodes,Rhodes,1031.5,-33.826963,151.091616,False,5,normal,R2,False,False,True,True,,True
28 Cavell Avenue Rhodes,Rhodes,1169.5,-33.824474,151.08982,True,20,normal,R4,False,False,False,False,wrong_zone:R4,False
28 Llewellyn Street Rhodes,Rhodes,1046.3,-33.828094,151.092071,True,6,normal,R3,False,False,False,False,wrong_zone:R3,False
29 Cavell Avenue Rhodes,Rhodes,1007.5,-33.826181,151.090118,False,5,normal,R4,False,False,False,False,wrong_zone:R4,False
2B Cavell Avenue Rhodes,Rhodes,740.1,-33.827623,151.089149,True,7,normal,R4,False,False,False,False,wrong_zone:R4,False
3 Cropley Street Rhodes,Rhodes,1159.1,-33.827907,151.090261,False,5,normal,R3,False,False,False,False,wrong_zone:R3,False
3 Denham Street Rhodes,Rhodes,1163.0,-33.826217,151.090608,True,6,normal,R4,False,False,False,False,wrong_zone:R4,False
31 Blaxland Road Rhodes,Rhodes,642.3,-33.829568,151.087928,False,5,normal,MU1,False,False,False,False,wrong_zone:MU1,False
31 Cavell Avenue Rhodes,Rhodes,1020.3,-33.826046,151.090145,False,5,normal,R4,False,False,False,False,wrong_zone:R4,False
33 Cavell Avenue Rhodes,Rhodes,999.3,-33.825909,151.090172,False,5,normal,R4,False,False,False,False,wrong_zone:R4,False
33 Llewellyn Street Rhodes,Rhodes,1134.6,-33.82897,151.091481,True,10,normal,R3,False,False,False,False,wrong_zone:R3,False
34 Llewellyn Street Rhodes,Rhodes,1183.5,-33.827685,151.091894,True,7,normal,R3,False,False,False,False,wrong_zone:R3,False
35 Llewellyn Street Rhodes,Rhodes,1097.3,-33.828924,151.091676,True,10,normal,R3,False,False,False,False,wrong_zone:R3,False
37 Cavell Avenue Rhodes,Rhodes,1005.4,-33.825573,151.090023,True,15,normal,R4,False,False,False,False,wrong_zone:R4,False
38 Llewellyn Street Rhodes,Rhodes,1030.8,-33.827359,151.092001,False,5,normal,R2,False,False,True,True,,True
39 Llewellyn Street Rhodes,Rhodes,1029.8,-33.828809,151.09205,True,8,normal,R3,False,False,False,False,wrong_zone:R3,False
4 Averill Street Rhodes,Rhodes,719.5,-33.825898,151.091038,False,5,normal,R4,False,False,False,False,wrong_zone:R4,False
4 Cavell Avenue Rhodes,Rhodes,1188.6,-33.826099,151.089392,False,5,normal,R4,False,False,False,False,wrong_zone:R4,False
41 Llewellyn Street Rhodes,Rhodes,783.7,-33.82878,151.09224,True,8,normal,R3,False,False,False,False,wrong_zone:R3,False
42 Llewellyn Street Rhodes,Rhodes,1013.4,-33.827095,151.092086,False,5,normal,R2,False,False,True,True,,True
424 Concord Road Rhodes,Rhodes,717.4,-33.830697,151.087753,True,6,normal,MU1,False,False,False,False,wrong_zone:MU1,False
43 Blaxland Road Rhodes,Rhodes,795.2,-33.828521,151.088151,False,5,normal,R4,False,False,False,False,wrong_zone:R4,False
43B Blaxland Road Rhodes,Rhodes,795.2,-33.828521,151.088151,False,5,normal,R4,False,False,False,False,wrong_zone:R4,False
44 Llewellyn Street Rhodes,Rhodes,1429.2,-33.826946,151.092136,True,7,normal,R2,False,False,True,True,,True
448 Concord Road Rhodes,Rhodes,456.2,-33.828666,151.088747,True,6,normal,R4,False,False,False,False,wrong_zone:R4,False
45 Blaxland Road Rhodes,Rhodes,1003.7,-33.828416,151.088326,True,6,normal,R4,False,False,False,False,wrong_zone:R4,False
45 Llewellyn Street Rhodes,Rhodes,1251.0,-33.828634,151.092706,True,10,normal,R3,False,False,False,False,wrong_zone:R3,False
450 Concord Road Rhodes,Rhodes,1057.2,-33.828434,151.088777,True,6,normal,R4,False,False,False,False,wrong_zone:R4,False
454 Concord Road Rhodes,Rhodes,590.0,-33.82814,151.089009,False,5,normal,R4,False,False,False,False,wrong_zone:R4,False
458 Concord Road Rhodes,Rhodes,1023.4,-33.827863,151.088981,True,6,normal,R4,False,False,False,False,wrong_zone:R4,False
45A Blaxland Road Rhodes,Rhodes,960.7,-33.828311,151.088393,True,6,normal,R4,False,False,False,False,wrong_zone:R4,False
46 Llewellyn Street Rhodes,Rhodes,1025.3,-33.826812,151.092251,False,5,normal,R2,False,False,True,True,,True
467 Concord Road Rhodes,Rhodes,1114.9,-33.828504,151.089459,True,20,normal,R3,False,False,False,False,wrong_zone:R3,False
47 Llewellyn Street Rhodes,Rhodes,1227.8,-33.828447,151.092769,True,16,normal,R3,False,False,False,False,wrong_zone:R3,False
48 Llewellyn Street Rhodes,Rhodes,1020.0,-33.826629,151.092223,True,7,normal,R2,False,False,True,True,,True
482 Concord Road Rhodes,Rhodes,708.5,-33.825978,151.091405,False,5,normal,R4,False,False,False,False,wrong_zone:R4,False
485A Concord Road Rhodes,Rhodes,576.9,-33.826831,151.091605,True,9,normal,R2,False,False,True,True,,True
489 Concord Road Rhodes,Rhodes,1020.0,-33.826572,151.091712,True,7,normal,R2,False,False,True,True,,True
49 Blaxland Road Rhodes,Rhodes,1436.7,-33.828035,151.088411,False,5,normal,R4,False,False,False,False,wrong_zone:R4,False
49 Llewellyn Street Rhodes,Rhodes,1613.2,-33.828322,151.092897,True,20,normal,R3,False,False,False,False,wrong_zone:R3,False
491 Concord Road Rhodes,Rhodes,988.2,-33.826508,151.091896,True,7,normal,R2,False,False,True,True,,True
495 Concord Road Rhodes,Rhodes,998.4,-33.826263,151.09211,False,5,normal,R2,False,False,True,True,,True
499 Concord Road Rhodes,Rhodes,958.6,-33.82603,151.092284,False,5,normal,R2,False,False,True,True,,True
501 Concord Road Rhodes,Rhodes,904.9,-33.825912,151.092366,False,5,normal,R2,False,False,True,True,,True
51 Blaxland Road Rhodes,Rhodes,686.3,-33.827833,151.088294,False,5,normal,R4,False,False,False,False,wrong_zone:R4,False
51 Llewellyn Street Rhodes,Rhodes,458.7,-33.82819,151.092858,True,50,normal,R3,False,False,False,False,wrong_zone:R3,False
51A Llewellyn Street Rhodes,Rhodes,1161.7,-33.828199,151.092947,True,56,normal,R3,False,False,False,False,wrong_zone:R3,False
53 Blaxland Road Rhodes,Rhodes,924.4,-33.827762,151.088497,True,7,normal,R4,False,False,False,False,wrong_zone:R4,False
53 Llewellyn Street Rhodes,Rhodes,1663.0,-33.827999,151.093036,True,16,normal,R2,False,False,True,True,,True
53A Blaxland Road Rhodes,Rhodes,1013.7,-33.827627,151.088536,True,6,normal,R4,False,False,False,False,wrong_zone:R4,False
55 Blaxland Road Rhodes,Rhodes,987.1,-33.827505,151.088522,False,5,normal,R4,False,False,False,False,wrong_zone:R4,False
55 Llewellyn Street Rhodes,Rhodes,1543.3,-33.827822,151.093014,True,8,normal,R2,False,False,True,True,,True
57 Blaxland Road Rhodes,Rhodes,1480.2,-33.827359,151.088552,False,5,normal,R4,False,False,False,False,wrong_zone:R4,False
57 Llewellyn Street Rhodes,Rhodes,1525.9,-33.827704,151.092939,True,8,normal,R2,False,False,True,True,,True
59 Blaxland Road Rhodes,Rhodes,1471.1,-33.827189,151.088587,False,5,normal,R4,False,False,False,False,wrong_zone:R4,False
6 Cropley Street Rhodes,Rhodes,992.0,-33.827498,151.090741,True,6,normal,R3,False,False,False,False,wrong_zone:R3,False
61 Llewellyn Street Rhodes,Rhodes,1331.3,-33.827433,151.092862,True,7,normal,R2,False,False,True,True,,True
65 Blaxland Road Rhodes,Rhodes,979.9,-33.826548,151.088703,True,7,normal,R4,False,False,False,False,wrong_zone:R4,False
69 Llewellyn Street Rhodes,Rhodes,1213.7,-33.827,151.093141,True,8,normal,R2,False,False,True,True,,True
71 Blaxland Road Rhodes,Rhodes,1490.4,-33.826171,151.088799,False,5,normal,R4,False,False,False,False,wrong_zone:R4,False
73 Blaxland Road Rhodes,Rhodes,1473.0,-33.826007,151.088872,True,6,normal,R4,False,False,False,False,wrong_zone:R4,False
73 Llewellyn Street Rhodes,Rhodes,1257.0,-33.826701,151.093223,True,12,normal,R2,False,False,True,True,,True
75 Blaxland Road Rhodes,Rhodes,1501.9,-33.825833,151.088906,True,6,normal,R4,False,False,False,False,wrong_zone:R4,False
77 Blaxland Road Rhodes,Rhodes,1463.5,-33.825664,151.088901,False,5,normal,R4,False,False,False,False,wrong_zone:R4,False
79 Blaxland Road Rhodes,Rhodes,1467.0,-33.82551,151.088972,True,6,normal,R4,False,False,False,False,wrong_zone:R4,False
8 Averill Street Rhodes,Rhodes,1180.2,-33.825875,151.090677,True,6,normal,R4,False,False,False,False,wrong_zone:R4,False
8 Cropley Street Rhodes,Rhodes,1021.1,-33.827348,151.090721,True,8,normal,R3,False,False,False,False,wrong_zone:R3,False
81 Llewellyn Street Rhodes,Rhodes,1228.9,-33.826293,151.093651,True,14,normal,R2,False,False,True,True,,True
83 Blaxland Road Rhodes,Rhodes,1135.4,-33.825153,151.088958,True,7,normal,R4,False,False,False,False,wrong_zone:R4,False
85 Llewellyn Street Rhodes,Rhodes,996.4,-33.826027,151.093793,True,8,normal,R2,False,False,True,True,,True
87 Blaxland Road Rhodes,Rhodes,1074.6,-33.824812,151.088997,False,5,normal,R4,False,False,False,False,wrong_zone:R4,False
89 Blaxland Road Rhodes,Rhodes,1289.2,-33.82462,151.089028,True,6,normal,R4,False,False,False,False,wrong_zone:R4,False
93 Llewellyn Street Rhodes,Rhodes,1274.1,-33.825452,151.09402,True,21,normal,R2,False,False,True,True,,True
95 Llewellyn Street Rhodes,Rhodes,1344.4,-33.825337,151.093969,True,18,normal,R2,False,False,True,True,,True
97 Llewellyn Street Rhodes,Rhodes,1480.6,-33.825178,151.093978,True,13,normal,R2,False,False,True,True,,True
1 Alice Avenue Russell Lea,Russell Lea,557.5,-33.860019,151.13959,True,8,normal,R2,False,False,True,True,,True
1 Atkins Avenue Russell Lea,Russell Lea,534.8,-33.856207,151.142935,True,6,normal,R2,False,False,True,True,,True
1 Bouvardia Street Russell Lea,Russell Lea,536.0,-33.856438,151.140776,True,7,normal,R2,False,False,True,True,,True
1 Byrne Avenue Russell Lea,Russell Lea,728.1,-33.856722,151.145182,True,8,normal,E1,False,False,False,False,wrong_zone:E1,False
1 Clare Crescent Russell Lea,Russell Lea,711.7,-33.860591,151.138144,True,7,normal,R2,False,False,True,True,,True
1 Dalmeny Avenue Russell Lea,Russell Lea,736.7,-33.863268,151.139284,True,7,normal,R2,False,False,True,True,,True
1 Lamrock Avenue Russell Lea,Russell Lea,467.5,-33.863139,151.139733,True,7,normal,R2,False,False,True,True,,True
1 Lucas Avenue Russell Lea,Russell Lea,793.2,-33.858438,151.137138,True,9,normal,R2,False,False,True,True,,True
1 Mcculloch Street Russell Lea,Russell Lea,550.5,-33.863206,151.14125,True,7,normal,R2,False,False,True,True,,True
1 Potter Street Russell Lea,Russell Lea,589.4,-33.860705,151.142609,True,6,normal,R2,False,False,True,True,,True
1 Reims Street Russell Lea,Russell Lea,771.5,-33.858323,151.142208,True,8,normal,R2,False,False,True,True,,True
1 Robert Avenue Russell Lea,Russell Lea,549.8,-33.863397,151.140438,True,7,normal,R2,False,False,True,True,,True
1 Russell Street Russell Lea,Russell Lea,834.5,-33.859869,151.141108,True,8,normal,R2,False,False,True,True,,True
1 Tait Street Russell Lea,Russell Lea,842.9,-33.857333,151.143919,True,10,normal,R2,False,False,True,True,,True
1 The Crescent Russell Lea,Russell Lea,489.3,-33.861888,151.141481,True,15,normal,R2,False,False,True,True,,True
10 Dalmeny Avenue Russell Lea,Russell Lea,473.9,-33.862367,151.139373,True,6,normal,R2,False,False,True,True,,True
10 Hampden Road Russell Lea,Russell Lea,818.4,-33.856672,151.144387,False,5,normal,R2,False,False,True,True,,True
10 Lamrock Avenue Russell Lea,Russell Lea,520.7,-33.862828,151.140275,True,6,normal,R2,False,False,True,True,,True
10 Lea Avenue Russell Lea,Russell Lea,735.4,-33.860926,151.136138,False,5,normal,R2,False,False,True,True,,True
10 Lenore Street Russell Lea,Russell Lea,978.7,-33.858314,151.14516,False,5,normal,R2,False,False,True,True,,True
10 Liege Street Russell Lea,Russell Lea,604.2,-33.856828,151.14258,False,5,normal,R2,False,False,True,True,,True
10 Mcculloch Street Russell Lea,Russell Lea,484.3,-33.862671,151.141859,True,6,normal,R2,False,False,True,True,,True
10 Mons Street Russell Lea,Russell Lea,559.7,-33.858669,151.141916,True,6,normal,R2,False,False,True,True,,True
10 Pine Avenue Russell Lea,Russell Lea,1038.6,-33.860872,151.134889,False,5,normal,R2,False,False,True,True,,True
10 Rowley Road Russell Lea,Russell Lea,793.7,-33.857016,151.137864,False,5,normal,R2,False,False,True,True,,True
10 Russell Street Russell Lea,Russell Lea,1005.0,-33.859223,151.141198,True,6,normal,R2,False,False,True,True,,True
10 Undine Street Russell Lea,Russell Lea,881.2,-33.859301,151.145466,True,6,normal,R2,False,False,True,True,,True
10 Warwillah Road Russell Lea,Russell Lea,799.8,-33.857811,151.136816,True,8,normal,R2,False,False,True,True,,True
100 Clements Street Russell Lea,Russell Lea,618.1,-33.861198,151.144297,True,7,normal,R2,False,False,True,True,,True
102 Hampden Road Russell Lea,Russell Lea,1268.1,-33.854682,151.138005,True,10,normal,R3,False,False,False,False,wrong_zone:R3,False
103A Henley Marine Drive Russell Lea,Russell Lea,513.9,-33.861896,151.146126,True,8,normal,R2,False,False,True,True,,True
104 Henley Marine Drive Russell Lea,Russell Lea,463.6,-33.862085,151.146551,False,5,normal,R2,False,False,True,True,,True
109 Hampden Road Russell Lea,Russell Lea,475.5,-33.855327,151.137898,True,6,normal,R2,False,False,True,True,,True
11 Boronia Avenue Russell Lea,Russell Lea,466.6,-33.858879,151.140155,True,7,normal,R2,False,False,True,True,,True
11 Brent Street Russell Lea,Russell Lea,767.5,-33.861018,151.143502,False,5,normal,R2,False,False,True,True,,True
11 Clements Street Russell Lea,Russell Lea,748.1,-33.861245,151.147835,True,10,normal,R2,False,False,True,True,,True
11 Dalmeny Avenue Russell Lea,Russell Lea,476.5,-33.86277,151.138985,False,5,normal,R2,False,False,True,True,,True
11 Hampden Road Russell Lea,Russell Lea,601.5,-33.857266,151.144241,True,6,normal,R2,False,False,True,True,,True
11 Janet Street Russell Lea,Russell Lea,648.7,-33.860047,151.147654,False,5,normal,R2,False,False,True,True,,True
11 Lenore Street Russell Lea,Russell Lea,748.9,-33.859132,151.145139,True,6,normal,R2,False,False,True,True,,True
11 Mons Street Russell Lea,Russell Lea,525.4,-33.859006,151.141474,True,6,normal,R2,False,False,True,True,,True
11 Mooculta Street Russell Lea,Russell Lea,1002.0,-33.860126,151.13546,False,5,normal,R2,False,False,True,True,,True
11 Murray Street Russell Lea,Russell Lea,459.4,-33.858244,151.138767,False,5,normal,R2,False,False,True,True,,True
11 Potter Street Russell Lea,Russell Lea,538.8,-33.86102,151.142213,False,5,normal,R2,False,False,True,True,,True
11 Robert Avenue Russell Lea,Russell Lea,576.2,-33.862803,151.140544,True,6,normal,R2,False,False,True,True,,True
11 Russell Street Russell Lea,Russell Lea,822.6,-33.859776,151.140422,True,6,normal,R2,False,False,True,True,,True
11 Seabrook Avenue Russell Lea,Russell Lea,648.4,-33.86228,151.144054,False,5,normal,R2,False,False,True,True,,True
11 Sibbick Street Russell Lea,Russell Lea,683.6,-33.860656,151.13768,True,7,normal,R2,False,False,True,True,,True
11 Tait Street Russell Lea,Russell Lea,751.8,-33.857764,151.143478,True,7,normal,R2,False,False,True,True,,True
11 Undine Street Russell Lea,Russell Lea,651.2,-33.859708,151.14593,False,5,normal,R2,False,False,True,True,,True
111 Hampden Road Russell Lea,Russell Lea,450.7,-33.855257,151.13779,False,5,normal,R2,False,False,True,True,,True
115 Hampden Road Russell Lea,Russell Lea,455.6,-33.855249,151.137562,True,6,normal,R2,False,False,True,True,,True
117 Hampden Road Russell Lea,Russell Lea,534.7,-33.855201,151.137458,False,5,normal,R2,False,False,True,True,,True
12 Alice Avenue Russell Lea,Russell Lea,701.4,-33.8602,151.140477,True,10,normal,R2,False,False,True,True,,True
12 Atkins Avenue Russell Lea,Russell Lea,812.5,-33.856162,151.143698,True,11,normal,R2,False,False,True,True,,True
12 Boronia Avenue Russell Lea,Russell Lea,464.3,-33.858814,151.139703,True,7,normal,R2,False,False,True,True,,True
12 Clare Crescent Russell Lea,Russell Lea,561.2,-33.860819,151.138937,True,6,normal,R2,False,False,True,True,,True
12 Dalmeny Avenue Russell Lea,Russell Lea,457.6,-33.862279,151.139306,False,5,normal,R2,False,False,True,True,,True
12 Hampden Road Russell Lea,Russell Lea,858.0,-33.856617,151.144272,False,5,normal,R2,False,False,True,True,,True
12 Lamrock Avenue Russell Lea,Russell Lea,521.9,-33.862722,151.140296,True,6,normal,R2,False,False,True,True,,True
12 Mooculta Street Russell Lea,Russell Lea,848.9,-33.860055,151.13618,False,5,normal,R2,False,False,True,True,,True
12 Myalora Street Russell Lea,Russell Lea,1013.8,-33.860005,151.137425,True,6,normal,R2,False,False,True,True,,True
12 Robert Avenue Russell Lea,Russell Lea,562.2,-33.862633,151.141104,True,6,normal,R2,False,False,True,True,,True
12 Sibbick Street Russell Lea,Russell Lea,930.7,-33.858507,151.138841,True,8,normal,R2,False,False,True,True,,True
12 Speed Avenue Russell Lea,Russell Lea,479.3,-33.862368,151.142658,False,5,normal,R2,False,False,True,True,,True
12 Undine Street Russell Lea,Russell Lea,873.5,-33.859386,151.14534,True,6,normal,R2,False,False,True,True,,True
12 Warwillah Road Russell Lea,Russell Lea,846.1,-33.857648,151.136902,True,9,normal,R2,False,False,True,True,,True
121 Hampden Road Russell Lea,Russell Lea,522.4,-33.855162,151.137176,False,5,normal,R2,False,False,True,True,,True
13 Byrne Avenue Russell Lea,Russell Lea,512.0,-33.856236,151.144475,True,6,normal,R2,False,False,True,True,,True
13 Clare Crescent Russell Lea,Russell Lea,725.8,-33.860281,151.139087,True,6,normal,R2,False,False,True,True,,True
13 Clements Street Russell Lea,Russell Lea,1188.1,-33.861401,151.147659,True,9,normal,R2,False,False,True,True,,True
13 Dalmeny Avenue Russell Lea,Russell Lea,473.1,-33.862668,151.138936,False,5,normal,R2,False,False,True,True,,True
13 Janet Street Russell Lea,Russell Lea,659.9,-33.859961,151.147571,False,5,normal,R2,False,False,True,True,,True
13 Lamrock Avenue Russell Lea,Russell Lea,479.1,-33.862479,151.139686,True,6,normal,R2,False,False,True,True,,True
13 Lea Avenue Russell Lea,Russell Lea,872.5,-33.861375,151.136606,True,6,normal,R2,False,False,True,True,,True
13 Lenore Street Russell Lea,Russell Lea,742.4,-33.8592,151.145043,True,6,normal,R2,False,False,True,True,,True
13 Mcculloch Street Russell Lea,Russell Lea,531.6,-33.86245,151.141384,True,6,normal,R2,False,False,True,True,,True
13 Potter Street Russell Lea,Russell Lea,528.4,-33.861079,151.142127,False,5,normal,R2,False,False,True,True,,True
13 Russell Street Russell Lea,Russell Lea,829.4,-33.859796,151.140279,False,5,normal,R2,False,False,True,True,,True
13 Sibbick Street Russell Lea,Russell Lea,602.7,-33.860521,151.137725,True,6,normal,R2,False,False,True,True,,True
13 Speed Avenue Russell Lea,Russell Lea,480.8,-33.862356,151.142176,True,6,normal,R2,False,False,True,True,,True
13 Undine Street Russell Lea,Russell Lea,643.5,-33.859776,151.145828,False,5,normal,R2,False,False,True,True,,True
14 Bay Road Russell Lea,Russell Lea,1052.0,-33.853983,151.142099,True,9,normal,R2,False,False,True,True,,True
14 Clare Crescent Russell Lea,Russell Lea,560.8,-33.860777,151.139065,True,6,normal,R2,False,False,True,True,,True
14 Hampden Road Russell Lea,Russell Lea,838.8,-33.856563,151.144157,False,5,normal,R2,False,False,True,True,,True
14 Lamrock Avenue Russell Lea,Russell Lea,603.4,-33.862603,151.140306,True,6,normal,R2,False,False,True,True,,True
14 Lea Avenue Russell Lea,Russell Lea,998.8,-33.860975,151.135848,False,5,normal,R2,False,False,True,True,,True
14 Lucas Avenue Russell Lea,Russell Lea,485.7,-33.85791,151.137887,True,6,normal,R2,False,False,True,True,,True
14 Mcculloch Street Russell Lea,Russell Lea,485.6,-33.86246,151.1419,True,6,normal,R2,False,False,True,True,,True
14 Myalora Street Russell Lea,Russell Lea,1008.4,-33.859881,151.137438,True,6,normal,R2,False,False,True,True,,True
14 Potter Street Russell Lea,Russell Lea,458.3,-33.860702,151.141765,False,5,normal,R2,False,False,True,True,,True
14 Robert Avenue Russell Lea,Russell Lea,553.1,-33.862508,151.141129,True,6,normal,R2,False,False,True,True,,True
14 Russell Street Russell Lea,Russell Lea,1010.1,-33.859176,151.140897,True,6,normal,R2,False,False,True,True,,True
14 Seabrook Avenue Russell Lea,Russell Lea,879.1,-33.861927,151.143512,False,5,normal,R2,False,False,True,True,,True
14 Speed Avenue Russell Lea,Russell Lea,479.4,-33.862274,151.142697,True,6,normal,R2,False,False,True,True,,True
15 Atkins Avenue Russell Lea,Russell Lea,730.7,-33.855385,151.14343,True,16,normal,R2,False,False,True,True,,True
15 Clare Crescent Russell Lea,Russell Lea,596.0,-33.860233,151.139258,True,7,normal,R2,False,False,True,True,,True
15 Janet Street Russell Lea,Russell Lea,647.6,-33.859915,151.147426,False,5,normal,R2,False,False,True,True,,True
15 Lea Avenue Russell Lea,Russell Lea,858.2,-33.861416,151.136462,False,5,normal,R2,False,False,True,True,,True
15 Mcculloch Street Russell Lea,Russell Lea,556.4,-33.862324,151.14141,True,6,normal,R2,False,False,True,True,,True
1 Coranto Street Wareemba,Wareemba,1061.6,-33.857513,151.134944,True,7,normal,R2,False,False,True,True,,True
1 Kirrang Street Wareemba,Wareemba,556.3,-33.859262,151.134009,True,7,normal,R2,False,False,True,True,,True
1 Wareemba Street Wareemba,Wareemba,581.1,-33.854986,151.136374,True,6,normal,R2,False,False,True,True,,True
10 Coralie Street Wareemba,Wareemba,495.1,-33.8556,151.132226,False,5,normal,R3,False,False,False,False,wrong_zone:R3,False
10 Gartfern Avenue Wareemba,Wareemba,524.5,-33.859661,151.133117,True,6,normal,R2,False,False,True,True,,True
10 Reginald Street Wareemba,Wareemba,539.1,-33.857748,151.129856,True,7,normal,R2,False,False,True,True,,True
100 Edenholme Road Wareemba,Wareemba,584.5,-33.855908,151.134277,False,5,normal,R3,False,False,False,False,wrong_zone:R3,False
101 Edenholme Road Wareemba,Wareemba,472.2,-33.856818,151.132541,False,5,normal,R2,False,False,True,True,,True
102 Edenholme Road Wareemba,Wareemba,1534.9,-33.855949,151.134127,True,9,normal,R3,False,False,False,False,wrong_zone:R3,False
103 Edenholme Road Wareemba,Wareemba,798.5,-33.856858,151.132426,True,6,normal,R2,False,False,True,True,,True
105 Edenholme Road Wareemba,Wareemba,746.3,-33.856874,151.132084,False,5,normal,R3,False,False,False,False,wrong_zone:R3,False
107 Edenholme Road Wareemba,Wareemba,885.7,-33.856918,151.131942,True,6,normal,R3,False,False,False,False,wrong_zone:R3,False
108 Edenholme Road Wareemba,Wareemba,918.5,-33.856026,151.133761,True,6,normal,R3,False,False,False,False,wrong_zone:R3,False
11 Cecil Street Wareemba,Wareemba,1014.7,-33.859408,151.129892,True,6,normal,R2,False,False,True,True,,True
11 Irene Street Wareemba,Wareemba,983.9,-33.8574,151.129463,False,5,normal,R2,False,False,True,True,,True
11 Kirrang Street Wareemba,Wareemba,650.2,-33.859405,151.133335,True,6,normal,R2,False,False,True,True,,True
11 Reginald Street Wareemba,Wareemba,514.8,-33.858335,151.129521,False,5,normal,R2,False,False,True,True,,True
11 Wareemba Street Wareemba,Wareemba,624.8,-33.855886,151.136242,True,6,normal,R2,False,False,True,True,,True
111 Edenholme Road Wareemba,Wareemba,465.4,-33.856852,151.131713,False,5,normal,R3,False,False,False,False,wrong_zone:R3,False
112 Edenholme Road Wareemba,Wareemba,1995.2,-33.856085,151.133371,True,8,normal,R3,False,False,False,False,wrong_zone:R3,False
113 Edenholme Road Wareemba,Wareemba,451.9,-33.856864,151.131629,False,5,normal,R3,False,False,False,False,wrong_zone:R3,False
116 Edenholme Road Wareemba,Wareemba,1894.1,-33.856115,151.133019,True,9,normal,R3,False,False,False,False,wrong_zone:R3,False
117 Edenholme Road Wareemba,Wareemba,460.3,-33.856887,151.131465,False,5,normal,R3,False,False,False,False,wrong_zone:R3,False
12 Cecil Street Wareemba,Wareemba,1016.4,-33.858688,151.129736,True,6,normal,R2,False,False,True,True,,True
12 Coralie Street Wareemba,Wareemba,539.3,-33.855499,151.132191,False,5,normal,R3,False,False,False,False,wrong_zone:R3,False
12 Coranto Street Wareemba,Wareemba,740.4,-33.856967,151.134191,True,6,normal,R2,False,False,True,True,,True
12 Reginald Street Wareemba,Wareemba,547.0,-33.857757,151.129769,True,7,normal,R2,False,False,True,True,,True
13 Cecil Street Wareemba,Wareemba,1014.7,-33.859408,151.129892,True,6,normal,R2,False,False,True,True,,True
13 Gartfern Avenue Wareemba,Wareemba,534.0,-33.860102,151.132882,False,5,normal,R2,False,False,True,True,,True
13 Irene Street Wareemba,Wareemba,1022.2,-33.85745,151.129339,True,6,normal,R2,False,False,True,True,,True
130 Edenholme Road Wareemba,Wareemba,527.3,-33.856272,151.131853,False,5,normal,R3,False,False,False,False,wrong_zone:R3,False
136 Edenholme Road Wareemba,Wareemba,846.5,-33.856409,151.131462,False,5,normal,R3,False,False,False,False,wrong_zone:R3,False
139 Hampden Road Wareemba,Wareemba,794.1,-33.855035,151.135477,True,7,normal,R2,False,False,True,True,,True
14 Cecil Street Wareemba,Wareemba,1004.4,-33.858699,151.12956,True,7,normal,R2,False,False,True,True,,True
14 Kirrang Street Wareemba,Wareemba,730.9,-33.858895,151.133194,False,5,normal,R2,False,False,True,True,,True
145-147 Hampden Road Wareemba,Wareemba,1712.6,-33.855389,151.135129,True,6,normal,R3,False,False,False,False,wrong_zone:R3,False
15 Coranto Street Wareemba,Wareemba,492.5,-33.857621,151.133976,False,5,normal,R2,False,False,True,True,,True
15 Wareemba Street Wareemba,Wareemba,624.5,-33.856103,151.136172,False,5,normal,R2,False,False,True,True,,True
153 Hampden Road Wareemba,Wareemba,680.3,-33.855239,151.13475,False,5,normal,R3,False,False,False,False,wrong_zone:R3,False
16 Cecil Street Wareemba,Wareemba,516.2,-33.858769,151.129465,True,8,normal,R2,False,False,True,True,,True
16 Gartfern Avenue Wareemba,Wareemba,571.5,-33.859722,151.132678,True,6,normal,R2,False,False,True,True,,True
16 Kirrang Street Wareemba,Wareemba,653.7,-33.858847,151.133042,False,5,normal,R2,False,False,True,True,,True
16 Reginald Street Wareemba,Wareemba,522.6,-33.857789,151.129449,True,7,normal,R2,False,False,True,True,,True
16 Wareemba Street Wareemba,Wareemba,673.6,-33.855868,151.135565,False,5,normal,R2,False,False,True,True,,True
161 Hampden Road Wareemba,Wareemba,1602.2,-33.855521,151.134311,True,6,normal,R3,False,False,False,False,wrong_zone:R3,False
167 Hampden Road Wareemba,Wareemba,1921.9,-33.855621,151.133826,True,9,normal,R3,False,False,False,False,wrong_zone:R3,False
17 Coranto Street Wareemba,Wareemba,527.0,-33.857551,151.133874,False,5,normal,R2,False,False,True,True,,True
17 Irene Street Wareemba,Wareemba,532.8,-33.857479,151.129025,False,5,normal,R2,False,False,True,True,,True
177 Hampden Road Wareemba,Wareemba,1409.7,-33.855646,151.133255,False,5,normal,R3,False,False,False,False,wrong_zone:R3,False
177A Hampden Road Wareemba,Wareemba,1295.1,-33.855684,151.133089,True,9,normal,R3,False,False,False,False,wrong_zone:R3,False
18 Cecil Street Wareemba,Wareemba,622.4,-33.858809,151.129389,True,9,normal,R2,False,False,True,True,,True
18 Gartfern Avenue Wareemba,Wareemba,556.9,-33.859742,151.13253,True,6,normal,R2,False,False,True,True,,True
18 Kirrang Street Wareemba,Wareemba,623.9,-33.858926,151.132919,False,5,normal,R2,False,False,True,True,,True
19 Coranto Street Wareemba,Wareemba,467.8,-33.857684,151.133794,True,7,normal,R2,False,False,True,True,,True
19 Irene Street Wareemba,Wareemba,485.9,-33.857411,151.128939,False,5,normal,R2,False,False,True,True,,True
19 Kirrang Street Wareemba,Wareemba,621.1,-33.859469,151.132835,True,6,normal,R2,False,False,True,True,,True
19 Reginald Street Wareemba,Wareemba,511.1,-33.858431,151.129216,True,6,normal,R2,False,False,True,True,,True
19 Wareemba Street Wareemba,Wareemba,589.5,-33.856458,151.136098,False,5,normal,R2,False,False,True,True,,True
1A Wareemba Street Wareemba,Wareemba,580.3,-33.855099,151.136383,False,5,normal,R2,False,False,True,True,,True
2 Coralie Street Wareemba,Wareemba,487.1,-33.856013,151.132371,True,7,normal,R3,False,False,False,False,wrong_zone:R3,False
20 Coranto Street Wareemba,Wareemba,458.3,-33.857083,151.133525,False,5,normal,R2,False,False,True,True,,True
20 Kirrang Street Wareemba,Wareemba,671.3,-33.85894,151.13279,False,5,normal,R2,False,False,True,True,,True
20 Reginald Street Wareemba,Wareemba,493.2,-33.857806,151.129296,True,7,normal,R2,False,False,True,True,,True
20 Wareemba Street Wareemba,Wareemba,605.6,-33.856524,151.135422,False,5,normal,R2,False,False,True,True,,True
20A Reginald Street Wareemba,Wareemba,520.0,-33.857814,151.129215,True,7,normal,R2,False,False,True,True,,True
21 Gartfern Avenue Wareemba,Wareemba,580.4,-33.860185,151.132295,False,5,normal,R2,False,False,True,True,,True
21 Irene Street Wareemba,Wareemba,1193.5,-33.857513,151.128837,False,5,normal,R2,False,False,True,True,,True
21 Kirrang Street Wareemba,Wareemba,615.8,-33.859486,151.132702,True,6,normal,R2,False,False,True,True,,True
22 Gartfern Avenue Wareemba,Wareemba,459.7,-33.859778,151.132268,True,6,normal,R2,False,False,True,True,,True
22 Kirrang Street Wareemba,Wareemba,692.5,-33.858956,151.132655,False,5,normal,R2,False,False,True,True,,True
23 Coranto Street Wareemba,Wareemba,963.1,-33.857712,151.133624,True,8,normal,R2,False,False,True,True,,True
23 Gartfern Avenue Wareemba,Wareemba,606.4,-33.860208,151.132133,False,5,normal,R2,False,False,True,True,,True
23 Kirrang Street Wareemba,Wareemba,636.1,-33.859505,151.132554,True,6,normal,R2,False,False,True,True,,True
23 Reginald Street Wareemba,Wareemba,619.0,-33.858326,151.128843,True,7,normal,R2,False,False,True,True,,True
24 Coranto Street Wareemba,Wareemba,970.6,-33.857031,151.133303,False,5,normal,R2,False,False,True,True,,True
24 Wareemba Street Wareemba,Wareemba,1032.3,-33.856706,151.135413,False,5,normal,R2,False,False,True,True,,True
242 Great North Road Wareemba,Wareemba,691.2,-33.859068,151.131363,False,5,normal,R2,False,False,True,True,,True
244 Great North Road Wareemba,Wareemba,703.9,-33.858942,151.131441,False,5,normal,R2,False,False,True,True,,True
248 Great North Road Wareemba,Wareemba,637.9,-33.858712,151.13144,False,5,normal,R2,False,False,True,True,,True
25 Kirrang Street Wareemba,Wareemba,645.6,-33.859468,151.132424,True,6,normal,R2,False,False,True,True,,True
250 Great North Road Wareemba,Wareemba,768.3,-33.858586,151.131403,True,6,normal,R2,False,False,True,True,,True
252 Great North Road Wareemba,Wareemba,826.8,-33.858328,151.13146,False,5,normal,R3,False,False,False,False,wrong_zone:R3,False
254 Great North Road Wareemba,Wareemba,754.9,-33.858211,151.131438,False,5,normal,R3,False,False,False,False,wrong_zone:R3,False
256 Great North Road Wareemba,Wareemba,782.8,-33.858097,151.131417,False,5,normal,R3,False,False,False,False,wrong_zone:R3,False
258 Great North Road Wareemba,Wareemba,814.8,-33.857977,151.131394,False,5,normal,E1,False,False,False,False,wrong_zone:E1,False
26 Coranto Street Wareemba,Wareemba,931.4,-33.857126,151.133153,False,5,normal,R2,False,False,True,True,,True
26 Gartfern Avenue Wareemba,Wareemba,468.8,-33.859813,151.132023,True,6,normal,R2,False,False,True,True,,True
27 Gartfern Avenue Wareemba,Wareemba,558.1,-33.860255,151.131806,False,5,normal,R2,False,False,True,True,,True
27 Kirrang Street Wareemba,Wareemba,648.1,-33.859537,151.132302,True,6,normal,R2,False,False,True,True,,True
28 Coranto Street Wareemba,Wareemba,913.7,-33.857145,151.132993,False,5,normal,R2,False,False,True,True,,True
28 Gartfern Avenue Wareemba,Wareemba,553.8,-33.859832,151.131891,True,6,normal,R2,False,False,True,True,,True
280 Great North Road Wareemba,Wareemba,796.0,-33.857222,151.131142,False,5,normal,E1,False,False,False,False,wrong_zone:E1,False
282 Great North Road Wareemba,Wareemba,796.1,-33.857091,151.131198,False,5,normal,E1,False,False,False,False,wrong_zone:E1,False
284 Great North Road Wareemba,Wareemba,750.7,-33.856972,151.13117,False,5,normal,E1,False,False,False,False,wrong_zone:E1,False
29 Gartfern Avenue Wareemba,Wareemba,620.4,-33.860278,151.131646,False,5,normal,R2,False,False,True,True,,True
29 Kirrang Street Wareemba,Wareemba,619.6,-33.859555,151.13216,True,6,normal,R2,False,False,True,True,,True
296-298 Great North Road Wareemba,Wareemba,1533.3,-33.856419,151.130971,True,7,normal,E1,False,False,False,False,wrong_zone:E1,False
2A Coranto Street Wareemba,Wareemba,627.7,-33.856985,151.134936,False,5,normal,R2,False,False,True,True,,True
2B Gartfern Avenue Wareemba,Wareemba,559.9,-33.859579,151.1339,True,14,normal,R2,False,False,True,True,,True
3 Cecil Street Wareemba,Wareemba,591.7,-33.859343,151.130259,True,6,normal,R2,False,False,True,True,,True
