address,suburb,lot_area_sqm,centroid_lat,centroid_lon,is_corner_lot,n_vertices,size_flag
1 Altona Street Abbotsford,Abbotsford,1006.3,-33.848434,151.127595,True,7,normal
1 Battersea Street Abbotsford,Abbotsford,505.6,-33.845726,151.127969,True,7,normal
1 Bickleigh Street Abbotsford,Abbotsford,898.2,-33.855607,151.129765,True,10,normal
1 Campbell Street Abbotsford,Abbotsford,901.0,-33.856555,151.129086,True,21,normal
1 Charlton Street Abbotsford,Abbotsford,580.0,-33.851324,151.126437,True,6,normal
1 Chatham Place Abbotsford,Abbotsford,423.5,-33.84949,151.128867,True,17,small
1 Curtin Avenue Abbotsford,Abbotsford,780.8,-33.853668,151.136798,True,22,normal
1 Fitzroy Street Abbotsford,Abbotsford,453.1,-33.846663,151.127908,True,6,normal
1 Glen Ormond Avenue Abbotsford,Abbotsford,728.7,-33.85347,151.129239,True,8,normal
1 Gow Street Abbotsford,Abbotsford,3726.3,-33.850599,151.127665,True,15,large
1 Hunter Street Abbotsford,Abbotsford,707.5,-33.8479,151.124892,True,8,normal
1 Margaret Street Abbotsford,Abbotsford,697.0,-33.854793,151.137107,False,5,normal
1 Mcgirr Place Abbotsford,Abbotsford,715.9,-33.853906,151.131603,True,21,normal
1 Montrose Road Abbotsford,Abbotsford,685.9,-33.848568,151.130483,True,6,normal
1 Raynor Avenue Abbotsford,Abbotsford,634.8,-33.852231,151.131165,True,6,normal
1 The Terrace Abbotsford,Abbotsford,526.1,-33.845326,151.127947,True,8,normal
1 Tyler Crescent Abbotsford,Abbotsford,540.6,-33.854251,151.13552,False,5,normal
1 Weddle Avenue Abbotsford,Abbotsford,366.3,-33.852861,151.136185,False,5,small
1 Werona Avenue Abbotsford,Abbotsford,547.8,-33.853884,151.127969,True,7,normal
10 Campbell Street Abbotsford,Abbotsford,588.6,-33.856096,151.12956,False,5,normal
10 Chatham Place Abbotsford,Abbotsford,351.3,-33.849989,151.128621,True,10,small
10 Curtin Avenue Abbotsford,Abbotsford,1051.4,-33.853377,151.135809,True,7,normal
10 Figtree Avenue Abbotsford,Abbotsford,260.7,-33.84963,151.131078,True,23,small
10 Henry Lawson Avenue Abbotsford,Abbotsford,578.4,-33.852397,151.128301,False,5,normal
10 Kokoda Street Abbotsford,Abbotsford,742.8,-33.853547,151.13341,False,5,normal
10 Raynor Avenue Abbotsford,Abbotsford,666.7,-33.852015,151.130321,False,5,normal
10 St Albans Street Abbotsford,Abbotsford,794.5,-33.855084,151.1282,True,6,normal
108 Hampden Road Abbotsford,Abbotsford,467.7,-33.854604,151.136862,True,8,normal
108A Hampden Road Abbotsford,Abbotsford,467.7,-33.854604,151.136862,True,8,normal
11 Bickleigh Street Abbotsford,Abbotsford,515.6,-33.855652,151.129147,True,6,normal
11 Chatham Place Abbotsford,Abbotsford,341.2,-33.849968,151.128974,True,12,small
11 Checkley Street Abbotsford,Abbotsford,759.2,-33.847872,151.123998,True,6,normal
11 Fitzroy Street Abbotsford,Abbotsford,659.5,-33.84704,151.127145,False,5,normal
11 Kokoda Street Abbotsford,Abbotsford,902.5,-33.853128,151.133752,True,19,normal
11 Margaret Street Abbotsford,Abbotsford,698.6,-33.854227,151.13722,False,5,normal
11 Marmion Road Abbotsford,Abbotsford,1009.2,-33.846532,151.12946,False,5,normal
11 The Terrace Abbotsford,Abbotsford,334.2,-33.845627,151.127386,False,5,small
114 Hampden Road Abbotsford,Abbotsford,567.0,-33.854633,151.136552,False,5,normal
11A Campbell Street Abbotsford,Abbotsford,1170.7,-33.856057,151.128251,True,11,normal
11A Tyler Crescent Abbotsford,Abbotsford,572.8,-33.85327,151.134464,True,13,normal
11B Campbell Street Abbotsford,Abbotsford,996.4,-33.855935,151.128798,True,8,normal
12 Abbotsford Parade Abbotsford,Abbotsford,1018.1,-33.849017,151.127074,False,5,normal
12 Campbell Street Abbotsford,Abbotsford,647.3,-33.856018,151.129576,True,6,normal
12 Curtin Avenue Abbotsford,Abbotsford,973.4,-33.853585,151.135565,True,23,normal
12 Glen Ormond Avenue Abbotsford,Abbotsford,564.0,-33.853129,151.1284,True,6,normal
12 Irene Street Abbotsford,Abbotsford,564.2,-33.856795,151.129459,False,5,normal
12 Kokoda Street Abbotsford,Abbotsford,727.4,-33.853522,151.133572,False,5,normal
12 Raynor Avenue Abbotsford,Abbotsford,623.8,-33.852049,151.130184,False,5,normal
12 Spring Street Abbotsford,Abbotsford,665.7,-33.84744,151.126894,False,5,normal
120 Hampden Road Abbotsford,Abbotsford,453.5,-33.854573,151.136114,True,7,normal
128 Hampden Road Abbotsford,Abbotsford,764.4,-33.854493,151.135376,True,6,normal
13 Bickleigh Street Abbotsford,Abbotsford,522.5,-33.855749,151.12893,True,6,normal
13 Chatham Place Abbotsford,Abbotsford,341.2,-33.849981,151.129049,True,9,small
13 Henry Lawson Avenue Abbotsford,Abbotsford,526.9,-33.852918,151.128235,True,6,normal
13 Margaret Street Abbotsford,Abbotsford,869.1,-33.854104,151.137244,False,5,normal
13 Raynor Avenue Abbotsford,Abbotsford,584.9,-33.852459,151.130341,False,5,normal
13 Spring Street Abbotsford,Abbotsford,334.7,-33.848951,151.124225,True,6,small
14 Abbotsford Parade Abbotsford,Abbotsford,1018.2,-33.849012,151.126931,True,6,normal
14 Blackwall Point Road Abbotsford,Abbotsford,701.0,-33.851619,151.130333,False,5,normal
14 Campbell Street Abbotsford,Abbotsford,646.1,-33.855934,151.129565,True,7,normal
14 Chatham Place Abbotsford,Abbotsford,343.7,-33.850145,151.128682,True,11,small
14 Checkley Street Abbotsford,Abbotsford,1489.3,-33.847289,151.123634,True,7,normal
14 Curtin Avenue Abbotsford,Abbotsford,900.9,-33.85362,151.135241,True,25,normal
14 Figtree Avenue Abbotsford,Abbotsford,258.4,-33.849534,151.131159,True,24,small
14 Fitzroy Street Abbotsford,Abbotsford,744.2,-33.846477,151.127321,False,5,normal
14 Glen Ormond Avenue Abbotsford,Abbotsford,567.6,-33.85317,151.128273,True,7,normal
14 Henry Lawson Avenue Abbotsford,Abbotsford,598.0,-33.852497,151.128061,False,5,normal
14 Rokeby Road Abbotsford,Abbotsford,1032.4,-33.846944,151.129432,False,5,normal
14 St Albans Street Abbotsford,Abbotsford,436.9,-33.854867,151.128063,False,5,small
15 Battersea Street Abbotsford,Abbotsford,884.2,-33.846153,151.127194,True,6,normal
15 Bickleigh Street Abbotsford,Abbotsford,580.2,-33.855749,151.128815,False,5,normal
15 Chatham Place Abbotsford,Abbotsford,346.8,-33.850105,151.129063,True,12,small
15 Fitzroy Street Abbotsford,Abbotsford,661.8,-33.847194,151.126757,False,5,normal
15 Glen Ormond Avenue Abbotsford,Abbotsford,593.9,-33.853651,151.12809,False,5,normal
15 Margaret Street Abbotsford,Abbotsford,1155.9,-33.853942,151.137276,False,5,normal
15 Marmion Road Abbotsford,Abbotsford,1016.3,-33.846583,151.129073,True,7,normal
15 Montrose Road Abbotsford,Abbotsford,1025.0,-33.848531,151.129155,False,5,normal
15 Raynor Avenue Abbotsford,Abbotsford,582.4,-33.852492,151.130206,False,5,normal
15 Tyler Crescent Abbotsford,Abbotsford,998.3,-33.852847,151.133821,True,19,normal
154 Hampden Road Abbotsford,Abbotsford,1795.9,-33.85476,151.133581,True,30,normal
16 Abbotsford Parade Abbotsford,Abbotsford,1023.8,-33.849054,151.126774,True,6,normal
16 Blackwall Point Road Abbotsford,Abbotsford,618.6,-33.851624,151.130484,False,5,normal
16 Campbell Street Abbotsford,Abbotsford,564.1,-33.855881,151.129434,False,5,normal
16 Fitzroy Street Abbotsford,Abbotsford,436.8,-33.846514,151.127227,False,5,small
16 Henry Lawson Avenue Abbotsford,Abbotsford,616.3,-33.852518,151.127929,False,5,normal
16 Irene Street Abbotsford,Abbotsford,1003.3,-33.856843,151.129185,False,5,normal
16 Raynor Avenue Abbotsford,Abbotsford,705.8,-33.85212,151.129871,True,7,normal
16 St Albans Street Abbotsford,Abbotsford,471.4,-33.854804,151.12803,False,5,normal
17 Bickleigh Street Abbotsford,Abbotsford,688.1,-33.855774,151.128682,False,5,normal
17 Chatham Place Abbotsford,Abbotsford,342.5,-33.850126,151.129122,True,9,small
17 Fitzroy Street Abbotsford,Abbotsford,654.8,-33.847293,151.12659,True,7,normal
17 Glen Ormond Avenue Abbotsford,Abbotsford,556.8,-33.85369,151.127969,True,6,normal
17 Henry Lawson Avenue Abbotsford,Abbotsford,549.5,-33.852956,151.128,True,6,normal
17A Walton Crescent Abbotsford,Abbotsford,1195.8,-33.848874,151.130282,True,7,normal
18 Abbotsford Parade Abbotsford,Abbotsford,1097.4,-33.849004,151.126579,True,7,normal
18 Blackwall Point Road Abbotsford,Abbotsford,538.8,-33.851634,151.130634,False,5,normal
18 Chatham Place Abbotsford,Abbotsford,344.6,-33.850288,151.128757,True,11,small
18 Fitzroy Street Abbotsford,Abbotsford,438.3,-33.84652,151.12715,True,6,small
18 Irene Street Abbotsford,Abbotsford,998.2,-33.856872,151.129026,False,5,normal
18 Montrose Road Abbotsford,Abbotsford,1020.9,-33.847956,151.129524,False,5,normal
18 Rokeby Road Abbotsford,Abbotsford,1022.8,-33.846938,151.129072,True,7,normal
18 Spring Street Abbotsford,Abbotsford,671.0,-33.847642,151.126253,True,10,normal
188A Hampden Road Abbotsford,Abbotsford,601.4,-33.8552,151.131051,True,8,normal
19 Fitzroy Street Abbotsford,Abbotsford,330.9,-33.847319,151.126485,True,6,small
19 Glen Ormond Avenue Abbotsford,Abbotsford,565.2,-33.853715,151.12781,True,6,normal
19 Henry Lawson Avenue Abbotsford,Abbotsford,530.4,-33.852978,151.127865,True,6,normal
19 St Albans Street Abbotsford,Abbotsford,457.1,-33.854814,151.127397,False,5,normal
192 Hampden Road Abbotsford,Abbotsford,285.9,-33.855376,151.130839,True,7,small
1A Tyler Crescent Abbotsford,Abbotsford,529.5,-33.854364,151.135559,True,6,normal
1A Weddle Avenue Abbotsford,Abbotsford,366.3,-33.852861,151.136185,False,5,small
2 Abbotsford Cove Drive Abbotsford,Abbotsford,4642.7,-33.850307,151.130935,True,27,large
2 Abbotsford Parade Abbotsford,Abbotsford,1011.1,-33.848865,151.127589,True,7,normal
2 Blackwall Point Road Abbotsford,Abbotsford,450.6,-33.851511,151.129536,True,8,normal
2 Campbell Street Abbotsford,Abbotsford,986.3,-33.856494,151.12945,True,23,normal
2 Chatham Place Abbotsford,Abbotsford,465.2,-33.849716,151.128457,True,10,normal
2 Checkley Street Abbotsford,Abbotsford,774.2,-33.846996,151.124557,True,22,normal
2 Curtin Avenue Abbotsford,Abbotsford,756.6,-33.853409,151.136658,True,23,normal
2 Florey Place Abbotsford,Abbotsford,1115.1,-33.852973,151.131766,True,15,normal
2 Glen Ormond Avenue Abbotsford,Abbotsford,677.8,-33.853044,151.129058,True,7,normal
2 Irene Street Abbotsford,Abbotsford,960.1,-33.856729,151.12983,False,5,normal
2 Lester Place Abbotsford,Abbotsford,1111.1,-33.853913,151.130823,True,14,normal
2 Marmion Road Abbotsford,Abbotsford,811.9,-33.846055,151.129712,True,6,normal
2 Raynor Avenue Abbotsford,Abbotsford,761.8,-33.851864,151.13091,True,6,normal
2 Spring Street Abbotsford,Abbotsford,667.3,-33.847099,151.127731,True,6,normal
2 St Albans Street Abbotsford,Abbotsford,507.0,-33.85544,151.128289,False,5,normal
2 The Terrace Abbotsford,Abbotsford,709.8,-33.845201,151.127478,True,9,normal
2 Tyler Crescent Abbotsford,Abbotsford,968.4,-33.854183,151.135939,True,6,normal
2 Werona Avenue Abbotsford,Abbotsford,630.2,-33.854207,151.12806,True,6,normal
20 Abbotsford Parade Abbotsford,Abbotsford,1016.0,-33.849138,151.126462,True,6,normal
20 Blackwall Point Road Abbotsford,Abbotsford,506.6,-33.85165,151.130785,False,5,normal
20 Figtree Avenue Abbotsford,Abbotsford,403.2,-33.849377,151.131433,True,14,small
20 Glen Ormond Avenue Abbotsford,Abbotsford,555.5,-33.853212,151.127884,True,6,normal
20 Irene Street Abbotsford,Abbotsford,594.1,-33.856896,151.128892,False,5,normal
20 Montrose Road Abbotsford,Abbotsford,1002.6,-33.847948,151.12936,False,5,normal
21 Glen Ormond Avenue Abbotsford,Abbotsford,585.5,-33.853733,151.127697,True,6,normal
21 Tyler Crescent Abbotsford,Abbotsford,806.1,-33.852815,151.133004,False,5,normal
21 Walton Crescent Abbotsford,Abbotsford,855.2,-33.848637,151.130778,False,5,normal
21A Fitzroy Street Abbotsford,Abbotsford,560.3,-33.847424,151.126275,True,8,normal
22 Altona Street Abbotsford,Abbotsford,714.2,-33.848106,151.126172,True,9,normal
22 Fitzroy Street Abbotsford,Abbotsford,871.9,-33.846634,151.126918,False,5,normal
22 Glen Ormond Avenue Abbotsford,Abbotsford,553.6,-33.853232,151.127756,True,6,normal
22 Irene Street Abbotsford,Abbotsford,585.4,-33.856913,151.128796,False,5,normal
22 Kokoda Street Abbotsford,Abbotsford,856.0,-33.852713,151.13418,True,20,normal
22 Spring Street Abbotsford,Abbotsford,659.9,-33.847784,151.126007,False,5,normal
22A Blackwall Point Road Abbotsford,Abbotsford,10558.4,-33.852149,151.131602,True,13,large
23 Battersea Street Abbotsford,Abbotsford,875.4,-33.846364,151.126587,False,5,normal
23 Bickleigh Street Abbotsford,Abbotsford,807.9,-33.855848,151.128275,False,5,normal
23 Campbell Street Abbotsford,Abbotsford,740.9,-33.854927,151.1285,True,6,normal
23 Chatham Place Abbotsford,Abbotsford,350.3,-33.850379,151.129211,True,11,small
23 Curtin Avenue Abbotsford,Abbotsford,725.1,-33.854091,151.134692,False,5,normal
23 Glen Ormond Avenue Abbotsford,Abbotsford,598.9,-33.853733,151.127571,False,5,normal
23 Walton Crescent Abbotsford,Abbotsford,1417.8,-33.848189,151.131279,True,6,normal
24 Blackwall Point Road Abbotsford,Abbotsford,647.1,-33.851922,151.132151,False,5,normal
24 Chatham Place Abbotsford,Abbotsford,290.7,-33.850525,151.128837,True,10,small
24 Fitzroy Street Abbotsford,Abbotsford,880.5,-33.846691,151.126771,False,5,normal
24 Glen Ormond Avenue Abbotsford,Abbotsford,557.7,-33.853279,151.127642,False,5,normal
24 Kokoda Street Abbotsford,Abbotsford,807.8,-33.852488,151.134332,True,7,normal
24 Spring Street Abbotsford,Abbotsford,663.1,-33.847841,151.12586,False,5,normal
25 Abbotsford Parade Abbotsford,Abbotsford,960.6,-33.849924,151.124752,True,7,normal
25 Chatham Place Abbotsford,Abbotsford,440.3,-33.850448,151.129285,True,12,small
25 Curtin Avenue Abbotsford,Abbotsford,714.8,-33.85406,151.134515,False,5,normal
25 St Albans Street Abbotsford,Abbotsford,537.7,-33.854556,151.127213,False,5,normal
25 Walton Crescent Abbotsford,Abbotsford,1217.4,-33.848026,151.131218,True,7,normal
26 Blackwall Point Road Abbotsford,Abbotsford,564.7,-33.851942,151.132283,False,5,normal
26 Campbell Street Abbotsford,Abbotsford,1060.3,-33.854808,151.129199,False,5,normal
26 Curtin Avenue Abbotsford,Abbotsford,881.3,-33.853717,151.133984,False,5,normal
26 Fitzroy Street Abbotsford,Abbotsford,891.9,-33.84679,151.126532,False,5,normal
26 Glen Ormond Avenue Abbotsford,Abbotsford,580.3,-33.8533,151.12751,False,5,normal
26 Spring Street Abbotsford,Abbotsford,488.4,-33.847893,151.125727,False,5,normal
26 St Albans Street Abbotsford,Abbotsford,453.3,-33.85429,151.127643,False,5,normal
26 Tyler Crescent Abbotsford,Abbotsford,719.5,-33.852425,151.133398,False,5,normal
27 Battersea Street Abbotsford,Abbotsford,886.8,-33.846487,151.126168,True,8,normal
27 Campbell Street Abbotsford,Abbotsford,1005.6,-33.854638,151.128449,False,5,normal
27 Chatham Place Abbotsford,Abbotsford,344.9,-33.850506,151.129328,True,10,small
27 Curtin Avenue Abbotsford,Abbotsford,662.1,-33.854141,151.134371,False,5,normal
27 Glen Ormond Avenue Abbotsford,Abbotsford,603.0,-33.85376,151.12724,True,6,normal
27 St Albans Street Abbotsford,Abbotsford,710.8,-33.854454,151.127042,True,6,normal
28 Abbotsford Parade Abbotsford,Abbotsford,427.0,-33.849074,151.125712,False,5,small
28 Blackwall Point Road Abbotsford,Abbotsford,570.3,-33.85196,151.13241,False,5,normal
28 Figtree Avenue Abbotsford,Abbotsford,252.0,-33.849179,151.131634,True,19,small
28 Spring Street Abbotsford,Abbotsford,502.2,-33.847911,151.125604,True,6,normal
28 St Albans Street Abbotsford,Abbotsford,882.4,-33.854189,151.127599,False,5,normal
28 Tyler Crescent Abbotsford,Abbotsford,732.5,-33.852401,151.133237,False,5,normal
28 Walton Crescent Abbotsford,Abbotsford,2053.5,-33.845464,151.130595,True,7,large
29 Battersea Street Abbotsford,Abbotsford,429.2,-33.846597,151.126092,True,7,small
29 Campbell Street Abbotsford,Abbotsford,1017.4,-33.854528,151.12828,True,6,normal
29 Glen Ormond Avenue Abbotsford,Abbotsford,573.6,-33.85381,151.126915,True,6,normal
29 St Albans Street Abbotsford,Abbotsford,669.0,-33.85433,151.126946,True,6,normal
2A Tyler Crescent Abbotsford,Abbotsford,732.9,-33.854447,151.136041,True,9,normal
2A Walton Crescent Abbotsford,Abbotsford,2645.4,-33.84955,151.12947,True,6,large
2B Walton Crescent Abbotsford,Abbotsford,410.8,-33.849582,151.128937,True,18,small
3 Altona Street Abbotsford,Abbotsford,997.1,-33.848488,151.127424,False,5,normal
3 Battersea Street Abbotsford,Abbotsford,598.8,-33.845844,151.127898,True,6,normal
3 Bickleigh Street Abbotsford,Abbotsford,789.2,-33.855728,151.129635,True,8,normal
3 Campbell Street Abbotsford,Abbotsford,736.7,-33.856458,151.129058,True,16,normal
3 Checkley Street Abbotsford,Abbotsford,750.7,-33.847594,151.12473,False,5,normal
3 Curtin Avenue Abbotsford,Abbotsford,742.2,-33.853798,151.136571,False,5,normal
3 Feilberg Place Abbotsford,Abbotsford,1078.2,-33.854188,151.136334,True,23,normal
3 Figtree Avenue Abbotsford,Abbotsford,2856.8,-33.84974,151.1298,True,10,large
3 Margaret Street Abbotsford,Abbotsford,731.3,-33.854682,151.137129,False,5,normal
3 Raynor Avenue Abbotsford,Abbotsford,598.2,-33.852293,151.131027,False,5,normal
3 Spring Street Abbotsford,Abbotsford,785.9,-33.847552,151.127741,True,6,normal
3 St Albans Street Abbotsford,Abbotsford,405.0,-33.855445,151.127512,True,6,small
3 The Terrace Abbotsford,Abbotsford,544.3,-33.845397,151.127821,True,6,normal
3 Walton Crescent Abbotsford,Abbotsford,1024.2,-33.848943,151.129127,False,5,normal
3 Werona Avenue Abbotsford,Abbotsford,447.0,-33.853913,151.127786,True,6,small
30 Abbotsford Parade Abbotsford,Abbotsford,413.6,-33.849095,151.125634,False,5,small
30 Fitzroy Street Abbotsford,Abbotsford,1221.6,-33.846836,151.126185,True,10,normal
30 Spring Street Abbotsford,Abbotsford,492.6,-33.847974,151.125494,True,7,normal
30 Tyler Crescent Abbotsford,Abbotsford,744.3,-33.852378,151.133074,False,5,normal
31 Battersea Street Abbotsford,Abbotsford,457.8,-33.846593,151.126007,False,5,normal
31 Curtin Avenue Abbotsford,Abbotsford,642.9,-33.854212,151.134052,True,6,normal
31 Fitzroy Street Abbotsford,Abbotsford,659.7,-33.847678,151.125559,True,6,normal
31 Glen Ormond Avenue Abbotsford,Abbotsford,580.4,-33.853855,151.126775,False,5,normal
31 Walton Crescent Abbotsford,Abbotsford,1090.7,-33.847186,151.130948,False,5,normal
318 Great North Road Abbotsford,Abbotsford,444.4,-33.855419,151.130616,False,5,small
32 Blackwall Point Road Abbotsford,Abbotsford,510.3,-33.851998,151.13267,False,5,normal
32 Campbell Street Abbotsford,Abbotsford,595.1,-33.854499,151.129126,False,5,normal
32 Figtree Avenue Abbotsford,Abbotsford,246.1,-33.849072,151.131722,True,14,small
32 Fitzroy Street Abbotsford,Abbotsford,714.7,-33.84697,151.126071,True,8,normal
32 Spring Street Abbotsford,Abbotsford,488.5,-33.848031,151.125386,True,6,normal
32 St Albans Street Abbotsford,Abbotsford,456.5,-33.853931,151.127381,True,6,normal
32 Tyler Crescent Abbotsford,Abbotsford,723.5,-33.852354,151.132911,False,5,normal
322 Great North Road Abbotsford,Abbotsford,737.8,-33.855228,151.130794,True,7,normal
33 Campbell Street Abbotsford,Abbotsford,890.7,-33.854226,151.128371,False,5,normal
33 Fitzroy Street Abbotsford,Abbotsford,663.4,-33.847727,151.125435,True,6,normal
33 St Albans Street Abbotsford,Abbotsford,870.5,-33.854044,151.126799,True,8,normal
330 Great North Road Abbotsford,Abbotsford,511.7,-33.854827,151.13051,False,5,normal
336 Great North Road Abbotsford,Abbotsford,850.2,-33.854208,151.130397,True,6,normal
338 Great North Road Abbotsford,Abbotsford,831.6,-33.854063,151.130339,False,5,normal
34 Abbotsford Parade Abbotsford,Abbotsford,417.5,-33.849133,151.125492,False,5,small
34 Blackwall Point Road Abbotsford,Abbotsford,762.1,-33.852053,151.13279,True,6,normal
34 Campbell Street Abbotsford,Abbotsford,954.5,-33.8544,151.129103,False,5,normal
34 Figtree Avenue Abbotsford,Abbotsford,326.5,-33.849023,151.131758,True,11,small
34 Fitzroy Street Abbotsford,Abbotsford,679.4,-33.847049,151.125957,False,5,normal
34 St Albans Street Abbotsford,Abbotsford,587.3,-33.853096,151.127531,True,8,normal
34 Tyler Crescent Abbotsford,Abbotsford,720.3,-33.852433,151.132688,True,14,normal
348 Great North Road Abbotsford,Abbotsford,25866.6,-33.853103,151.130826,True,25,large
34A Campbell Street Abbotsford,Abbotsford,954.5,-33.8544,151.129103,False,5,normal
34B Campbell Street Abbotsford,Abbotsford,954.5,-33.8544,151.129103,False,5,normal
354 Great North Road Abbotsford,Abbotsford,546.3,-33.852533,151.12984,False,5,normal
36 Curtin Avenue Abbotsford,Abbotsford,722.3,-33.853894,151.133151,False,5,normal
36 Fitzroy Street Abbotsford,Abbotsford,709.4,-33.847048,151.1258,True,6,normal
36 Spring Street Abbotsford,Abbotsford,711.3,-33.848126,151.125024,False,5,normal
36 Tyler Crescent Abbotsford,Abbotsford,853.6,-33.852371,151.132563,True,18,normal
36 Walton Crescent Abbotsford,Abbotsford,1558.5,-33.844991,151.129791,True,8,normal
364 Great North Road Abbotsford,Abbotsford,565.8,-33.851968,151.12958,False,5,normal
37 St Albans Street Abbotsford,Abbotsford,580.3,-33.853058,151.12696,False,5,normal
38 Abbotsford Parade Abbotsford,Abbotsford,502.0,-33.849149,151.125326,False,5,normal
38 Blackwall Point Road Abbotsford,Abbotsford,769.3,-33.852077,151.133134,False,5,normal
38 Campbell Street Abbotsford,Abbotsford,499.1,-33.854225,151.129061,False,5,normal
38 Fitzroy Street Abbotsford,Abbotsford,561.8,-33.84708,151.125676,True,6,normal
38 Walton Crescent Abbotsford,Abbotsford,1534.1,-33.844813,151.129859,True,7,normal
380 Great North Road Abbotsford,Abbotsford,2029.9,-33.849399,151.128349,True,40,large
39 Abbotsford Parade Abbotsford,Abbotsford,1642.0,-33.849867,151.123554,True,8,normal
39 Battersea Street Abbotsford,Abbotsford,1453.4,-33.846889,151.125218,True,7,normal
39 St Albans Street Abbotsford,Abbotsford,580.3,-33.852944,151.126977,False,5,normal
393 Great North Road Abbotsford,Abbotsford,1041.2,-33.856476,151.130311,False,5,normal
397 Great North Road Abbotsford,Abbotsford,944.2,-33.856261,151.130207,False,5,normal
399 Great North Road Abbotsford,Abbotsford,920.8,-33.856159,151.130175,False,5,normal
4 Abbotsford Parade Abbotsford,Abbotsford,509.8,-33.848915,151.127451,False,5,normal
4 Altona Street Abbotsford,Abbotsford,677.3,-33.847891,151.12754,False,5,normal
4 Battersea Street Abbotsford,Abbotsford,235.1,-33.845541,151.127673,False,5,small
4 Checkley Street Abbotsford,Abbotsford,798.2,-33.847105,151.124435,True,7,normal
4 Fitzroy Street Abbotsford,Abbotsford,591.2,-33.846262,151.127871,False,5,normal
4 Glen Ormond Avenue Abbotsford,Abbotsford,514.9,-33.853048,151.128909,True,6,normal
4 Gow Street Abbotsford,Abbotsford,1009.9,-33.849963,151.127317,True,6,normal
4 Henry Lawson Avenue Abbotsford,Abbotsford,589.2,-33.852395,151.128697,False,5,normal
4 Marmion Road Abbotsford,Abbotsford,735.5,-33.845984,151.129536,True,6,normal
4 Spring Street Abbotsford,Abbotsford,674.3,-33.847171,151.127579,False,5,normal
4 The Terrace Abbotsford,Abbotsford,1362.2,-33.844928,151.127291,True,19,normal
40 Blackwall Point Road Abbotsford,Abbotsford,755.7,-33.852101,151.133296,False,5,normal
40 Campbell Street Abbotsford,Abbotsford,509.1,-33.854159,151.129046,False,5,normal
40 Fitzroy Street Abbotsford,Abbotsford,505.1,-33.847148,151.125605,False,5,normal
40 Spring Street Abbotsford,Abbotsford,790.6,-33.848183,151.124745,True,6,normal
40 Tyler Crescent Abbotsford,Abbotsford,1528.3,-33.852506,151.132262,True,15,normal
407 Great North Road Abbotsford,Abbotsford,351.0,-33.855768,151.130121,False,5,small
409 Great North Road Abbotsford,Abbotsford,368.2,-33.855715,151.130106,False,5,small
41 Abbotsford Parade Abbotsford,Abbotsford,1094.1,-33.849829,151.123419,True,7,normal
41 Battersea Street Abbotsford,Abbotsford,883.2,-33.84698,151.125017,False,5,normal
41 St Albans Street Abbotsford,Abbotsford,617.2,-33.852828,151.126994,False,5,normal
411 Great North Road Abbotsford,Abbotsford,717.0,-33.855641,151.130083,False,5,normal
415 Great North Road Abbotsford,Abbotsford,904.7,-33.855383,151.130035,True,6,normal
42 Abbotsford Parade Abbotsford,Abbotsford,505.6,-33.849195,151.125154,False,5,normal
42 Blackwall Point Road Abbotsford,Abbotsford,753.2,-33.852125,151.133458,False,5,normal
42 Campbell Street Abbotsford,Abbotsford,550.9,-33.85409,151.129029,False,5,normal
42 Fitzroy Street Abbotsford,Abbotsford,883.3,-33.847158,151.125477,True,6,normal
42 Spring Street Abbotsford,Abbotsford,774.3,-33.848265,151.124632,False,5,normal
42 St Albans Street Abbotsford,Abbotsford,1749.5,-33.852205,151.127922,True,7,normal
425 Great North Road Abbotsford,Abbotsford,1070.3,-33.854578,151.129755,False,5,normal
43 St Albans Street Abbotsford,Abbotsford,564.2,-33.852711,151.12701,False,5,normal
43 Walton Crescent Abbotsford,Abbotsford,1453.9,-33.846207,151.130629,True,21,normal
430 Great North Road Abbotsford,Abbotsford,896.8,-33.845803,151.1289,False,5,normal
431 Great North Road Abbotsford,Abbotsford,1069.2,-33.85431,151.129693,False,5,normal
433 Great North Road Abbotsford,Abbotsford,758.0,-33.854194,151.129666,False,5,normal
437 Great North Road Abbotsford,Abbotsford,774.4,-33.854014,151.129624,False,5,normal
438-440 Great North Road Abbotsford,Abbotsford,1555.4,-33.845168,151.128893,True,8,normal
44 Blackwall Point Road Abbotsford,Abbotsford,785.0,-33.85215,151.133623,False,5,normal
44 Fitzroy Street Abbotsford,Abbotsford,869.2,-33.847249,151.125347,False,5,normal
44 Spring Street Abbotsford,Abbotsford,781.3,-33.848312,151.124514,False,5,normal
442 Great North Road Abbotsford,Abbotsford,586.9,-33.844974,151.128874,False,5,normal
45 Abbotsford Parade Abbotsford,Abbotsford,1065.0,-33.849647,151.123193,True,6,normal
45 St Albans Street Abbotsford,Abbotsford,603.4,-33.852598,151.127027,False,5,normal
45 Walton Crescent Abbotsford,Abbotsford,921.5,-33.846068,151.130141,True,7,normal
453 Great North Road Abbotsford,Abbotsford,253.0,-33.853281,151.129505,True,7,small
46 Campbell Street Abbotsford,Abbotsford,763.3,-33.853781,151.128958,False,5,normal
46 Curtin Avenue Abbotsford,Abbotsford,697.2,-33.85406,151.132147,False,5,normal
46 Spring Street Abbotsford,Abbotsford,801.0,-33.848349,151.124418,False,5,normal
46 Tyler Crescent Abbotsford,Abbotsford,870.7,-33.853054,151.132174,True,30,normal
471 Great North Road Abbotsford,Abbotsford,874.2,-33.852398,151.129234,True,17,normal
477 Great North Road Abbotsford,Abbotsford,2337.4,-33.85205,151.128482,True,11,large
48 Blackwall Point Road Abbotsford,Abbotsford,750.1,-33.852133,151.133988,True,19,normal
489 Great North Road Abbotsford,Abbotsford,649.8,-33.851637,151.128667,False,5,normal
491 Great North Road Abbotsford,Abbotsford,922.9,-33.851532,151.128621,True,6,normal
493 Great North Road Abbotsford,Abbotsford,1092.5,-33.851423,151.128525,True,6,normal
5 Altona Street Abbotsford,Abbotsford,1013.4,-33.848561,151.127262,True,6,normal
5 Battersea Street Abbotsford,Abbotsford,638.3,-33.845912,151.127808,True,6,normal
5 Bickleigh Street Abbotsford,Abbotsford,507.4,-33.855557,151.129485,False,5,normal
5 Curtin Avenue Abbotsford,Abbotsford,716.4,-33.853806,151.136375,True,36,normal
5 Glen Ormond Avenue Abbotsford,Abbotsford,604.3,-33.853521,151.128948,False,5,normal
5 Kokoda Street Abbotsford,Abbotsford,829.3,-33.853161,151.133009,False,5,normal
5 Margaret Street Abbotsford,Abbotsford,600.8,-33.854581,151.137149,False,5,normal
5 Tyler Crescent Abbotsford,Abbotsford,751.3,-33.853424,151.135001,True,8,normal
5 Walton Crescent Abbotsford,Abbotsford,1008.6,-33.849034,151.129287,False,5,normal
5 Werona Avenue Abbotsford,Abbotsford,465.4,-33.85393,151.127602,True,8,normal
503 Great North Road Abbotsford,Abbotsford,1093.5,-33.850787,151.12825,False,5,normal
505 Great North Road Abbotsford,Abbotsford,570.1,-33.850682,151.128202,False,5,normal
509 Great North Road Abbotsford,Abbotsford,1036.9,-33.8504,151.128074,False,5,normal
51 Abbotsford Parade Abbotsford,Abbotsford,1121.9,-33.849457,151.122879,False,5,normal
51 St Albans Street Abbotsford,Abbotsford,1405.1,-33.852148,151.12685,False,5,normal
511 Great North Road Abbotsford,Abbotsford,518.2,-33.850296,151.128027,False,5,normal
513 Great North Road Abbotsford,Abbotsford,487.0,-33.850233,151.127999,False,5,normal
517 Great North Road Abbotsford,Abbotsford,1013.0,-33.849807,151.127919,True,9,normal
519 Great North Road Abbotsford,Abbotsford,1097.7,-33.84967,151.127831,True,12,normal
52 Curtin Avenue Abbotsford,Abbotsford,709.4,-33.854166,151.131488,False,5,normal
525 Great North Road Abbotsford,Abbotsford,416.4,-33.849353,151.127867,False,5,small
527 Great North Road Abbotsford,Abbotsford,874.8,-33.849258,151.127857,False,5,normal
53 Abbotsford Parade Abbotsford,Abbotsford,1722.3,-33.849324,151.122819,True,7,normal
53 Curtin Avenue Abbotsford,Abbotsford,750.5,-33.854502,151.132292,True,7,normal
53 Wymston Parade Abbotsford,Abbotsford,1148.1,-33.856842,151.128308,True,6,normal
54 Abbotsford Parade Abbotsford,Abbotsford,350.2,-33.84924,151.124204,True,6,small
545 Great North Road Abbotsford,Abbotsford,352.0,-33.84827,151.127918,False,5,small
547 Great North Road Abbotsford,Abbotsford,403.9,-33.848228,151.127768,True,9,small
549 Great North Road Abbotsford,Abbotsford,348.3,-33.848176,151.127909,False,5,small
55 Curtin Avenue Abbotsford,Abbotsford,706.7,-33.854518,151.132116,True,6,normal
55 St Albans Street Abbotsford,Abbotsford,1270.5,-33.851862,151.126749,True,6,normal
55 Wymston Parade Abbotsford,Abbotsford,1232.9,-33.856594,151.128342,False,5,normal
551 Great North Road Abbotsford,Abbotsford,370.8,-33.848131,151.127904,False,5,small
555 Great North Road Abbotsford,Abbotsford,224.3,-33.847811,151.128001,False,5,small
557 Great North Road Abbotsford,Abbotsford,229.6,-33.847767,151.127996,False,5,small
559 Great North Road Abbotsford,Abbotsford,212.7,-33.847726,151.127992,False,5,small
56 St Albans Street Abbotsford,Abbotsford,1344.6,-33.85124,151.127485,False,5,normal
56 Tyler Crescent Abbotsford,Abbotsford,687.2,-33.853806,151.132352,True,6,normal
56 Wymston Parade Abbotsford,Abbotsford,1179.1,-33.856474,151.128357,True,6,normal
561 Great North Road Abbotsford,Abbotsford,227.3,-33.847687,151.127988,False,5,small
563 Great North Road Abbotsford,Abbotsford,529.7,-33.847727,151.12789,True,15,normal
569 Great North Road Abbotsford,Abbotsford,549.4,-33.847224,151.128114,True,8,normal
57 St Albans Street Abbotsford,Abbotsford,1282.2,-33.851721,151.12678,False,5,normal
57 Walton Crescent Abbotsford,Abbotsford,1018.7,-33.845494,151.129419,True,6,normal
58 St Albans Street Abbotsford,Abbotsford,1943.9,-33.851178,151.127542,True,10,normal
581 Great North Road Abbotsford,Abbotsford,854.3,-33.846759,151.128125,True,11,normal
587 Great North Road Abbotsford,Abbotsford,420.2,-33.846239,151.128225,True,7,small
59 St Albans Street Abbotsford,Abbotsford,1314.1,-33.851581,151.126782,True,6,normal
59 Wymston Parade Abbotsford,Abbotsford,731.6,-33.856083,151.127924,True,6,normal
591 Great North Road Abbotsford,Abbotsford,579.3,-33.846053,151.128201,False,5,normal
593 Great North Road Abbotsford,Abbotsford,660.0,-33.845966,151.128122,True,7,normal
597 Great North Road Abbotsford,Abbotsford,509.7,-33.845734,151.128245,False,5,normal
6 Abbotsford Parade Abbotsford,Abbotsford,529.2,-33.848936,151.127372,False,5,normal
6 Altona Street Abbotsford,Abbotsford,758.4,-33.847834,151.127365,True,7,normal
6 Blackwall Point Road Abbotsford,Abbotsford,399.1,-33.85152,151.129789,False,5,small
6 Campbell Street Abbotsford,Abbotsford,790.3,-33.856303,151.129412,True,14,normal
6 Chatham Place Abbotsford,Abbotsford,345.9,-33.849866,151.128514,True,16,small
6 Fitzroy Street Abbotsford,Abbotsford,591.3,-33.846309,151.127752,False,5,normal
6 Glen Ormond Avenue Abbotsford,Abbotsford,554.8,-33.85302,151.128776,True,6,normal
6 Irene Street Abbotsford,Abbotsford,532.3,-33.856751,151.129704,False,5,normal
6 Marmion Road Abbotsford,Abbotsford,909.0,-33.845901,151.129397,True,7,normal
6 Poolman Street Abbotsford,Abbotsford,1002.7,-33.848591,151.125099,True,8,normal
6 The Terrace Abbotsford,Abbotsford,952.8,-33.845057,151.127205,True,20,normal
6-8 Montrose Road Abbotsford,Abbotsford,2038.8,-33.848041,151.130438,True,6,large
60 Wymston Parade Abbotsford,Abbotsford,592.2,-33.856009,151.127862,False,5,normal
609 Great North Road Abbotsford,Abbotsford,792.6,-33.845067,151.12816,True,6,normal
61 Curtin Avenue Abbotsford,Abbotsford,596.4,-33.854573,151.131652,False,5,normal
61 St Albans Street Abbotsford,Abbotsford,1212.7,-33.851429,151.126672,True,6,normal
61 Walton Crescent Abbotsford,Abbotsford,1426.6,-33.845254,151.12917,True,8,normal
61 Wymston Parade Abbotsford,Abbotsford,683.8,-33.855911,151.127818,False,5,normal
611 Great North Road Abbotsford,Abbotsford,396.2,-33.844986,151.128172,False,4,small
62 Abbotsford Parade Abbotsford,Abbotsford,273.3,-33.849264,151.123937,False,5,small
62 Wymston Parade Abbotsford,Abbotsford,677.2,-33.855813,151.127774,False,5,normal
63 Walton Crescent Abbotsford,Abbotsford,650.0,-33.845048,151.129144,False,5,normal
64 Abbotsford Parade Abbotsford,Abbotsford,727.0,-33.849176,151.123861,True,6,normal
65 Walton Crescent Abbotsford,Abbotsford,605.2,-33.844905,151.129175,False,5,normal
66 Abbotsford Parade Abbotsford,Abbotsford,420.3,-33.849162,151.123708,True,7,small
67 Walton Crescent Abbotsford,Abbotsford,639.2,-33.84477,151.129139,False,5,normal
7 Altona Street Abbotsford,Abbotsford,498.5,-33.848565,151.127141,False,5,normal
7 Bickleigh Street Abbotsford,Abbotsford,533.1,-33.855636,151.129389,False,5,normal
7 Campbell Street Abbotsford,Abbotsford,832.0,-33.856303,151.128835,True,6,normal
7 Checkley Street Abbotsford,Abbotsford,3884.4,-33.847928,151.124336,True,16,large
7 Curtin Avenue Abbotsford,Abbotsford,830.9,-33.853736,151.13614,True,19,normal
7 Figtree Avenue Abbotsford,Abbotsford,4652.3,-33.848982,151.131317,True,15,large
7 Fitzroy Street Abbotsford,Abbotsford,663.8,-33.846924,151.12744,False,5,normal
7 Henry Lawson Avenue Abbotsford,Abbotsford,527.5,-33.852853,151.128642,True,6,normal
7 Margaret Street Abbotsford,Abbotsford,631.7,-33.854464,151.137122,True,10,normal
7 Marmion Road Abbotsford,Abbotsford,1015.1,-33.846548,151.129788,False,5,normal
7 Raynor Avenue Abbotsford,Abbotsford,598.6,-33.852366,151.130725,False,5,normal
7 St Albans Street Abbotsford,Abbotsford,426.8,-33.855339,151.127565,False,5,small
70 St Albans Street Abbotsford,Abbotsford,956.4,-33.850223,151.126941,False,5,normal
71 Curtin Avenue Abbotsford,Abbotsford,593.6,-33.854701,151.130839,False,5,normal
72 St Albans Street Abbotsford,Abbotsford,480.0,-33.850121,151.126899,False,5,normal
74 St Albans Street Abbotsford,Abbotsford,502.8,-33.850058,151.126873,False,5,normal
77 Parkview Road Abbotsford,Abbotsford,572.2,-33.852752,151.136381,True,20,normal
77 St Albans Street Abbotsford,Abbotsford,535.8,-33.848781,151.125617,False,5,normal
77 Wymston Parade Abbotsford,Abbotsford,780.6,-33.854351,151.126687,True,6,normal
78 St Albans Street Abbotsford,Abbotsford,502.4,-33.849911,151.126798,True,8,normal
78 Wymston Parade Abbotsford,Abbotsford,910.2,-33.854236,151.126462,True,11,normal
7B Margaret Street Abbotsford,Abbotsford,283.7,-33.854443,151.137216,True,7,small
8 Abbotsford Parade Abbotsford,Abbotsford,544.0,-33.848921,151.127267,True,6,normal
8 Chatham Place Abbotsford,Abbotsford,347.6,-33.849956,151.128552,True,8,small
8 Curtin Avenue Abbotsford,Abbotsford,999.8,-33.853344,151.135999,True,7,normal
8 Figtree Avenue Abbotsford,Abbotsford,256.0,-33.849676,151.131034,True,23,small
8 Henry Lawson Avenue Abbotsford,Abbotsford,610.0,-33.852436,151.128445,False,5,normal
81 St Albans Street Abbotsford,Abbotsford,491.0,-33.848644,151.125564,False,5,normal
85 St Albans Street Abbotsford,Abbotsford,561.0,-33.848513,151.12548,True,6,normal
9 Altona Street Abbotsford,Abbotsford,498.5,-33.848611,151.127077,True,6,normal
9 Battersea Street Abbotsford,Abbotsford,610.2,-33.845972,151.127587,False,5,normal
9 Bickleigh Street Abbotsford,Abbotsford,504.9,-33.855658,151.129275,False,5,normal
9 Campbell Street Abbotsford,Abbotsford,818.2,-33.856196,151.128798,True,6,normal
9 Checkley Street Abbotsford,Abbotsford,1039.6,-33.847822,151.124119,True,7,normal
9 Curtin Avenue Abbotsford,Abbotsford,747.5,-33.853918,151.135966,True,6,normal
9 Kokoda Street Abbotsford,Abbotsford,849.2,-33.853122,151.13343,False,5,normal
9 Marmion Road Abbotsford,Abbotsford,1005.3,-33.84654,151.129624,False,5,normal
9 Montrose Road Abbotsford,Abbotsford,1025.9,-33.848554,151.129647,False,5,normal
9 Walton Crescent Abbotsford,Abbotsford,1011.6,-33.848967,151.129619,False,5,normal
91 St Albans Street Abbotsford,Abbotsford,582.4,-33.848274,151.125408,True,7,normal
1 Catherine Spence Place Cabarita,Cabarita,415.3,-33.845809,151.116585,True,8,small
1 Jacaranda Drive Cabarita,Cabarita,394.7,-33.853013,151.118151,False,5,small
1 Medora Lane Cabarita,Cabarita,356.3,-33.845052,151.115321,False,5,small
1 Medora Street Cabarita,Cabarita,731.2,-33.84665,151.114132,True,6,normal
1 Parkside Terrace Cabarita,Cabarita,422.4,-33.843915,151.117011,True,8,small
1 Regatta Way Cabarita,Cabarita,491.5,-33.844654,151.118876,False,5,normal
1 Stamford Avenue Cabarita,Cabarita,782.2,-33.847389,151.11343,True,7,normal
1 Strathroy Close Cabarita,Cabarita,2540.8,-33.846317,151.11756,True,8,large
1-5 Bayside Terrace Cabarita,Cabarita,7615.5,-33.844675,151.117973,True,90,large
10 Collingwood Avenue Cabarita,Cabarita,772.2,-33.85028,151.114058,False,5,normal
10 Phillips Street Cabarita,Cabarita,733.0,-33.852168,151.116155,False,5,normal
10 Regatta Way Cabarita,Cabarita,415.3,-33.845423,151.118291,False,5,small
101 Cabarita Road Cabarita,Cabarita,803.8,-33.848657,151.11438,True,6,normal
102 Cabarita Road Cabarita,Cabarita,841.1,-33.846735,151.114668,False,5,normal
103 Cabarita Road Cabarita,Cabarita,800.1,-33.848514,151.114456,True,6,normal
107 Cabarita Road Cabarita,Cabarita,801.4,-33.848292,151.114618,True,6,normal
108 Cabarita Road Cabarita,Cabarita,786.6,-33.846427,151.114831,False,5,normal
11 Correys Square Cabarita,Cabarita,462.1,-33.845097,151.116466,True,10,normal
11 Edgewood Crescent Cabarita,Cabarita,468.5,-33.844823,151.117204,True,8,normal
11 Medora Street Cabarita,Cabarita,811.9,-33.846161,151.114433,False,5,normal
11 Phillips Street Cabarita,Cabarita,790.4,-33.851048,151.114979,False,5,normal
11 Regatta Way Cabarita,Cabarita,414.0,-33.845502,151.11825,True,7,small
11 Stamford Avenue Cabarita,Cabarita,801.0,-33.847625,151.112719,False,5,normal
11 Waine Street Cabarita,Cabarita,866.5,-33.846752,151.115819,False,5,normal
111 Cabarita Road Cabarita,Cabarita,785.2,-33.848047,151.114713,False,5,normal
115 Cabarita Road Cabarita,Cabarita,775.6,-33.847685,151.11494,False,5,normal
116 Cabarita Road Cabarita,Cabarita,794.3,-33.846028,151.115042,False,5,normal
117 Cabarita Road Cabarita,Cabarita,826.6,-33.847588,151.115003,False,5,normal
11B Phillips Street Cabarita,Cabarita,790.4,-33.851048,151.114979,False,5,normal
12 Elphinstone Street Cabarita,Cabarita,803.7,-33.849868,151.112435,False,5,normal
12 Jacaranda Drive Cabarita,Cabarita,286.0,-33.853254,151.117158,True,9,small
12 Regatta Way Cabarita,Cabarita,415.3,-33.8456,151.118244,False,5,small
12 Rosemeadow Drive Cabarita,Cabarita,485.9,-33.851747,151.118867,True,14,normal
120 Cabarita Road Cabarita,Cabarita,810.6,-33.845826,151.115148,False,5,normal
122 Cabarita Road Cabarita,Cabarita,807.3,-33.845726,151.115202,False,5,normal
123 Cabarita Road Cabarita,Cabarita,890.9,-33.847296,151.115193,False,5,normal
124 Cabarita Road Cabarita,Cabarita,808.4,-33.845625,151.115255,False,5,normal
125 Cabarita Road Cabarita,Cabarita,940.4,-33.847188,151.115249,True,6,normal
126 Cabarita Road Cabarita,Cabarita,837.2,-33.845523,151.115309,False,5,normal
127 Cabarita Road Cabarita,Cabarita,709.9,-33.847055,151.115218,True,6,normal
129 Cabarita Road Cabarita,Cabarita,301.2,-33.846821,151.115314,True,7,small
13 Correys Square Cabarita,Cabarita,536.2,-33.845267,151.1165,True,36,normal
13 Dorking Road Cabarita,Cabarita,852.0,-33.848756,151.115511,True,12,normal
13 Jacaranda Drive Cabarita,Cabarita,481.9,-33.853252,151.117072,True,11,normal
13 Regatta Way Cabarita,Cabarita,431.1,-33.845702,151.118202,True,7,small
13 Rosemeadow Drive Cabarita,Cabarita,514.0,-33.851598,151.118834,True,16,normal
13 Waine Street Cabarita,Cabarita,847.5,-33.846697,151.115681,True,7,normal
130 Cabarita Road Cabarita,Cabarita,804.2,-33.845325,151.115413,False,5,normal
131 Cabarita Road Cabarita,Cabarita,302.5,-33.84677,151.115352,False,5,small
132A Cabarita Road Cabarita,Cabarita,412.3,-33.845188,151.115452,True,17,small
132B Cabarita Road Cabarita,Cabarita,304.9,-33.845112,151.115613,False,5,small
132D Cabarita Road Cabarita,Cabarita,305.5,-33.844974,151.115686,False,5,small
132E Cabarita Road Cabarita,Cabarita,306.1,-33.844905,151.115722,False,5,small
132F Cabarita Road Cabarita,Cabarita,306.7,-33.844835,151.115759,False,5,small
132G Cabarita Road Cabarita,Cabarita,303.6,-33.844766,151.115795,False,5,small
132I Cabarita Road Cabarita,Cabarita,308.5,-33.844626,151.115868,False,5,small
132K Cabarita Road Cabarita,Cabarita,301.9,-33.844487,151.115941,False,5,small
132L Cabarita Road Cabarita,Cabarita,301.2,-33.844419,151.115977,False,5,small
132M Cabarita Road Cabarita,Cabarita,305.5,-33.844349,151.116014,False,5,small
132N Cabarita Road Cabarita,Cabarita,365.3,-33.844223,151.116001,True,34,small
132O Cabarita Road Cabarita,Cabarita,442.5,-33.844112,151.116107,True,36,small
132R Cabarita Road Cabarita,Cabarita,309.5,-33.843862,151.116269,False,5,small
132S Cabarita Road Cabarita,Cabarita,310.0,-33.843792,151.116305,False,5,small
132T Cabarita Road Cabarita,Cabarita,309.9,-33.843721,151.116342,False,5,small
132U Cabarita Road Cabarita,Cabarita,452.2,-33.843631,151.116389,False,5,normal
133 Cabarita Road Cabarita,Cabarita,304.6,-33.846719,151.115378,False,5,small
135 Cabarita Road Cabarita,Cabarita,713.5,-33.846617,151.115493,True,6,normal
137 Cabarita Road Cabarita,Cabarita,1383.6,-33.846502,151.115798,True,8,normal
139 Cabarita Road Cabarita,Cabarita,1421.6,-33.846354,151.115837,False,5,normal
13A Regatta Way Cabarita,Cabarita,443.7,-33.845851,151.118218,True,8,small
14 Collingwood Avenue Cabarita,Cabarita,807.0,-33.850063,151.114172,False,5,normal
14 Correys Square Cabarita,Cabarita,556.0,-33.845406,151.116783,True,35,normal
14 Dorking Road Cabarita,Cabarita,809.5,-33.848456,151.114851,True,6,normal
14 Jacaranda Drive Cabarita,Cabarita,476.3,-33.853243,151.116897,True,11,normal
14 Kendall Street Cabarita,Cabarita,710.7,-33.847434,151.113862,True,14,normal
141 Cabarita Road Cabarita,Cabarita,1433.0,-33.846212,151.115881,True,9,normal
147 Cabarita Road Cabarita,Cabarita,466.8,-33.845831,151.11584,True,11,normal
15 Dorking Road Cabarita,Cabarita,885.9,-33.848669,151.115636,True,13,normal
15 Jacaranda Drive Cabarita,Cabarita,302.1,-33.853192,151.116827,True,10,small
15 Medora Street Cabarita,Cabarita,817.1,-33.845961,151.114539,False,5,normal
15 Moore Street Cabarita,Cabarita,767.2,-33.848564,151.112677,False,5,normal
15 Phillips Street Cabarita,Cabarita,1728.0,-33.850897,151.115421,True,8,normal
15 Rosemeadow Drive Cabarita,Cabarita,384.1,-33.851457,151.118781,True,10,small
153 Cabarita Road Cabarita,Cabarita,462.1,-33.845545,151.115894,False,5,normal
157 Cabarita Road Cabarita,Cabarita,528.4,-33.845142,151.116137,True,8,normal
159 Cabarita Road Cabarita,Cabarita,543.9,-33.845064,151.116222,True,8,normal
16 Bishop Street Cabarita,Cabarita,780.7,-33.847366,151.112333,False,5,normal
16 Collingwood Avenue Cabarita,Cabarita,823.9,-33.849846,151.114286,False,5,normal
16 Dorking Road Cabarita,Cabarita,839.4,-33.848313,151.114956,True,6,normal
16 Elphinstone Street Cabarita,Cabarita,827.0,-33.849635,151.112362,False,5,normal
16 Jacaranda Drive Cabarita,Cabarita,303.5,-33.853181,151.116746,False,5,small
16 Kendall Inlet Cabarita,Cabarita,300.4,-33.843958,151.115433,False,5,small
16 Regatta Way Cabarita,Cabarita,429.5,-33.846059,151.118212,False,5,small
16 Rosemeadow Drive Cabarita,Cabarita,554.3,-33.851371,151.118839,True,17,normal
16 Stamford Avenue Cabarita,Cabarita,770.7,-33.848223,151.112577,False,5,normal
161 Cabarita Road Cabarita,Cabarita,558.0,-33.844966,151.116288,True,6,normal
169 Cabarita Road Cabarita,Cabarita,438.3,-33.844098,151.116745,True,6,small
17 Edgewood Crescent Cabarita,Cabarita,266.0,-33.845012,151.117331,True,10,small
17 Jacaranda Drive Cabarita,Cabarita,318.8,-33.853207,151.11665,False,5,small
17 Kendall Inlet Cabarita,Cabarita,338.4,-33.843916,151.115505,True,7,small
17 Phillips Street Cabarita,Cabarita,1573.7,-33.851019,151.115526,True,7,normal
17 Regatta Way Cabarita,Cabarita,429.5,-33.846137,151.118214,False,5,small
17 Rosemeadow Drive Cabarita,Cabarita,462.8,-33.851326,151.118816,True,17,normal
171 Cabarita Road Cabarita,Cabarita,432.0,-33.84401,151.116803,True,7,small
173 Cabarita Road Cabarita,Cabarita,501.4,-33.843921,151.116852,True,10,normal
18 Bishop Street Cabarita,Cabarita,788.8,-33.847287,151.112098,True,17,normal
18 Edgewood Crescent Cabarita,Cabarita,9541.1,-33.845392,151.117763,True,115,large
18 Jacaranda Drive Cabarita,Cabarita,311.2,-33.853184,151.116577,False,5,small
18 Kendall Inlet Cabarita,Cabarita,369.1,-33.843856,151.115547,True,7,small
18 Kendall Street Cabarita,Cabarita,741.4,-33.847216,151.113692,False,5,normal
18 Phillips Street Cabarita,Cabarita,697.5,-33.8523,151.116523,False,5,normal
18 Rosemeadow Drive Cabarita,Cabarita,555.6,-33.85122,151.118651,True,17,normal
19 Dorking Road Cabarita,Cabarita,948.1,-33.848458,151.115831,True,10,normal
19 Edgewood Crescent Cabarita,Cabarita,270.0,-33.84506,151.117313,True,15,small
19 Kendall Inlet Cabarita,Cabarita,315.1,-33.843619,151.115589,True,9,small
19 Medora Street Cabarita,Cabarita,801.2,-33.845761,151.114645,False,5,normal
19 Phillips Street Cabarita,Cabarita,1449.6,-33.851087,151.115684,True,9,normal
2 Bishop Street Cabarita,Cabarita,797.5,-33.847052,151.113332,True,7,normal
2 Collingwood Avenue Cabarita,Cabarita,978.1,-33.850813,151.113899,True,14,normal
2 Dorking Road Cabarita,Cabarita,572.3,-33.849166,151.114438,True,7,normal
2 Edgewood Crescent Cabarita,Cabarita,588.8,-33.844267,151.116632,False,5,normal
2 Elphinstone Street Cabarita,Cabarita,1212.8,-33.85146,151.112801,False,5,normal
2 Kendall Street Cabarita,Cabarita,828.7,-33.848356,151.11394,False,5,normal
2 Waine Street Cabarita,Cabarita,558.7,-33.8472,151.115556,True,6,normal
20 Collingwood Avenue Cabarita,Cabarita,875.3,-33.849602,151.114414,False,5,normal
20 Dorking Road Cabarita,Cabarita,762.2,-33.847935,151.115302,False,5,normal
20 Edgewood Crescent Cabarita,Cabarita,642.1,-33.845989,151.117065,True,6,normal
20 Elphinstone Street Cabarita,Cabarita,821.3,-33.849402,151.112288,False,5,normal
20 Kendall Inlet Cabarita,Cabarita,331.7,-33.843533,151.115625,True,9,small
20 Kendall Street Cabarita,Cabarita,776.7,-33.847103,151.11366,False,5,normal
21 Edgewood Crescent Cabarita,Cabarita,292.4,-33.845134,151.11731,True,13,small
21 Medora Street Cabarita,Cabarita,822.3,-33.84566,151.114699,False,5,normal
21 Phillips Street Cabarita,Cabarita,1379.0,-33.85117,151.115809,True,8,normal
22 Collingwood Avenue Cabarita,Cabarita,841.6,-33.849482,151.11455,True,14,normal
22 Dorking Road Cabarita,Cabarita,754.0,-33.847846,151.115379,False,5,normal
22 Jacaranda Drive Cabarita,Cabarita,611.6,-33.853032,151.116184,True,9,normal
22 Rosemeadow Drive Cabarita,Cabarita,500.8,-33.851148,151.118341,True,14,normal
23 Dorking Road Cabarita,Cabarita,1046.5,-33.848261,151.116142,True,17,normal
23 Rosemeadow Drive Cabarita,Cabarita,533.5,-33.851159,151.118156,True,10,normal
24 Edgewood Crescent Cabarita,Cabarita,594.2,-33.845941,151.1167,True,6,normal
24 Elphinstone Street Cabarita,Cabarita,786.2,-33.849169,151.112215,False,5,normal
24 Rosemeadow Drive Cabarita,Cabarita,343.9,-33.851152,151.118057,True,9,small
25 Jacaranda Drive Cabarita,Cabarita,598.4,-33.852948,151.115874,True,6,normal
25 Medora Street Cabarita,Cabarita,800.6,-33.845459,151.114805,False,5,normal
25 Rosemeadow Drive Cabarita,Cabarita,357.9,-33.851172,151.117966,True,6,small
26 Dorking Road Cabarita,Cabarita,842.0,-33.847662,151.115536,False,5,normal
26 Jacaranda Drive Cabarita,Cabarita,629.2,-33.852822,151.115713,True,21,normal
27 Edgewood Crescent Cabarita,Cabarita,304.0,-33.845329,151.11729,True,13,small
27 Jacaranda Drive Cabarita,Cabarita,680.6,-33.85275,151.11563,True,15,normal
27 Kendall Inlet Cabarita,Cabarita,307.5,-33.844683,151.115496,False,5,small
27 Medora Street Cabarita,Cabarita,818.0,-33.845357,151.114859,False,5,normal
27 Rosemeadow Drive Cabarita,Cabarita,363.8,-33.851205,151.117784,True,8,small
28 Dorking Road Cabarita,Cabarita,870.3,-33.84757,151.115616,False,5,normal
28 Rosemeadow Drive Cabarita,Cabarita,479.6,-33.851192,151.117683,True,10,normal
29 Dorking Road Cabarita,Cabarita,909.7,-33.847918,151.116101,True,6,normal
29 Medora Street Cabarita,Cabarita,779.3,-33.845258,151.114911,False,5,normal
29 Phillips Street Cabarita,Cabarita,950.2,-33.851683,151.116287,False,5,normal
29A Phillips Street Cabarita,Cabarita,1199.4,-33.851411,151.116487,True,11,normal
2A Moore Street Cabarita,Cabarita,656.9,-33.848822,151.113405,False,5,normal
3 Medora Lane Cabarita,Cabarita,311.7,-33.844975,151.115267,False,5,small
3 Parkside Terrace Cabarita,Cabarita,406.3,-33.844012,151.117274,True,7,small
3 Phillips Street Cabarita,Cabarita,828.0,-33.850817,151.114415,False,5,normal
3 Regatta Way Cabarita,Cabarita,415.9,-33.844802,151.11873,True,6,small
3 Rosemeadow Drive Cabarita,Cabarita,314.8,-33.852375,151.118532,False,5,small
3 Stamford Avenue Cabarita,Cabarita,760.2,-33.847472,151.113282,False,5,normal
3 Strathroy Close Cabarita,Cabarita,582.7,-33.846717,151.117562,True,7,normal
3 Waine Street Cabarita,Cabarita,659.5,-33.846986,151.116273,False,5,normal
30 Elphinstone Street Cabarita,Cabarita,886.5,-33.848918,151.112164,True,6,normal
30 Jacaranda Drive Cabarita,Cabarita,728.7,-33.852476,151.115505,True,6,normal
30 Rosemeadow Drive Cabarita,Cabarita,355.4,-33.851251,151.11745,True,10,small
31 Edgewood Crescent Cabarita,Cabarita,310.2,-33.845456,151.117259,True,13,small
32 Elphinstone Street Cabarita,Cabarita,751.6,-33.848639,151.1121,True,7,normal
32 Jacaranda Drive Cabarita,Cabarita,967.2,-33.852249,151.115618,True,7,normal
32 Rosemeadow Drive Cabarita,Cabarita,474.1,-33.851314,151.117273,True,11,normal
33 Jacaranda Drive Cabarita,Cabarita,744.8,-33.852073,151.115649,True,6,normal
34 Dorking Road Cabarita,Cabarita,684.1,-33.84732,151.115914,False,5,normal
34 Rosemeadow Drive Cabarita,Cabarita,351.1,-33.851415,151.117073,True,12,small
35 Edgewood Crescent Cabarita,Cabarita,303.8,-33.845589,151.117231,True,16,small
35 Rosemeadow Drive Cabarita,Cabarita,328.3,-33.851501,151.117036,True,9,small
36 Dorking Road Cabarita,Cabarita,1594.1,-33.846761,151.116407,True,12,normal
37 Edgewood Crescent Cabarita,Cabarita,288.8,-33.845661,151.117256,True,13,small
38 Dorking Road Cabarita,Cabarita,1531.1,-33.846617,151.116555,False,5,normal
38 Rosemeadow Drive Cabarita,Cabarita,307.9,-33.851703,151.116829,True,7,small
39 Edgewood Crescent Cabarita,Cabarita,311.4,-33.845727,151.117247,True,13,small
39 Rosemeadow Drive Cabarita,Cabarita,304.0,-33.851761,151.116794,True,7,small
4 Catherine Spence Place Cabarita,Cabarita,506.5,-33.846318,151.116537,True,7,normal
4 Correys Square Cabarita,Cabarita,443.0,-33.844794,151.117009,True,8,small
4 Edgewood Crescent Cabarita,Cabarita,488.4,-33.844318,151.116829,True,6,normal
4 Elphinstone Street Cabarita,Cabarita,1010.0,-33.851286,151.11276,True,7,normal
4 Jacaranda Drive Cabarita,Cabarita,424.6,-33.853175,151.11792,True,22,small
4 Kendall Street Cabarita,Cabarita,784.5,-33.84818,151.114002,True,6,normal
4 Stamford Avenue Cabarita,Cabarita,797.1,-33.848005,151.113435,False,5,normal
40 Dorking Road Cabarita,Cabarita,1406.6,-33.846438,151.1165,True,9,normal
40 Elphinstone Street Cabarita,Cabarita,996.2,-33.848207,151.111836,True,6,normal
40 Rosemeadow Drive Cabarita,Cabarita,309.3,-33.851836,151.116769,True,9,small
44 Elphinstone Street Cabarita,Cabarita,1293.0,-33.847973,151.11163,False,5,normal
47 Phillips Street Cabarita,Cabarita,3620.6,-33.852384,151.117807,True,9,large
48 Elphinstone Street Cabarita,Cabarita,1371.2,-33.84771,151.111508,True,6,normal
49 Edgewood Crescent Cabarita,Cabarita,372.5,-33.845459,151.116681,True,15,small
49A Dorking Road Cabarita,Cabarita,681.0,-33.847007,151.117228,True,7,normal
5 Jacaranda Drive Cabarita,Cabarita,596.0,-33.853208,151.1179,True,22,normal
5 Medora Lane Cabarita,Cabarita,355.6,-33.844942,151.115175,True,7,small
5 Rosemeadow Drive Cabarita,Cabarita,316.3,-33.85226,151.118601,False,5,small
5 Strathroy Close Cabarita,Cabarita,493.0,-33.846553,151.117187,True,7,normal
5 Waine Street Cabarita,Cabarita,856.8,-33.846894,151.116188,True,6,normal
51 Dorking Road Cabarita,Cabarita,2032.2,-33.847074,151.117776,True,14,large
52 Elphinstone Street Cabarita,Cabarita,859.8,-33.847405,151.111663,False,5,normal
54 Elphinstone Street Cabarita,Cabarita,848.7,-33.847302,151.111581,True,6,normal
6 Bishop Street Cabarita,Cabarita,767.0,-33.847174,151.113045,False,5,normal
6 Catherine Spence Place Cabarita,Cabarita,486.2,-33.846225,151.116277,True,10,normal
6 Collingwood Avenue Cabarita,Cabarita,807.8,-33.850496,151.113945,False,5,normal
6 Edgewood Crescent Cabarita,Cabarita,344.0,-33.844308,151.116956,True,6,small
6 Elphinstone Street Cabarita,Cabarita,854.4,-33.850245,151.11249,True,7,normal
6 Kendall Inlet Cabarita,Cabarita,447.9,-33.844968,151.114874,True,22,small
6 Kendall Street Cabarita,Cabarita,730.8,-33.848076,151.113901,True,6,normal
6 Moore Street Cabarita,Cabarita,880.8,-33.849096,151.112932,True,6,normal
6 Stamford Avenue Cabarita,Cabarita,803.3,-33.84804,151.113294,False,5,normal
7 Catherine Spence Place Cabarita,Cabarita,467.8,-33.846168,151.116153,True,9,normal
7 Jacaranda Drive Cabarita,Cabarita,280.1,-33.85329,151.117679,True,8,small
7 Kendall Inlet Cabarita,Cabarita,305.5,-33.844888,151.115044,False,5,small
7 Medora Street Cabarita,Cabarita,819.5,-33.846381,151.114317,False,5,normal
7 Moore Street Cabarita,Cabarita,798.8,-33.848436,151.113225,False,5,normal
7 Parkside Terrace Cabarita,Cabarita,433.6,-33.844334,151.117373,True,7,small
7 Regatta Way Cabarita,Cabarita,415.2,-33.845177,151.118412,False,5,small
7 Strathroy Close Cabarita,Cabarita,490.6,-33.846335,151.116943,True,11,normal
7 Waine Street Cabarita,Cabarita,858.7,-33.846842,151.116062,False,5,normal
71 Cabarita Road Cabarita,Cabarita,860.4,-33.850538,151.113233,True,13,normal
75 Cabarita Road Cabarita,Cabarita,836.4,-33.850343,151.113522,False,5,normal
77 Cabarita Road Cabarita,Cabarita,838.6,-33.850234,151.11358,False,5,normal
8 Bishop Street Cabarita,Cabarita,792.9,-33.847221,151.112872,False,5,normal
8 Dorking Road Cabarita,Cabarita,586.2,-33.848812,151.114609,True,6,normal
8 Elphinstone Street Cabarita,Cabarita,794.8,-33.850099,151.112507,False,5,normal
8 Jacaranda Drive Cabarita,Cabarita,282.6,-33.853283,151.117583,True,7,small
8 Kendall Inlet Cabarita,Cabarita,299.2,-33.844821,151.115099,True,6,small
8 Kendall Street Cabarita,Cabarita,762.8,-33.84796,151.113912,False,5,normal
8 Phillips Street Cabarita,Cabarita,762.0,-33.852125,151.116035,False,5,normal
81 Cabarita Road Cabarita,Cabarita,825.8,-33.85002,151.113694,False,5,normal
83 Cabarita Road Cabarita,Cabarita,829.8,-33.849911,151.113751,False,5,normal
84A Cabarita Road Cabarita,Cabarita,615.1,-33.84983,151.113087,False,5,normal
85 Cabarita Road Cabarita,Cabarita,823.9,-33.849803,151.113808,False,5,normal
86A Cabarita Road Cabarita,Cabarita,789.0,-33.849624,151.11314,False,5,normal
89 Cabarita Road Cabarita,Cabarita,852.4,-33.849566,151.113933,False,5,normal
9 Collingwood Avenue Cabarita,Cabarita,1141.1,-33.850105,151.114963,True,8,normal
9 Correys Square Cabarita,Cabarita,466.0,-33.844983,151.116529,True,10,normal
9 Dorking Road Cabarita,Cabarita,731.6,-33.848923,151.115304,True,14,normal
9 Medora Street Cabarita,Cabarita,795.2,-33.846261,151.11438,False,5,normal
9 Stamford Avenue Cabarita,Cabarita,728.3,-33.847587,151.112858,False,5,normal
9 Strathroy Close Cabarita,Cabarita,538.7,-33.846139,151.116992,True,9,normal
90 Cabarita Road Cabarita,Cabarita,807.5,-33.849395,151.113309,True,6,normal
92 Cabarita Road Cabarita,Cabarita,1059.3,-33.849234,151.113352,True,7,normal
95 Cabarita Road Cabarita,Cabarita,579.0,-33.849044,151.114115,True,6,normal
98 Cabarita Road Cabarita,Cabarita,671.9,-33.848735,151.113742,True,6,normal
99 Cabarita Road Cabarita,Cabarita,594.9,-33.848761,151.114326,True,6,normal
1 Albion Street Concord,Concord,774.2,-33.850081,151.11028,True,6,normal
1 Alexandra Street Concord,Concord,716.3,-33.864168,151.10002,True,7,normal
1 Anderson Road Concord,Concord,768.9,-33.851551,151.106652,False,5,normal
1 Archer Street Concord,Concord,507.5,-33.8502,151.105787,True,10,normal
1 Arthur Street Concord,Concord,878.8,-33.857648,151.098183,True,7,normal
1 Augusta Street Concord,Concord,1035.0,-33.846853,151.103901,True,6,normal
1 Bayview Street Concord,Concord,804.4,-33.852482,151.108341,True,8,normal
1 Beaconsfield Lane Concord,Concord,758.8,-33.85964,151.105629,True,7,normal
1 Brays Road Concord,Concord,920.2,-33.848504,151.111712,True,8,normal
1 Brewer Street Concord,Concord,710.3,-33.853161,151.107716,True,8,normal
1 Burton Street Concord,Concord,614.0,-33.867998,151.108197,True,6,normal
1 Burwood Road Concord,Concord,339.7,-33.868802,151.105608,True,6,small
1 Cabarita Road Concord,Concord,522.5,-33.851984,151.107954,True,10,normal
1 Castlereagh Street Concord,Concord,641.8,-33.859532,151.098013,False,5,normal
1 Churchill Crescent Concord,Concord,808.1,-33.856457,151.100437,True,21,normal
1 Corby Avenue Concord,Concord,9187.9,-33.861393,151.111471,True,39,large
1 Cormiston Avenue Concord,Concord,676.1,-33.86035,151.103119,True,7,normal
1 Daly Avenue Concord,Concord,685.2,-33.866547,151.097093,True,10,normal
1 Davidson Avenue Concord,Concord,832.6,-33.854039,151.10216,True,6,normal
1 Durham Street Concord,Concord,963.3,-33.859217,151.117868,True,6,normal
1 Edith Avenue Concord,Concord,751.8,-33.861136,151.112859,True,18,normal
1 Ellis Street Concord,Concord,772.1,-33.8539,151.104649,True,7,normal
1 Fairview Street Concord,Concord,1049.9,-33.858358,151.100458,True,8,normal
1 Gale Street Concord,Concord,607.6,-33.847767,151.108139,False,5,normal
1 Gladstone Street Concord,Concord,493.5,-33.861943,151.107032,True,8,normal
1 Gloucester Street Concord,Concord,971.3,-33.84759,151.104462,True,7,normal
1 Homedale Avenue Concord,Concord,851.8,-33.859399,151.095249,True,6,normal
1 Jellicoe Street Concord,Concord,838.5,-33.856307,151.105222,True,6,normal
1 Jones Street Concord,Concord,1585.4,-33.858312,151.105941,True,33,normal
1 Kentwell Avenue Concord,Concord,436.7,-33.861084,151.096525,True,14,small
1 Kingston Avenue Concord,Concord,723.7,-33.847012,151.106574,False,5,normal
1 Kitchener Avenue Concord,Concord,943.0,-33.850574,151.111015,True,9,normal
1 La Mascotte Avenue Concord,Concord,816.1,-33.85956,151.110559,True,8,normal
1 Leigh Avenue Concord,Concord,982.3,-33.864481,151.099063,False,5,normal
1 Lindfield Avenue Concord,Concord,764.7,-33.858436,151.110142,True,8,normal
1 Links Avenue Concord,Concord,822.4,-33.852095,151.101686,True,7,normal
1 Loftus Street Concord,Concord,363.4,-33.868623,151.107687,True,10,small
1 Ludgate Street Concord,Concord,799.1,-33.858795,151.101499,True,8,normal
1 Majors Bay Road Concord,Concord,896.6,-33.859128,151.104141,False,5,normal
1 Marceau Drive Concord,Concord,981.1,-33.859285,151.116277,True,28,normal
1 Noble Street Concord,Concord,868.5,-33.852423,151.105609,True,6,normal
1 Norman Street Concord,Concord,1013.1,-33.845397,151.102272,True,6,normal
1 Parramatta Road Concord,Concord,834.8,-33.868926,151.107549,True,6,normal
1 Rhonda Place Concord,Concord,651.5,-33.85846,151.106249,False,5,normal
1 Richards Place Concord,Concord,939.2,-33.859702,151.106754,True,30,normal
1 Rickard Street Concord,Concord,571.5,-33.846353,151.104101,True,6,normal
1 Riverview Street Concord,Concord,860.5,-33.850339,151.112068,True,7,normal
1 Rose Avenue Concord,Concord,666.0,-33.860639,151.102155,True,7,normal
1 Salt Street Concord,Concord,641.4,-33.858803,151.113737,True,8,normal
1 Shackel Avenue Concord,Concord,812.0,-33.858977,151.101771,True,8,normal
1 Shipham Street Concord,Concord,798.4,-33.853123,151.10666,True,7,normal
1 Smythes Street Concord,Concord,597.1,-33.852943,151.104643,True,8,normal
1 Spring Street Concord,Concord,721.6,-33.855058,151.105415,True,8,normal
1 Sydney Street Concord,Concord,598.8,-33.863342,151.097977,True,6,normal
1 Tennyson Road Concord,Concord,519.3,-33.845344,151.107163,True,8,normal
1 Tremere Street Concord,Concord,754.6,-33.859008,151.112576,True,7,normal
1 Turner Avenue Concord,Concord,872.0,-33.84724,151.105556,False,5,normal
1 View Street Concord,Concord,949.1,-33.856345,151.111725,True,11,normal
1 Ward Street Concord,Concord,483.5,-33.860272,151.113539,True,6,normal
10 Addison Avenue Concord,Concord,1002.4,-33.862789,151.101363,False,5,normal
10 Albion Street Concord,Concord,800.8,-33.850711,151.109909,False,5,normal
10 Alexandra Street Concord,Concord,645.6,-33.864658,151.1,False,5,normal
10 Alton Avenue Concord,Concord,1209.6,-33.860977,151.095034,True,10,normal
10 Anderson Road Concord,Concord,1218.6,-33.851869,151.105986,False,5,normal
10 Archer Street Concord,Concord,817.7,-33.850808,151.105258,False,5,normal
10 Augusta Street Concord,Concord,790.7,-33.847459,151.103445,False,5,normal
10 Barton Street Concord,Concord,1021.5,-33.847602,151.106165,False,5,normal
10 Bertram Street Concord,Concord,589.9,-33.844245,151.106886,False,5,normal
10 Braddon Street Concord,Concord,887.4,-33.845293,151.104972,True,8,normal
10 Brays Road Concord,Concord,1276.5,-33.84861,151.110407,False,5,normal
10 Brewer Street Concord,Concord,737.5,-33.85346,151.106216,False,5,normal
10 Broughton Street Concord,Concord,1218.3,-33.866992,151.103032,False,5,normal
10 Burton Street Concord,Concord,1099.9,-33.868266,151.106902,False,5,normal
10 Cabarita Road Concord,Concord,304.1,-33.851693,151.107667,True,13,small
10 Churchill Crescent Concord,Concord,758.7,-33.856111,151.099344,True,10,normal
10 Correys Avenue Concord,Concord,747.2,-33.853772,151.101491,False,5,normal
10 Creewood Street Concord,Concord,700.4,-33.862062,151.094848,True,7,normal
10 Davidson Avenue Concord,Concord,702.0,-33.85468,151.101801,True,7,normal
10 Deakin Street Concord,Concord,1203.5,-33.844179,151.103213,True,6,normal
10 Duke Avenue Concord,Concord,748.4,-33.858247,151.11395,True,6,normal
10 Durham Street Concord,Concord,850.5,-33.86049,151.116005,True,27,normal
10 Edith Avenue Concord,Concord,701.0,-33.860788,151.111863,False,5,normal
10 Empire Avenue Concord,Concord,847.9,-33.856826,151.111948,True,6,normal
10 Evelyn Avenue Concord,Concord,651.1,-33.862428,151.110105,False,5,normal
10 Fairview Street Concord,Concord,858.4,-33.858957,151.10031,True,6,normal
10 Finch Avenue Concord,Concord,632.7,-33.863043,151.109677,False,5,normal
10 Gloucester Street Concord,Concord,813.8,-33.848202,151.104014,False,5,normal
10 High Street Concord,Concord,1015.3,-33.857915,151.099995,True,7,normal
10 Homedale Avenue Concord,Concord,903.8,-33.860044,151.094794,False,5,normal
10 Jones Street Concord,Concord,879.0,-33.858865,151.104878,False,5,normal
10 Keppel Avenue Concord,Concord,853.8,-33.863342,151.095652,False,5,normal
10 Kingston Avenue Concord,Concord,959.2,-33.846627,151.10576,False,5,normal
10 La Mascotte Avenue Concord,Concord,811.1,-33.859761,151.109592,False,5,normal
10 Leigh Avenue Concord,Concord,879.9,-33.864083,151.09857,True,7,normal
10 Loftus Street Concord,Concord,749.0,-33.867063,151.108677,False,5,normal
10 Ludgate Street Concord,Concord,593.2,-33.858016,151.100613,True,6,normal
10 Macnamara Avenue Concord,Concord,657.3,-33.861198,151.096821,True,6,normal
10 Marceau Drive Concord,Concord,859.6,-33.859735,151.116242,True,12,normal
10 Nicholas Avenue Concord,Concord,609.8,-33.860402,151.109085,True,6,normal
10 Norman Street Concord,Concord,795.2,-33.845924,151.102514,False,5,normal
10 Rhonda Place Concord,Concord,691.0,-33.858401,151.107399,True,6,normal
10 Riverview Street Concord,Concord,824.2,-33.849957,151.111299,False,5,normal
10 Salisbury Street Concord,Concord,789.2,-33.862572,151.106406,False,5,normal
10 Salt Street Concord,Concord,969.2,-33.858381,151.112883,True,6,normal
10 Sanders Parade Concord,Concord,752.6,-33.856517,151.113413,False,5,normal
10 Shackel Avenue Concord,Concord,840.3,-33.859713,151.101391,False,5,normal
10 Shipham Street Concord,Concord,710.0,-33.85282,151.105847,True,6,normal
10 Spring Street Concord,Concord,437.7,-33.854858,151.104767,True,6,small
10 Stanley Street Concord,Concord,671.5,-33.863852,151.106159,False,5,normal
10 Station Street Concord,Concord,902.8,-33.859163,151.094485,False,5,normal
10 Trafalgar Parade Concord,Concord,962.6,-33.855637,151.101877,False,5,normal
10 Tremere Street Concord,Concord,678.5,-33.85849,151.111783,False,5,normal
10 Tripod Street Concord,Concord,785.4,-33.859018,151.110708,True,6,normal
10 View Street Concord,Concord,976.7,-33.855893,151.111046,False,5,normal
10 Ward Street Concord,Concord,613.5,-33.860301,151.112896,False,5,normal
10 Wellbank Street Concord,Concord,865.6,-33.856058,151.104502,False,5,normal
10 Wiggins Place Concord,Concord,662.0,-33.848464,151.109469,True,6,normal
10 William Street Concord,Concord,733.0,-33.849104,151.108589,False,5,normal
10 Zoeller Street Concord,Concord,831.1,-33.857711,151.112039,True,14,normal
10-12 Crane Street Concord,Concord,1658.0,-33.863229,151.108652,True,7,normal
100 Correys Avenue Concord,Concord,918.8,-33.855322,151.094315,True,6,normal
100 Davidson Avenue Concord,Concord,787.3,-33.855996,151.094895,True,17,normal
100 Links Avenue Concord,Concord,908.6,-33.85431,151.094143,False,5,normal
100 Majors Bay Road Concord,Concord,300.3,-33.855879,151.10288,False,5,small
101 Broughton Street Concord,Concord,864.2,-33.859403,151.107956,False,5,normal
101 Burwood Road Concord,Concord,336.4,-33.862931,151.108293,False,5,small
101 Concord Road Concord,Concord,1049.5,-33.86243,151.093898,False,5,normal
101 Davidson Avenue Concord,Concord,773.8,-33.85568,151.094201,True,6,normal
101 Links Avenue Concord,Concord,881.6,-33.853552,151.094882,True,7,normal
101 Patterson Street Concord,Concord,827.6,-33.862211,151.095875,False,5,normal
102 Burwood Road Concord,Concord,1161.2,-33.860914,151.109501,True,6,normal
102 Correys Avenue Concord,Concord,897.7,-33.85532,151.094152,True,7,normal
102 Majors Bay Road Concord,Concord,291.7,-33.855835,151.102871,False,5,small
102 Wellbank Street Concord,Concord,581.6,-33.857831,151.095764,True,7,normal
102A Burwood Road Concord,Concord,713.9,-33.860861,151.1097,False,5,normal
102D Burwood Road Concord,Concord,649.9,-33.860411,151.110166,False,5,normal
103 Broughton Street Concord,Concord,1447.5,-33.85935,151.108171,True,8,normal
103 Concord Road Concord,Concord,1033.9,-33.862267,151.09388,True,6,normal
103 Correys Avenue Concord,Concord,982.4,-33.854742,151.094114,False,5,normal
103 Davidson Avenue Concord,Concord,782.5,-33.855708,151.09407,True,6,normal
103 Links Avenue Concord,Concord,901.8,-33.853576,151.094703,False,5,normal
103 Majors Bay Road Concord,Concord,2039.5,-33.854826,151.103375,True,7,large
104 Correys Avenue Concord,Concord,801.2,-33.855385,151.094024,True,6,normal
104 Davidson Avenue Concord,Concord,785.7,-33.856237,151.094669,True,6,normal
104 Majors Bay Road Concord,Concord,584.3,-33.855775,151.102858,False,5,normal
105 Concord Road Concord,Concord,515.1,-33.862168,151.093817,False,5,normal
105 Correys Avenue Concord,Concord,1002.6,-33.854775,151.093957,False,5,normal
105 Davidson Avenue Concord,Concord,787.7,-33.855737,151.093938,True,6,normal
105 Links Avenue Concord,Concord,890.5,-33.853606,151.094561,False,5,normal
105 Patterson Street Concord,Concord,834.4,-33.862325,151.095466,True,6,normal
105A Concord Road Concord,Concord,466.3,-33.862098,151.093796,False,5,normal
106 Burwood Road Concord,Concord,825.6,-33.860186,151.110336,False,5,normal
106 Correys Avenue Concord,Concord,791.1,-33.855414,151.09389,True,6,normal
106 Davidson Avenue Concord,Concord,771.3,-33.85627,151.094516,True,6,normal
106 Wellbank Street Concord,Concord,844.2,-33.857901,151.095478,True,7,normal
107 Broughton Street Concord,Concord,776.3,-33.859059,151.108176,False,5,normal
107 Burwood Road Concord,Concord,401.7,-33.862606,151.108385,True,17,small
107 Correys Avenue Concord,Concord,1011.0,-33.85481,151.093798,False,5,normal
107 Links Avenue Concord,Concord,885.8,-33.853636,151.094422,False,5,normal
107 Patterson Street Concord,Concord,807.6,-33.862329,151.095328,False,5,normal
108 Correys Avenue Concord,Concord,791.9,-33.855448,151.093735,True,6,normal
108 Majors Bay Road Concord,Concord,922.1,-33.855672,151.102836,False,5,normal
109 Broughton Street Concord,Concord,773.1,-33.858939,151.108216,True,6,normal
109 Burwood Road Concord,Concord,347.3,-33.862615,151.108583,False,5,small
109 Correys Avenue Concord,Concord,1010.0,-33.854844,151.093639,False,5,normal
11 Archer Street Concord,Concord,836.4,-33.850349,151.104946,False,5,normal
11 Arthur Street Concord,Concord,895.1,-33.858252,151.09839,True,6,normal
11 Augusta Street Concord,Concord,813.9,-33.847025,151.103015,False,5,normal
11 Bent Street Concord,Concord,572.4,-33.854844,151.10448,True,6,normal
11 Broughton Street Concord,Concord,984.5,-33.866431,151.103839,False,5,normal
11 Burton Street Concord,Concord,721.7,-33.86778,151.107608,False,5,normal
11 Castlereagh Street Concord,Concord,643.4,-33.858975,151.097841,False,5,normal
11 Corby Avenue Concord,Concord,1087.4,-33.861126,151.11102,False,5,normal
11 Cross Street Concord,Concord,1014.7,-33.860423,151.096204,True,6,normal
11 David Street Concord,Concord,681.7,-33.864583,151.105963,True,6,normal
11 Ellis Street Concord,Concord,764.0,-33.853333,151.104507,False,5,normal
11 Evelyn Avenue Concord,Concord,668.5,-33.861999,151.110284,True,6,normal
11 Finch Avenue Concord,Concord,624.2,-33.862615,151.109805,False,5,normal
11 Flavelle Street Concord,Concord,654.2,-33.860923,151.10027,False,5,normal
11 Franklyn Street Concord,Concord,674.4,-33.866296,151.096117,True,6,normal
11 Gallipoli Street Concord,Concord,877.9,-33.857346,151.104739,False,5,normal
11 Gipps Street Concord,Concord,421.5,-33.865725,151.106409,False,5,small
11 Heath Street Concord,Concord,833.3,-33.846279,151.102449,False,5,normal
11 Jellicoe Street Concord,Concord,777.7,-33.856446,151.104465,False,5,normal
11 Jones Street Concord,Concord,884.6,-33.858228,151.105172,False,5,normal
11 Kitchener Avenue Concord,Concord,899.0,-33.849936,151.110821,False,5,normal
11 Lancelot Street Concord,Concord,914.6,-33.851946,151.104302,False,5,normal
11 Lansdowne Street Concord,Concord,1018.6,-33.866474,151.10505,False,5,normal
11 Leigh Avenue Concord,Concord,647.6,-33.863803,151.09944,True,6,normal
11 Loftus Street Concord,Concord,914.0,-33.86697,151.108762,True,6,normal
11 Ludgate Street Concord,Concord,1022.4,-33.858092,151.101325,True,6,normal
11 Marceau Drive Concord,Concord,814.3,-33.859521,151.115205,True,6,normal
11 Nicholas Avenue Concord,Concord,556.3,-33.859964,151.109255,True,6,normal
11 Noble Street Concord,Concord,1223.3,-33.851685,151.105484,True,6,normal
11 Patterson Street Concord,Concord,627.4,-33.860822,151.1028,True,13,normal
11 Rickard Street Concord,Concord,535.4,-33.845778,151.103737,True,6,normal
11 Shipham Street Concord,Concord,887.8,-33.852556,151.106498,False,5,normal
11 Wallace Street Concord,Concord,599.6,-33.860467,151.108636,False,5,normal
11 Warbrick Street Concord,Concord,812.9,-33.856744,151.105918,False,5,normal
11 Zoeller Street Concord,Concord,1129.2,-33.857204,151.111999,True,6,normal
110 Correys Avenue Concord,Concord,798.5,-33.855472,151.093624,True,6,normal
110 Davidson Avenue Concord,Concord,771.6,-33.856321,151.094277,True,6,normal
110 Majors Bay Road Concord,Concord,922.1,-33.855672,151.102836,False,5,normal
112 Correys Avenue Concord,Concord,804.5,-33.855501,151.09349,True,6,normal
112 Davidson Avenue Concord,Concord,809.9,-33.856349,151.094148,True,6,normal
112 Wellbank Street Concord,Concord,833.3,-33.858082,151.094855,True,8,normal
113 Correys Avenue Concord,Concord,1003.7,-33.854912,151.09332,False,5,normal
113 Davidson Avenue Concord,Concord,773.5,-33.855849,151.093414,True,6,normal
113 Links Avenue Concord,Concord,897.0,-33.853726,151.093999,False,5,normal
114 Davidson Avenue Concord,Concord,774.1,-33.856381,151.093995,True,6,normal
114 Links Avenue Concord,Concord,1009.7,-33.854544,151.093057,False,5,normal
115 Davidson Avenue Concord,Concord,786.2,-33.855878,151.093283,True,6,normal
116 Correys Avenue Concord,Concord,800.3,-33.855563,151.093201,True,6,normal
117 Concord Road Concord,Concord,791.2,-33.861467,151.0936,True,6,normal
117 Correys Avenue Concord,Concord,1013.6,-33.855091,151.092975,True,15,normal
118 Correys Avenue Concord,Concord,790.6,-33.855588,151.093086,True,6,normal
118 Davidson Avenue Concord,Concord,789.8,-33.856433,151.093755,True,6,normal
119 Links Avenue Concord,Concord,1052.8,-33.853815,151.093587,False,5,normal
119 Patterson Street Concord,Concord,1386.5,-33.862401,151.094533,True,6,normal
11A Crane Street Concord,Concord,716.9,-33.861347,151.106017,True,6,normal
11A Evelyn Avenue Concord,Concord,655.7,-33.861948,151.110131,False,5,normal
12 Addison Avenue Concord,Concord,1046.4,-33.862661,151.101489,False,5,normal
12 Alexandra Street Concord,Concord,614.9,-33.864682,151.0999,False,5,normal
12 Anderson Road Concord,Concord,835.1,-33.851728,151.106067,False,5,normal
12 Bayview Street Concord,Concord,478.2,-33.852669,151.109277,True,7,normal
12 Beaconsfield Avenue Concord,Concord,579.5,-33.860188,151.105612,False,5,normal
12 Braddon Street Concord,Concord,883.4,-33.845366,151.104775,True,7,normal
12 Brays Road Concord,Concord,1263.7,-33.84847,151.110342,True,6,normal
12 Burton Street Concord,Concord,1079.6,-33.868266,151.106722,True,6,normal
12 Cabarita Road Concord,Concord,283.3,-33.851615,151.107745,False,5,small
12 Clermont Avenue Concord,Concord,923.3,-33.856973,151.094906,True,8,normal
12 Corby Avenue Concord,Concord,1178.9,-33.861639,151.110531,False,5,normal
12 Deakin Street Concord,Concord,1279.8,-33.844123,151.103352,False,5,normal
12 Denison Street Concord,Concord,892.5,-33.849856,151.109492,False,5,normal
12 Durham Street Concord,Concord,813.7,-33.860437,151.115763,False,5,normal
12 Edith Avenue Concord,Concord,722.8,-33.860776,151.111688,False,5,normal
12 Evelyn Avenue Concord,Concord,636.6,-33.862366,151.109975,False,5,normal
12 Fairview Street Concord,Concord,865.5,-33.858995,151.100132,True,6,normal
12 Franklyn Street Concord,Concord,722.9,-33.866325,151.095538,True,9,normal
12 Gladstone Street Concord,Concord,489.5,-33.86094,151.1073,False,5,normal
12 Heath Street Concord,Concord,805.9,-33.846738,151.102759,False,5,normal
12 High Street Concord,Concord,1061.0,-33.85809,151.099831,True,8,normal
12 Homedale Avenue Concord,Concord,909.9,-33.860085,151.094603,False,5,normal
12 John Street Concord,Concord,579.5,-33.866531,151.101083,False,5,normal
12 Lansdowne Street Concord,Concord,988.6,-33.866257,151.104373,False,5,normal
12 Leigh Avenue Concord,Concord,866.2,-33.863971,151.09863,True,7,normal
12 Links Avenue Concord,Concord,779.5,-33.852816,151.101215,False,5,normal
12 Macnamara Avenue Concord,Concord,644.3,-33.861089,151.096829,False,5,normal
12 Meadow Street Concord,Concord,624.9,-33.860375,151.100547,False,5,normal
12 Nicholas Avenue Concord,Concord,616.6,-33.860337,151.108958,True,6,normal
12 Pitt Street Concord,Concord,876.3,-33.860983,151.099159,False,5,normal
12 Salt Street Concord,Concord,641.4,-33.85827,151.112849,True,6,normal
12 Sanders Parade Concord,Concord,775.7,-33.856393,151.113304,False,5,normal
12 Shackel Avenue Concord,Concord,800.7,-33.859742,151.10126,False,5,normal
12 Stanley Street Concord,Concord,751.8,-33.863798,151.106045,False,5,normal
12 Station Street Concord,Concord,910.2,-33.859197,151.094326,False,5,normal
12 Sydney Street Concord,Concord,908.3,-33.863874,151.098328,True,6,normal
12 Tennyson Road Concord,Concord,338.5,-33.84497,151.106925,False,5,small
12 William Street Concord,Concord,704.0,-33.848972,151.108633,False,5,normal
12 Wordsworth Avenue Concord,Concord,784.7,-33.861427,151.101344,True,16,normal
12 Zoeller Street Concord,Concord,742.0,-33.85781,151.111674,True,7,normal
120 Correys Avenue Concord,Concord,787.9,-33.85564,151.092933,True,7,normal
120 Davidson Avenue Concord,Concord,794.4,-33.856461,151.093624,True,6,normal
120 Wellbank Street Concord,Concord,915.6,-33.858282,151.094199,True,6,normal
121 Links Avenue Concord,Concord,882.6,-33.853847,151.093437,False,5,normal
121 Patterson Street Concord,Concord,1431.6,-33.862467,151.094375,False,5,normal
122 Burwood Road Concord,Concord,933.5,-33.859335,151.111843,False,5,normal
122 Correys Avenue Concord,Concord,813.4,-33.855644,151.092824,True,6,normal
122 Davidson Avenue Concord,Concord,798.3,-33.856494,151.093471,True,6,normal
123 Concord Road Concord,Concord,776.1,-33.861128,151.093432,True,6,normal
124 Davidson Avenue Concord,Concord,804.3,-33.856522,151.093339,True,6,normal
124 Wellbank Street Concord,Concord,895.2,-33.858345,151.09389,False,5,normal
125 Burwood Road Concord,Concord,554.3,-33.861754,151.10943,True,6,normal
125 Davidson Avenue Concord,Concord,770.2,-33.856053,151.092651,False,5,normal
125 Links Avenue Concord,Concord,882.1,-33.853907,151.093154,False,5,normal
126 Correys Avenue Concord,Concord,806.4,-33.855702,151.092556,True,6,normal
127 Burwood Road Concord,Concord,531.5,-33.861687,151.109532,False,5,normal
127 Davidson Avenue Concord,Concord,776.0,-33.856081,151.09252,False,5,normal
127 Parramatta Road Concord,Concord,416.1,-33.86714,151.097164,True,7,small
128 Burwood Road Concord,Concord,727.0,-33.85925,151.112519,False,5,normal
128 Correys Avenue Concord,Concord,778.5,-33.855708,151.092407,False,5,normal
128 Davidson Avenue Concord,Concord,780.7,-33.856546,151.093105,False,5,normal
128 Majors Bay Road Concord,Concord,892.4,-33.854869,151.102613,True,6,normal
128 Wellbank Street Concord,Concord,900.5,-33.858406,151.093605,False,5,normal
129 Burwood Road Concord,Concord,505.8,-33.861608,151.109598,False,5,normal
129 Concord Road Concord,Concord,972.4,-33.860513,151.09332,True,6,normal
12A Deakin Street Concord,Concord,287.8,-33.843801,151.103075,True,9,small
13 Archer Street Concord,Concord,843.5,-33.850404,151.104782,True,6,normal
13 Arthur Street Concord,Concord,833.5,-33.858361,151.098492,True,7,normal
13 Augusta Street Concord,Concord,815.8,-33.847059,151.102856,False,5,normal
13 Bayview Street Concord,Concord,653.8,-33.85227,151.10912,False,5,normal
13 Braddon Street Concord,Concord,944.2,-33.844963,151.104215,True,6,normal
13 Brewer Street Concord,Concord,1522.2,-33.853376,151.105701,True,8,normal
13 Burton Street Concord,Concord,669.7,-33.867762,151.107478,False,5,normal
13 Cabarita Road Concord,Concord,865.3,-33.851972,151.108724,False,5,normal
13 Castlereagh Street Concord,Concord,646.3,-33.858853,151.097829,True,6,normal
13 Cormiston Avenue Concord,Concord,828.9,-33.859521,151.102935,False,5,normal
13 Correys Avenue Concord,Concord,784.9,-33.853214,151.101333,False,5,normal
13 Cross Street Concord,Concord,1019.1,-33.86029,151.096162,True,6,normal
13 Empire Avenue Concord,Concord,534.8,-33.856882,151.108697,False,5,normal
13 Finch Avenue Concord,Concord,623.3,-33.862602,151.109643,False,5,normal
13 Frederick Street Concord,Concord,787.4,-33.852477,151.108089,False,5,normal
13 Gale Street Concord,Concord,597.9,-33.847528,151.108066,False,5,normal
13 Gallipoli Street Concord,Concord,773.1,-33.857377,151.104594,False,5,normal
13 Gipps Street Concord,Concord,480.8,-33.865674,151.106276,False,5,normal
13 Gladstone Street Concord,Concord,568.3,-33.861394,151.107503,False,5,normal
13 Gloucester Street Concord,Concord,760.7,-33.847807,151.103421,False,5,normal
13 High Street Concord,Concord,631.9,-33.857631,151.099532,True,6,normal
13 Jones Street Concord,Concord,863.6,-33.85826,151.105023,False,5,normal
13 Keppel Avenue Concord,Concord,851.2,-33.862917,151.096173,True,7,normal
13 Kingston Avenue Concord,Concord,913.5,-33.84627,151.106337,False,5,normal
13 Kitchener Avenue Concord,Concord,845.2,-33.849813,151.110782,False,5,normal
13 La Mascotte Avenue Concord,Concord,810.9,-33.85922,151.109825,False,5,normal
13 Links Avenue Concord,Concord,943.3,-33.852269,151.100906,False,5,normal
13 Majors Bay Road Concord,Concord,979.8,-33.858188,151.104014,False,5,normal
13 Marceau Drive Concord,Concord,812.8,-33.859578,151.115027,True,7,normal
13 Meadow Street Concord,Concord,593.3,-33.860156,151.100972,True,11,normal
13 Patterson Street Concord,Concord,665.1,-33.860788,151.10261,False,5,normal
13 Shackel Avenue Concord,Concord,822.7,-33.859193,151.100763,True,6,normal
13 Trafalgar Parade Concord,Concord,810.1,-33.85508,151.101538,True,6,normal
13 Turner Avenue Concord,Concord,1028.4,-33.846476,151.105177,False,5,normal
13 View Street Concord,Concord,969.5,-33.855502,151.11164,False,5,normal
13 Warbrick Street Concord,Concord,795.1,-33.856624,151.10588,False,5,normal
13 William Street Concord,Concord,758.5,-33.848722,151.109234,True,6,normal
13 Wordsworth Avenue Concord,Concord,1021.8,-33.861761,151.10173,False,5,normal
130 Burwood Road Concord,Concord,739.3,-33.859221,151.112668,False,5,normal
130 Davidson Avenue Concord,Concord,810.3,-33.856574,151.092975,False,5,normal
130 Wellbank Street Concord,Concord,913.8,-33.85844,151.093446,False,5,normal
132 Majors Bay Road Concord,Concord,306.6,-33.854556,151.10269,False,5,small
132A Majors Bay Road Concord,Concord,334.1,-33.854504,151.102674,False,5,small
133 Burwood Road Concord,Concord,854.7,-33.861481,151.109862,False,5,normal
133E Parramatta Road Concord,Concord,211.4,-33.86707,151.096671,False,5,small
136 Burwood Road Concord,Concord,778.4,-33.859138,151.113094,False,5,normal
139 Parramatta Road Concord,Concord,248.5,-33.866999,151.096385,False,5,small
14 Addison Avenue Concord,Concord,999.4,-33.862555,151.101593,False,5,normal
14 Alexandra Street Concord,Concord,610.9,-33.864685,151.099761,True,6,normal
14 Alton Avenue Concord,Concord,1246.1,-33.861115,151.094754,True,6,normal
14 Anderson Road Concord,Concord,805.6,-33.851649,151.105982,True,6,normal
14 Augusta Street Concord,Concord,823.8,-33.847526,151.103136,False,5,normal
14 Beaconsfield Avenue Concord,Concord,615.3,-33.860079,151.105636,True,6,normal
14 Bell Street Concord,Concord,849.1,-33.862836,151.096549,True,7,normal
14 Bent Street Concord,Concord,483.1,-33.855139,151.103917,False,5,normal
14 Brays Road Concord,Concord,858.7,-33.848321,151.110419,False,5,normal
14 Broughton Street Concord,Concord,582.2,-33.861028,151.10613,False,5,normal
14 Burton Street Concord,Concord,359.9,-33.868156,151.106617,True,9,small
14 Cabarita Road Concord,Concord,254.1,-33.8516,151.107813,False,5,small
14 Churchill Crescent Concord,Concord,813.8,-33.85604,151.098973,True,13,normal
14 Corby Avenue Concord,Concord,1443.9,-33.861607,151.11035,True,6,normal
14 Correys Avenue Concord,Concord,707.7,-33.853833,151.101194,False,5,normal
14 Deakin Street Concord,Concord,1372.9,-33.843996,151.103463,True,6,normal
14 Denison Street Concord,Concord,706.4,-33.849888,151.109349,False,5,normal
14 Duke Avenue Concord,Concord,750.9,-33.858024,151.113884,True,6,normal
14 Evelyn Avenue Concord,Concord,651.6,-33.862304,151.109847,False,5,normal
14 Fairview Street Concord,Concord,863.4,-33.859028,151.099976,True,6,normal
14 Flavelle Street Concord,Concord,2055.4,-33.862648,151.099979,True,7,large
14 Gale Street Concord,Concord,1229.9,-33.847484,151.107373,True,7,normal
14 Gladstone Street Concord,Concord,595.7,-33.860842,151.107322,True,6,normal
14 Gloucester Street Concord,Concord,805.3,-33.84827,151.103696,False,5,normal
14 Ian Parade Concord,Concord,12555.1,-33.855679,151.106857,True,10,large
14 Jellicoe Street Concord,Concord,843.3,-33.857042,151.104473,True,6,normal
14 Jones Street Concord,Concord,875.9,-33.85893,151.104577,False,5,normal
14 Keppel Avenue Concord,Concord,849.4,-33.863055,151.095539,True,7,normal
14 Kingston Avenue Concord,Concord,1028.7,-33.846387,151.105564,False,5,normal
14 La Mascotte Avenue Concord,Concord,811.2,-33.859677,151.109338,True,6,normal
14 Lansdowne Street Concord,Concord,1000.9,-33.866085,151.104359,True,6,normal
14 Marceau Drive Concord,Concord,782.1,-33.859848,151.115861,False,5,normal
14 Meadow Street Concord,Concord,577.2,-33.860245,151.100577,True,11,normal
14 Mortlake Street Concord,Concord,717.8,-33.850665,151.108077,False,5,normal
14 Norman Street Concord,Concord,790.4,-33.845992,151.102195,False,5,normal
14 Pitt Street Concord,Concord,884.8,-33.861011,151.099028,False,5,normal
14 Rhonda Place Concord,Concord,669.2,-33.85862,151.107252,True,6,normal
14 Rose Avenue Concord,Concord,629.0,-33.86006,151.101453,False,5,normal
14 Salt Street Concord,Concord,628.4,-33.85818,151.112822,True,6,normal
14 Shackel Avenue Concord,Concord,860.4,-33.859798,151.101137,True,6,normal
14 Shipham Street Concord,Concord,783.7,-33.852576,151.105818,False,5,normal
14 Spring Street Concord,Concord,455.4,-33.854674,151.104771,False,5,normal
14 Stanley Street Concord,Concord,695.7,-33.863818,151.105857,True,6,normal
14 Tennyson Road Concord,Concord,689.3,-33.844934,151.106995,False,5,normal
14 Trafalgar Parade Concord,Concord,822.7,-33.855701,151.101589,False,5,normal
14 Tremere Street Concord,Concord,710.3,-33.858294,151.111678,True,6,normal
14 View Street Concord,Concord,949.3,-33.855627,151.110971,False,5,normal
14 Wellbank Street Concord,Concord,849.7,-33.856147,151.104201,True,6,normal
140 Burwood Road Concord,Concord,594.1,-33.859065,151.113634,True,6,normal
141 Burwood Road Concord,Concord,876.0,-33.861183,151.110122,True,6,normal
142 Burwood Road Concord,Concord,615.3,-33.859026,151.113738,False,5,normal
143 Burwood Road Concord,Concord,1087.6,-33.860955,151.110367,True,6,normal
143 Majors Bay Road Concord,Concord,919.2,-33.85313,151.103222,True,6,normal
145 Burwood Road Concord,Concord,907.4,-33.860867,151.110523,False,5,normal
145 Majors Bay Road Concord,Concord,1257.5,-33.852914,151.103214,True,6,normal
147 Burwood Road Concord,Concord,901.4,-33.860775,151.110623,False,5,normal
147 Majors Bay Road Concord,Concord,1305.4,-33.852777,151.10311,False,5,normal
149 Burwood Road Concord,Concord,921.6,-33.860681,151.110724,False,5,normal
14A Broughton Street Concord,Concord,615.6,-33.86113,151.106017,True,8,normal
14A Burton Street Concord,Concord,455.4,-33.868149,151.106574,True,9,normal
14A Fairview Street Concord,Concord,863.4,-33.859028,151.099976,True,6,normal
15 Bent Street Concord,Concord,492.5,-33.854653,151.104426,False,5,normal
15 Brays Road Concord,Concord,1336.5,-33.847956,151.111091,False,5,normal
15 Cabarita Road Concord,Concord,862.0,-33.851943,151.108851,False,5,normal
15 Castlereagh Street Concord,Concord,641.6,-33.858737,151.097793,True,6,normal
15 Cormiston Avenue Concord,Concord,828.0,-33.859405,151.102904,False,5,normal
15 Creewood Street Concord,Concord,752.7,-33.861415,151.094895,True,8,normal
15 Cross Street Concord,Concord,1009.0,-33.860157,151.09612,True,6,normal
15 David Street Concord,Concord,676.0,-33.864422,151.106081,True,6,normal
15 Davidson Avenue Concord,Concord,685.2,-33.85422,151.101179,False,5,normal
15 Deakin Street Concord,Concord,1164.7,-33.844659,151.103911,True,6,normal
15 Duke Avenue Concord,Concord,737.3,-33.857793,151.114403,True,7,normal
15 Durham Street Concord,Concord,770.1,-33.859513,151.117185,True,33,normal
15 Ellis Street Concord,Concord,743.6,-33.853092,151.104466,True,6,normal
15 Empire Avenue Concord,Concord,1075.6,-33.856782,151.108512,True,6,normal
15 Evelyn Avenue Concord,Concord,646.6,-33.861869,151.110012,True,6,normal
15 Franklyn Street Concord,Concord,647.2,-33.866027,151.09614,False,5,normal
15 Gallipoli Street Concord,Concord,771.6,-33.857368,151.104454,True,6,normal
15 Gipps Street Concord,Concord,580.7,-33.865379,151.105599,True,7,normal
15 Gladstone Street Concord,Concord,561.6,-33.861304,151.107574,False,5,normal
15 Gloucester Street Concord,Concord,843.9,-33.84784,151.103267,False,5,normal
15 Kingston Avenue Concord,Concord,900.9,-33.846138,151.106295,False,5,normal
15 La Mascotte Avenue Concord,Concord,786.1,-33.859134,151.109706,True,6,normal
15 Lancelot Street Concord,Concord,888.7,-33.851678,151.104221,False,5,normal
15 Links Avenue Concord,Concord,774.8,-33.852298,151.100766,False,5,normal
15 Ludgate Street Concord,Concord,1023.2,-33.857835,151.101245,True,6,normal
15 Marceau Drive Concord,Concord,974.4,-33.859565,151.114814,True,7,normal
15 Noble Street Concord,Concord,1198.5,-33.851433,151.105368,False,5,normal
15 Rose Avenue Concord,Concord,717.4,-33.859798,151.101954,True,10,normal
15 Shackel Avenue Concord,Concord,849.4,-33.859218,151.100649,True,6,normal
15 Trafalgar Parade Concord,Concord,822.8,-33.855109,151.101405,True,6,normal
15 Tripod Street Concord,Concord,977.2,-33.85827,151.11127,True,8,normal
15 Turner Avenue Concord,Concord,1042.3,-33.84635,151.105114,False,5,normal
15 View Street Concord,Concord,977.6,-33.855335,151.111625,True,6,normal
15 Wallace Street Concord,Concord,975.2,-33.860336,151.108517,True,7,normal
15 Warbrick Street Concord,Concord,783.8,-33.856505,151.105842,False,5,normal
15 Wellbank Street Concord,Concord,848.2,-33.855927,151.102413,False,5,normal
15 Wordsworth Avenue Concord,Concord,1033.3,-33.861634,151.101835,True,7,normal
15 Zoeller Street Concord,Concord,1141.8,-33.85732,151.111659,False,5,normal
151 Burwood Road Concord,Concord,895.8,-33.860592,151.110852,True,6,normal
153 Majors Bay Road Concord,Concord,1195.3,-33.852346,151.103101,False,5,normal
159 Majors Bay Road Concord,Concord,1196.2,-33.851945,151.102981,False,5,normal
16 Addison Avenue Concord,Concord,1028.5,-33.862449,151.101697,False,5,normal
16 Alton Avenue Concord,Concord,1196.9,-33.861148,151.094598,True,6,normal
16 Anderson Road Concord,Concord,825.6,-33.851549,151.106012,False,5,normal
16 Arthur Street Concord,Concord,694.9,-33.858682,151.098078,True,8,normal
16 Bayard Street Concord,Concord,463.5,-33.844053,151.105795,False,5,normal
16 Burton Street Concord,Concord,1102.4,-33.868237,151.106412,True,7,normal
16 Cabarita Road Concord,Concord,254.4,-33.851585,151.107876,False,5,small
16 Castlereagh Street Concord,Concord,686.1,-33.859961,151.097525,False,5,normal
16 Churchill Crescent Concord,Concord,852.6,-33.856056,151.098694,True,22,normal
16 Clermont Avenue Concord,Concord,808.0,-33.857255,151.094439,False,5,normal
16 Cormiston Avenue Concord,Concord,869.7,-33.859643,151.102166,True,6,normal
16 Crane Street Concord,Concord,605.4,-33.862661,151.107892,True,20,normal
16 Creewood Street Concord,Concord,1332.6,-33.861949,151.09431,True,28,normal
16 Davidson Avenue Concord,Concord,722.4,-33.854783,151.101382,True,6,normal
16 Denison Street Concord,Concord,837.5,-33.849917,151.109216,False,5,normal
16 Durham Street Concord,Concord,816.3,-33.860246,151.115408,True,7,normal
16 Edith Avenue Concord,Concord,759.8,-33.860601,151.111508,False,5,normal
16 Ellis Street Concord,Concord,741.6,-33.853256,151.103785,False,5,normal
16 Empire Avenue Concord,Concord,1130.9,-33.856871,151.111565,False,5,normal
16 Excelsior Street Concord,Concord,578.6,-33.861456,151.107881,False,5,normal
16 Finch Avenue Concord,Concord,637.6,-33.862861,151.1093,False,5,normal
16 Franklyn Street Concord,Concord,733.2,-33.86591,151.095671,True,6,normal
16 Gladstone Street Concord,Concord,603.8,-33.860715,151.107359,True,6,normal
16 Jellicoe Street Concord,Concord,854.3,-33.857073,151.104328,True,6,normal
16 John Street Concord,Concord,791.5,-33.866329,151.100928,True,6,normal
16 Jones Street Concord,Concord,1000.1,-33.858961,151.104384,True,7,normal
16 Kingston Avenue Concord,Concord,1039.2,-33.846234,151.10561,False,5,normal
16 Lansdowne Street Concord,Concord,1022.2,-33.865954,151.104386,True,6,normal
16 Links Avenue Concord,Concord,764.0,-33.852883,151.100892,False,5,normal
16 Majors Bay Road Concord,Concord,812.7,-33.859358,151.103374,False,5,normal
16 Marceau Drive Concord,Concord,861.1,-33.859886,151.11546,True,34,normal
16 Meadow Street Concord,Concord,623.1,-33.860123,151.100523,True,15,normal
16 Rhonda Place Concord,Concord,675.3,-33.858727,151.107187,True,7,normal
16 Riverview Street Concord,Concord,864.4,-33.849592,151.111185,False,5,normal
16 Salt Street Concord,Concord,650.4,-33.858091,151.112845,False,5,normal
16 Sanders Parade Concord,Concord,776.3,-33.856099,151.113295,False,5,normal
16 Tennyson Road Concord,Concord,613.0,-33.844889,151.107085,False,5,normal
16 Trafalgar Parade Concord,Concord,820.7,-33.855731,151.101453,False,5,normal
16 Wellbank Street Concord,Concord,831.0,-33.856178,151.104057,True,6,normal
16 Zoeller Street Concord,Concord,1023.0,-33.857937,151.111317,True,8,normal
167 Majors Bay Road Concord,Concord,1569.8,-33.850573,151.102591,True,9,normal
169 Burwood Road Concord,Concord,679.1,-33.859861,151.111891,True,6,normal
16A Sydney Street Concord,Concord,726.8,-33.864201,151.098118,True,9,normal
16A Wellbank Street Concord,Concord,296.6,-33.856158,151.103922,True,11,small
17 Albion Street Concord,Concord,744.0,-33.850303,151.109184,False,5,normal
17 Alton Avenue Concord,Concord,906.8,-33.860539,151.094264,False,5,normal
17 Anderson Road Concord,Concord,714.2,-33.850553,151.106431,False,5,normal
17 Arthur Street Concord,Concord,612.5,-33.858552,151.098652,True,6,normal
17 Beaconsfield Avenue Concord,Concord,613.6,-33.860219,151.106261,False,5,normal
17 Bent Street Concord,Concord,487.9,-33.854576,151.104343,False,5,normal
17 Brays Road Concord,Concord,907.8,-33.847838,151.111056,False,5,normal
17 Broughton Street Concord,Concord,785.6,-33.866042,151.103922,False,5,normal
17 Castlereagh Street Concord,Concord,638.2,-33.858642,151.097738,False,5,normal
17 Clermont Avenue Concord,Concord,823.4,-33.856745,151.09389,True,6,normal
17 Deakin Street Concord,Concord,1183.5,-33.844572,151.104051,True,6,normal
17 Duke Avenue Concord,Concord,748.4,-33.85768,151.114446,False,5,normal
17 Ellis Street Concord,Concord,801.0,-33.853009,151.104409,False,5,normal
17 Empire Avenue Concord,Concord,1056.3,-33.856861,151.108323,False,5,normal
17 Evelyn Avenue Concord,Concord,650.1,-33.861803,151.109872,True,6,normal
17 Flavelle Street Concord,Concord,622.3,-33.860561,151.100231,False,5,normal
17 Gloucester Street Concord,Concord,818.9,-33.847875,151.103105,False,5,normal
17 Heath Street Concord,Concord,828.0,-33.846382,151.101972,False,5,normal
17 Jones Street Concord,Concord,762.2,-33.858329,151.104701,False,5,normal
17 La Mascotte Avenue Concord,Concord,770.6,-33.859105,151.109585,False,5,normal
17 Lancelot Street Concord,Concord,918.0,-33.851545,151.104181,False,5,normal
17 Lansdowne Street Concord,Concord,1032.6,-33.866042,151.105079,True,7,normal
17 Links Avenue Concord,Concord,753.8,-33.852323,151.100645,False,5,normal
17 Ludgate Street Concord,Concord,1024.7,-33.857689,151.1012,True,6,normal
17 Macnamara Avenue Concord,Concord,657.0,-33.859954,151.097026,False,5,normal
17 Majors Bay Road Concord,Concord,896.2,-33.857919,151.103917,True,8,normal
17 Mortlake Street Concord,Concord,731.4,-33.848725,151.10813,False,5,normal
17 Nicholas Avenue Concord,Concord,623.9,-33.859749,151.108851,True,6,normal
17 Patterson Street Concord,Concord,689.0,-33.860844,151.102351,False,5,normal
17 Salt Street Concord,Concord,672.9,-33.857903,151.113487,True,6,normal
17 Trafalgar Parade Concord,Concord,840.4,-33.855138,151.101269,True,6,normal
17 Tremere Street Concord,Concord,920.3,-33.858051,151.112359,True,7,normal
17 Tripod Street Concord,Concord,464.1,-33.858043,151.110988,True,14,normal
17 Turner Avenue Concord,Concord,1083.7,-33.846224,151.105052,False,5,normal
17 View Street Concord,Concord,705.2,-33.855243,151.111576,True,6,normal
17 Wallace Street Concord,Concord,683.1,-33.860353,151.108321,False,5,normal
17 Warbrick Street Concord,Concord,806.7,-33.856387,151.105804,False,5,normal
17 Zoeller Street Concord,Concord,1113.9,-33.857347,151.111531,False,5,normal
171 Burwood Road Concord,Concord,698.0,-33.859851,151.112047,False,5,normal
171 Majors Bay Road Concord,Concord,1190.9,-33.850276,151.102481,False,5,normal
173 Burwood Road Concord,Concord,690.8,-33.859826,151.112185,False,5,normal
174 Majors Bay Road Concord,Concord,324.9,-33.853393,151.10232,True,7,small
175 Burwood Road Concord,Concord,651.4,-33.859802,151.112318,False,5,normal
177 Burwood Road Concord,Concord,634.2,-33.859779,151.112445,False,5,normal
177 Majors Bay Road Concord,Concord,905.4,-33.849888,151.102366,False,5,normal
178 Majors Bay Road Concord,Concord,767.3,-33.852745,151.102077,False,5,normal
179B Majors Bay Road Concord,Concord,847.1,-33.849513,151.101986,True,6,normal
17A Tripod Street Concord,Concord,550.9,-33.857312,151.110818,False,5,normal
18 Albion Street Concord,Concord,783.5,-33.850838,151.109345,False,5,normal
18 Anderson Road Concord,Concord,1205.0,-33.851442,151.10598,False,5,normal
18 Archer Street Concord,Concord,720.8,-33.850984,151.104435,False,5,normal
18 Barton Street Concord,Concord,1022.7,-33.847808,151.105284,False,5,normal
18 Bayard Street Concord,Concord,440.9,-33.844001,151.105718,False,5,small
18 Beaconsfield Avenue Concord,Concord,846.4,-33.859853,151.105684,True,7,normal
18 Bent Street Concord,Concord,495.7,-33.854959,151.10389,False,5,normal
18 Brays Road Concord,Concord,853.8,-33.848069,151.110283,True,7,normal
18 Cabarita Road Concord,Concord,253.2,-33.851571,151.10794,False,5,small
18 Castlereagh Street Concord,Concord,655.4,-33.859852,151.097491,False,5,normal
18 Clermont Avenue Concord,Concord,803.5,-33.857285,151.094303,False,5,normal
18 Correys Avenue Concord,Concord,738.5,-33.85389,151.100922,False,5,normal
18 Crane Street Concord,Concord,615.2,-33.862664,151.107712,False,5,normal
18 Duke Avenue Concord,Concord,752.9,-33.857799,151.113818,True,8,normal
18 Durham Street Concord,Concord,802.0,-33.86021,151.115219,True,19,normal
18 Edith Avenue Concord,Concord,785.4,-33.860547,151.111379,True,7,normal
18 Ellis Street Concord,Concord,792.0,-33.85315,151.103753,False,5,normal
18 Empire Avenue Concord,Concord,1096.6,-33.856904,151.111404,False,5,normal
18 Evelyn Avenue Concord,Concord,652.4,-33.862179,151.109586,False,5,normal
18 Excelsior Street Concord,Concord,617.5,-33.861367,151.107959,False,5,normal
18 Fairview Street Concord,Concord,866.1,-33.859096,151.099656,True,6,normal
18 Flavelle Street Concord,Concord,906.6,-33.862295,151.100126,False,5,normal
18 Gale Street Concord,Concord,616.4,-33.847316,151.107159,False,5,normal
18 Gladstone Street Concord,Concord,635.6,-33.860647,151.107527,True,6,normal
18 Homedale Avenue Concord,Concord,915.9,-33.860182,151.094154,False,5,normal
18 John Street Concord,Concord,768.6,-33.866208,151.100937,False,5,normal
18 Kingston Avenue Concord,Concord,1066.0,-33.846105,151.105561,False,5,normal
18 Lancelot Street Concord,Concord,1202.0,-33.851692,151.103495,False,5,normal
18 Leigh Avenue Concord,Concord,881.6,-33.863635,151.09889,False,5,normal
18 Macnamara Avenue Concord,Concord,649.6,-33.860775,151.09669,True,6,normal
18 Majors Bay Road Concord,Concord,835.5,-33.859244,151.103354,False,5,normal
18 Rhonda Place Concord,Concord,626.4,-33.858846,151.107106,True,7,normal
18 Riverview Street Concord,Concord,832.2,-33.849471,151.111147,False,5,normal
18 Salt Street Concord,Concord,969.9,-33.857968,151.112776,True,7,normal
18 Sanders Parade Concord,Concord,744.4,-33.855961,151.113256,False,5,normal
18 Shackel Avenue Concord,Concord,910.2,-33.859834,151.100845,False,5,normal
18 Stanley Street Concord,Concord,732.5,-33.863696,151.105613,True,6,normal
18 Sydney Street Concord,Concord,1361.0,-33.864239,151.097974,True,6,normal
18 Tennyson Road Concord,Concord,781.4,-33.844849,151.107174,False,5,normal
18 Trafalgar Parade Concord,Concord,854.7,-33.855762,151.101314,False,5,normal
18 Tremere Street Concord,Concord,618.0,-33.858034,151.111746,False,5,normal
18 Tripod Street Concord,Concord,802.8,-33.858575,151.110572,True,6,normal
18 Wallace Street Concord,Concord,634.2,-33.860498,151.107723,False,5,normal
18 Zoeller Street Concord,Concord,997.8,-33.85795,151.111181,True,8,normal
180 Majors Bay Road Concord,Concord,755.2,-33.852599,151.102111,False,5,normal
181 Burwood Road Concord,Concord,638.6,-33.859668,151.112683,False,5,normal
182 Majors Bay Road Concord,Concord,762.3,-33.852453,151.102089,True,6,normal
183 Majors Bay Road Concord,Concord,775.8,-33.848931,151.101967,False,5,normal
185 Burwood Road Concord,Concord,646.6,-33.859649,151.113169,False,5,normal
185 Majors Bay Road Concord,Concord,782.5,-33.848795,151.101953,True,6,normal
187 Burwood Road Concord,Concord,643.6,-33.859624,151.113297,False,5,normal
187 Majors Bay Road Concord,Concord,770.7,-33.848675,151.101889,False,5,normal
189 Burwood Road Concord,Concord,664.2,-33.8596,151.113426,False,5,normal
18A Creewood Street Concord,Concord,491.8,-33.861853,151.094245,True,7,normal
18A Patterson Street Concord,Concord,821.5,-33.862276,151.098754,True,7,normal
19 Alton Avenue Concord,Concord,905.8,-33.860574,151.094105,False,5,normal
19 Archer Street Concord,Concord,853.0,-33.85072,151.103208,False,5,normal
19 Arthur Street Concord,Concord,611.2,-33.858676,151.09867,False,5,normal
19 Augusta Street Concord,Concord,827.0,-33.847162,151.102378,False,5,normal
19 Bent Street Concord,Concord,536.2,-33.854472,151.104321,True,6,normal
19 Brays Road Concord,Concord,900.6,-33.847728,151.111069,True,6,normal
19 Broughton Street Concord,Concord,802.6,-33.865959,151.103972,True,6,normal
19 Cabarita Road Concord,Concord,860.4,-33.851885,151.109142,True,6,normal
19 Cormiston Avenue Concord,Concord,825.7,-33.859181,151.102846,False,5,normal
19 Correys Avenue Concord,Concord,777.0,-33.853302,151.100913,False,5,normal
19 Crane Street Concord,Concord,635.4,-33.861148,151.105645,False,5,normal
19 Creewood Street Concord,Concord,755.6,-33.861509,151.094642,True,6,normal
19 Cross Street Concord,Concord,1017.8,-33.85989,151.096037,True,6,normal
19 Davidson Avenue Concord,Concord,745.8,-33.854273,151.100926,False,5,normal
19 Deakin Street Concord,Concord,1064.6,-33.844477,151.104138,False,5,normal
19 Durham Street Concord,Concord,850.0,-33.859789,151.11689,False,5,normal
19 Excelsior Street Concord,Concord,636.6,-33.861404,151.108586,True,6,normal
19 Flavelle Street Concord,Concord,603.4,-33.860451,151.100197,False,5,normal
19 Gale Street Concord,Concord,416.7,-33.847327,151.108005,False,5,small
19 Gladstone Street Concord,Concord,570.4,-33.861118,151.107717,False,5,normal
19 Jones Street Concord,Concord,794.7,-33.85832,151.104566,True,6,normal
19 Kingston Avenue Concord,Concord,926.5,-33.845869,151.106209,False,5,normal
19 Kitchener Avenue Concord,Concord,865.9,-33.849449,151.110668,False,5,normal
19 Lancelot Street Concord,Concord,882.9,-33.851411,151.104141,False,5,normal
19 Ludgate Street Concord,Concord,1022.7,-33.857568,151.101114,True,7,normal
19 Marceau Drive Concord,Concord,854.4,-33.859733,151.114446,True,11,normal
19 Melbourne Street Concord,Concord,717.8,-33.866286,151.100496,False,5,normal
19 Mortlake Street Concord,Concord,720.4,-33.848612,151.108095,False,5,normal
19 Nicholas Avenue Concord,Concord,616.2,-33.859679,151.10872,True,6,normal
19 Riverview Street Concord,Concord,794.5,-33.849263,151.111776,False,5,normal
19 Shackel Avenue Concord,Concord,868.2,-33.85932,151.100378,False,5,normal
19 Station Street Concord,Concord,905.8,-33.858797,151.093557,False,5,normal
19 Trafalgar Parade Concord,Concord,841.0,-33.855168,151.10113,True,6,normal
19 Tremere Street Concord,Concord,486.5,-33.857965,151.112178,False,5,normal
19 Turner Avenue Concord,Concord,1159.3,-33.846096,151.104988,False,5,normal
19 View Street Concord,Concord,664.9,-33.855156,151.111388,False,5,normal
19 Warbrick Street Concord,Concord,796.1,-33.856266,151.105765,False,5,normal
19 Wellbank Street Concord,Concord,804.5,-33.855985,151.10214,False,5,normal
19 William Street Concord,Concord,769.0,-33.848387,151.109103,False,5,normal
19 Zoeller Street Concord,Concord,1109.3,-33.857385,151.111341,False,5,normal
19A Ludgate Street Concord,Concord,1022.7,-33.857568,151.101114,True,7,normal
19A Noble Street Concord,Concord,710.9,-33.851155,151.105261,True,8,normal
1A Braddon Street Concord,Concord,577.7,-33.844371,151.10571,False,5,normal
1A Burwood Road Concord,Concord,339.7,-33.868802,151.105608,True,6,small
1A Freeman Place Concord,Concord,552.3,-33.856669,151.108641,False,5,normal
1A John Street Concord,Concord,1144.1,-33.86674,151.101668,True,7,normal
1A Norman Street Concord,Concord,622.2,-33.845425,151.102467,True,6,normal
1A Tripod Street Concord,Concord,565.4,-33.859251,151.111436,True,7,normal
1B Cabarita Road Concord,Concord,722.8,-33.852409,151.106847,True,7,normal
1B Crane Street Concord,Concord,651.5,-33.862094,151.107719,False,5,normal
1B Macnamara Avenue Concord,Concord,822.7,-33.861748,151.097542,False,5,normal
1C Cabarita Road Concord,Concord,766.0,-33.852258,151.106975,True,7,normal
1C Macnamara Avenue Concord,Concord,853.6,-33.861549,151.09765,True,8,normal
2 Anderson Road Concord,Concord,1292.3,-33.852257,151.106347,True,25,normal
2 Archer Street Concord,Concord,927.0,-33.850588,151.105896,True,6,normal
2 Arthur Street Concord,Concord,442.8,-33.857787,151.097605,True,8,small
2 Bent Street Concord,Concord,649.2,-33.855698,151.104001,False,5,normal
2 Bertram Street Concord,Concord,636.1,-33.844565,151.106979,False,5,normal
2 Cabarita Road Concord,Concord,846.1,-33.851866,151.10665,True,6,normal
2 Churchill Crescent Concord,Concord,874.3,-33.856514,151.100159,True,25,normal
2 Cormiston Avenue Concord,Concord,686.9,-33.860557,151.102538,True,7,normal
2 Correys Avenue Concord,Concord,847.2,-33.853563,151.102017,True,6,normal
2 Cross Street Concord,Concord,1051.4,-33.861333,151.095788,True,8,normal
2 Daly Avenue Concord,Concord,664.0,-33.866383,151.09652,True,7,normal
2 Davidson Avenue Concord,Concord,762.9,-33.854549,151.102324,True,7,normal
2 Denison Street Concord,Concord,793.8,-33.849667,151.110177,True,6,normal
2 Duke Avenue Concord,Concord,741.2,-33.858707,151.114084,True,8,normal
2 Edith Avenue Concord,Concord,1073.5,-33.861124,151.112508,True,26,normal
2 Ellis Street Concord,Concord,789.5,-33.854048,151.103991,True,8,normal
2 Evelyn Avenue Concord,Concord,4215.9,-33.862818,151.110596,True,49,large
2 Finch Avenue Concord,Concord,1908.2,-33.863235,151.110286,True,25,normal
2 Freeman Place Concord,Concord,600.0,-33.856278,151.109075,True,21,normal
2 Gladstone Street Concord,Concord,566.3,-33.861391,151.106912,True,7,normal
2 Homedale Avenue Concord,Concord,839.5,-33.859825,151.095391,True,6,normal
2 Ian Parade Concord,Concord,1280.1,-33.858222,151.107959,True,7,normal
2 La Mascotte Avenue Concord,Concord,846.7,-33.860041,151.110057,True,9,normal
2 Lindfield Avenue Concord,Concord,1309.9,-33.85861,151.109368,True,12,normal
2 Loftus Street Concord,Concord,397.8,-33.868463,151.107795,False,5,small
2 Ludgate Street Concord,Concord,478.3,-33.858447,151.100752,False,5,normal
2 Marceau Drive Concord,Concord,1061.2,-33.859172,151.116645,True,15,normal
2 Melbourne Street Concord,Concord,352.0,-33.867994,151.100299,True,6,small
2 Nicholas Avenue Concord,Concord,671.4,-33.860693,151.10956,True,7,normal
2 Pamela Place Concord,Concord,660.8,-33.853275,151.104823,True,7,normal
2 Park Avenue Concord,Concord,1158.5,-33.866403,151.103244,False,5,normal
2 Patterson Street Concord,Concord,1717.8,-33.861382,151.102316,True,10,normal
2 Richards Place Concord,Concord,785.8,-33.859611,151.10663,True,16,normal
2 Riverview Street Concord,Concord,920.4,-33.85048,151.111404,True,7,normal
2 Rose Avenue Concord,Concord,699.0,-33.860776,151.101641,True,7,normal
2 Salisbury Street Concord,Concord,763.6,-33.862952,151.106125,True,8,normal
2 Salt Street Concord,Concord,788.0,-33.858913,151.11303,True,7,normal
2 Tremere Street Concord,Concord,939.7,-33.859021,151.111892,True,8,normal
2 Tuam Street Concord,Concord,761.9,-33.860259,151.112593,True,7,normal
2 Turner Avenue Concord,Concord,708.1,-33.847395,151.104938,False,5,normal
2 View Street Concord,Concord,956.7,-33.85643,151.111305,True,12,normal
2 Ward Street Concord,Concord,694.1,-33.860771,151.113155,True,13,normal
2 Wellbank Street Concord,Concord,864.7,-33.855897,151.105097,True,6,normal
2 Zoeller Street Concord,Concord,871.6,-33.857632,151.112814,False,5,normal
20 Addison Avenue Concord,Concord,1033.1,-33.862237,151.101905,False,5,normal
20 Archer Street Concord,Concord,725.6,-33.851014,151.104293,False,5,normal
20 Barton Street Concord,Concord,676.9,-33.847841,151.105146,False,5,normal
20 Beaconsfield Avenue Concord,Concord,667.3,-33.859774,151.105825,True,6,normal
20 Cabarita Road Concord,Concord,269.8,-33.851556,151.108006,False,5,small
20 Castlereagh Street Concord,Concord,657.2,-33.859746,151.097458,False,5,normal
20 Cormiston Avenue Concord,Concord,887.6,-33.859367,151.102179,False,5,normal
20 Davidson Avenue Concord,Concord,763.7,-33.854838,151.101122,True,6,normal
20 Denison Street Concord,Concord,814.0,-33.849979,151.108939,False,5,normal
20 Duke Avenue Concord,Concord,739.6,-33.857688,151.113785,True,6,normal
20 Ellis Street Concord,Concord,911.2,-33.852999,151.103736,True,6,normal
20 Flavelle Street Concord,Concord,1021.2,-33.86219,151.099993,False,5,normal
20 Frederick Street Concord,Concord,717.9,-33.851027,151.107055,False,5,normal
20 Gloucester Street Concord,Concord,637.7,-33.84837,151.103238,False,5,normal
20 Homedale Avenue Concord,Concord,907.8,-33.860216,151.093995,False,5,normal
20 John Street Concord,Concord,801.8,-33.866097,151.100853,True,6,normal
20 Kingston Avenue Concord,Concord,1134.3,-33.845973,151.105511,False,5,normal
20 Lancelot Street Concord,Concord,1149.2,-33.851556,151.103454,False,5,normal
20 Leigh Avenue Concord,Concord,881.5,-33.863509,151.098958,False,5,normal
20 Links Avenue Concord,Concord,798.8,-33.852929,151.100669,False,5,normal
20 Macnamara Avenue Concord,Concord,635.3,-33.860669,151.096657,True,6,normal
20 Majors Bay Road Concord,Concord,812.2,-33.859131,151.103333,False,5,normal
20 Norman Street Concord,Concord,795.2,-33.846093,151.101717,False,5,normal
20 Park Avenue Concord,Concord,732.7,-33.866155,151.101496,False,5,normal
20 Riverview Street Concord,Concord,857.0,-33.849351,151.111109,False,5,normal
20 Sanders Parade Concord,Concord,784.1,-33.855823,151.113217,False,5,normal
20 Shackel Avenue Concord,Concord,826.1,-33.859883,151.100746,True,6,normal
20 Spring Street Concord,Concord,499.2,-33.854398,151.104729,False,5,normal
20 Sydney Street Concord,Concord,1072.0,-33.864084,151.097755,True,6,normal
20 Tripod Street Concord,Concord,770.5,-33.858465,151.110538,True,6,normal
20 Turner Avenue Concord,Concord,590.8,-33.846267,151.104354,False,5,normal
20 William Street Concord,Concord,715.9,-33.848522,151.108494,False,5,normal
20-20A Gipps Street Concord,Concord,2008.1,-33.866692,151.107355,True,6,large
203 Burwood Road Concord,Concord,653.7,-33.85938,151.114599,True,6,normal
203 Majors Bay Road Concord,Concord,769.7,-33.847322,151.101399,False,5,normal
205 Majors Bay Road Concord,Concord,797.4,-33.847158,151.101459,True,6,normal
207 Majors Bay Road Concord,Concord,744.9,-33.84705,151.1014,False,5,normal
209 Majors Bay Road Concord,Concord,818.6,-33.84692,151.101324,True,6,normal
20A Salt Street Concord,Concord,690.1,-33.856762,151.112582,False,5,normal
20A Sydney Street Concord,Concord,1072.0,-33.864084,151.097755,True,6,normal
21 Anderson Road Concord,Concord,715.7,-33.850152,151.106269,True,6,normal
21 Augusta Street Concord,Concord,808.1,-33.847197,151.102218,False,5,normal
21 Bayview Street Concord,Concord,864.5,-33.852104,151.109586,True,7,normal
21 Braddon Street Concord,Concord,1079.9,-33.845216,151.103754,True,6,normal
21 Brays Road Concord,Concord,839.8,-33.847646,151.111015,True,6,normal
21 Burwood Road Concord,Concord,737.0,-33.86736,151.106093,True,8,normal
21 Churchill Crescent Concord,Concord,824.9,-33.855737,151.098867,True,10,normal
21 Clermont Avenue Concord,Concord,817.2,-33.856802,151.093623,True,6,normal
21 Correys Avenue Concord,Concord,822.8,-33.853328,151.100788,False,5,normal
21 Creewood Street Concord,Concord,750.3,-33.861537,151.09451,True,6,normal
21 Davidson Avenue Concord,Concord,716.9,-33.8543,151.100798,False,5,normal
21 Deakin Street Concord,Concord,1075.7,-33.844358,151.10427,True,6,normal
21 Durham Street Concord,Concord,879.4,-33.859995,151.116785,True,11,normal
21 Edith Avenue Concord,Concord,603.6,-33.8602,151.111798,False,5,normal
21 Frederick Street Concord,Concord,563.6,-33.852027,151.107793,True,20,normal
21 Heath Street Concord,Concord,817.0,-33.84645,151.101652,False,5,normal
21 Jones Street Concord,Concord,794.5,-33.85835,151.104426,True,6,normal
21 Kingston Avenue Concord,Concord,910.1,-33.84571,151.106208,True,7,normal
21 Links Avenue Concord,Concord,800.2,-33.852374,151.100397,False,5,normal
21 Macnamara Avenue Concord,Concord,657.0,-33.859725,151.097037,False,5,normal
21 Marceau Drive Concord,Concord,832.2,-33.859874,151.114271,True,17,normal
21 Mortlake Street Concord,Concord,733.3,-33.848488,151.108056,True,6,normal
21 Noble Street Concord,Concord,1204.2,-33.851004,151.105229,True,8,normal
21 Riverview Street Concord,Concord,806.5,-33.849167,151.111652,False,5,normal
21 Shackel Avenue Concord,Concord,829.6,-33.859343,151.100273,False,5,normal
21 Station Street Concord,Concord,909.6,-33.858831,151.093397,False,5,normal
21 Trafalgar Parade Concord,Concord,848.0,-33.855197,151.100993,True,6,normal
21 Tripod Street Concord,Concord,968.7,-33.85658,151.110575,True,14,normal
21 Turner Avenue Concord,Concord,1159.1,-33.845966,151.104924,False,5,normal
21 View Street Concord,Concord,681.7,-33.855014,151.111418,False,5,normal
21 Warbrick Street Concord,Concord,772.4,-33.856148,151.105727,False,5,normal
21 Wellbank Street Concord,Concord,984.4,-33.856016,151.101995,False,5,normal
21 William Street Concord,Concord,720.8,-33.848269,151.109097,True,6,normal
213 Burwood Road Concord,Concord,981.1,-33.859218,151.115344,True,6,normal
215 Majors Bay Road Concord,Concord,755.5,-33.846339,151.101213,True,6,normal
217 Burwood Road Concord,Concord,821.2,-33.859158,151.115684,True,6,normal
217 Majors Bay Road Concord,Concord,788.6,-33.84623,151.101154,False,5,normal
219 Majors Bay Road Concord,Concord,761.7,-33.846099,151.101078,True,6,normal
22 Albion Street Concord,Concord,763.4,-33.850905,151.109044,False,5,normal
22 Alexandra Street Concord,Concord,889.5,-33.864907,151.098951,False,5,normal
22 Alton Avenue Concord,Concord,1093.6,-33.861213,151.094137,False,5,normal
22 Anderson Road Concord,Concord,1215.5,-33.851178,151.1059,False,5,normal
22 Archer Street Concord,Concord,719.1,-33.851045,151.104151,False,5,normal
22 Arthur Street Concord,Concord,599.9,-33.859006,151.098229,False,5,normal
22 Augusta Street Concord,Concord,823.4,-33.847657,151.102528,False,5,normal
22 Barton Street Concord,Concord,659.0,-33.847821,151.105,True,7,normal
22 Bayard Street Concord,Concord,451.2,-33.843899,151.105566,False,5,normal
22 Broughton Street Concord,Concord,593.1,-33.860653,151.106384,False,5,normal
22 Burwood Road Concord,Concord,1070.1,-33.867274,151.105358,True,6,normal
22 Cabarita Road Concord,Concord,255.5,-33.851542,151.108071,False,5,small
22 Clermont Avenue Concord,Concord,812.1,-33.857338,151.094055,False,5,normal
22 Cormiston Avenue Concord,Concord,1009.0,-33.859073,151.102039,False,5,normal
22 Correys Avenue Concord,Concord,713.0,-33.853938,151.10069,False,5,normal
22 Duke Avenue Concord,Concord,743.0,-33.857577,151.113752,True,6,normal
22 Excelsior Street Concord,Concord,673.5,-33.861165,151.108094,True,6,normal
22 Finch Avenue Concord,Concord,630.0,-33.862679,151.108922,False,5,normal
22 Frederick Street Concord,Concord,707.4,-33.85091,151.10702,False,5,normal
22 Gipps Street Concord,Concord,659.4,-33.866535,151.107234,False,5,normal
22 Gloucester Street Concord,Concord,973.0,-33.848417,151.103125,True,6,normal
22 Heath Street Concord,Concord,796.7,-33.846911,151.101962,False,5,normal
22 Kingston Avenue Concord,Concord,1113.5,-33.845841,151.105462,False,5,normal
22 Links Avenue Concord,Concord,802.4,-33.852962,151.100514,False,5,normal
22 Marceau Drive Concord,Concord,884.4,-33.860163,151.114805,True,14,normal
22 Noble Street Concord,Concord,915.6,-33.851167,151.104507,True,7,normal
22 Park Avenue Concord,Concord,824.8,-33.866136,151.101323,True,7,normal
22 Rhonda Place Concord,Concord,756.2,-33.859054,151.106957,True,6,normal
22 Sanders Parade Concord,Concord,725.2,-33.855658,151.113212,True,7,normal
22 Shackel Avenue Concord,Concord,847.4,-33.859919,151.100578,True,6,normal
22 Sydney Street Concord,Concord,1178.4,-33.864036,151.097592,True,7,normal
22 Trafalgar Parade Concord,Concord,835.8,-33.855823,151.101033,False,5,normal
22 Tripod Street Concord,Concord,808.9,-33.858341,151.110513,True,8,normal
22 Turner Avenue Concord,Concord,616.7,-33.846164,151.104258,True,6,normal
22 Wellbank Street Concord,Concord,710.4,-33.856501,151.102286,False,5,normal
22 William Street Concord,Concord,722.6,-33.848408,151.10846,False,5,normal
22 Zoeller Street Concord,Concord,849.9,-33.858137,151.110591,False,5,normal
221 Burwood Road Concord,Concord,828.6,-33.859061,151.116013,False,5,normal
225 Burwood Road Concord,Concord,832.9,-33.858924,151.1166,True,6,normal
22A Gipps Street Concord,Concord,736.6,-33.866507,151.10713,False,5,normal
23 Alton Avenue Concord,Concord,894.8,-33.860642,151.093787,False,5,normal
23 Augusta Street Concord,Concord,806.4,-33.847231,151.102059,False,5,normal
23 Beaconsfield Avenue Concord,Concord,622.4,-33.859953,151.106441,False,5,normal
23 Clermont Avenue Concord,Concord,813.1,-33.856858,151.093494,True,7,normal
23 Correys Avenue Concord,Concord,833.2,-33.853354,151.100659,False,5,normal
23 Davidson Avenue Concord,Concord,725.1,-33.854326,151.100673,False,5,normal
23 Deakin Street Concord,Concord,805.5,-33.844208,151.104331,False,5,normal
23 Edith Avenue Concord,Concord,652.4,-33.860135,151.111691,False,5,normal
23 Flavelle Street Concord,Concord,1086.4,-33.858646,151.099721,False,5,normal
23 Gloucester Street Concord,Concord,846.3,-33.84798,151.102626,False,5,normal
23 Homedale Avenue Concord,Concord,902.8,-33.859753,151.093511,False,5,normal
23 Kingston Avenue Concord,Concord,942.2,-33.845601,151.106145,True,6,normal
23 La Mascotte Avenue Concord,Concord,780.9,-33.858931,151.109225,False,5,normal
23 Links Avenue Concord,Concord,786.1,-33.8524,151.100271,False,5,normal
23 Ludgate Street Concord,Concord,1024.6,-33.857303,151.10108,True,6,normal
23 Melbourne Street Concord,Concord,789.6,-33.866052,151.100474,True,7,normal
23 Nicholas Avenue Concord,Concord,697.1,-33.859516,151.108397,True,7,normal
23 Salt Street Concord,Concord,689.0,-33.857566,151.113388,True,6,normal
23 Shackel Avenue Concord,Concord,840.8,-33.85933,151.100132,True,6,normal
23 Tripod Street Concord,Concord,966.1,-33.856384,151.1107,False,5,normal
23 View Street Concord,Concord,979.1,-33.855032,151.111563,True,10,normal
23 Wallace Street Concord,Concord,778.6,-33.860039,151.107964,True,6,normal
23 Warbrick Street Concord,Concord,796.0,-33.856031,151.10569,False,5,normal
23 Wellbank Street Concord,Concord,830.0,-33.856049,151.101843,False,5,normal
23A Noble Street Concord,Concord,822.8,-33.850004,151.10494,False,5,normal
24 Addison Avenue Concord,Concord,1020.6,-33.862024,151.102115,False,5,normal
24 Alexandra Street Concord,Concord,883.5,-33.864948,151.098778,False,5,normal
24 Archer Street Concord,Concord,719.9,-33.851076,151.104009,False,5,normal
24 Augusta Street Concord,Concord,801.3,-33.847692,151.102366,False,5,normal
24 Bayard Street Concord,Concord,459.7,-33.843847,151.105489,False,5,normal
24 Brays Road Concord,Concord,666.9,-33.847669,151.110249,False,5,normal
24 Broughton Street Concord,Concord,585.3,-33.860558,151.106449,False,5,normal
24 Burwood Road Concord,Concord,1888.7,-33.867015,151.10535,True,9,normal
24 Cormiston Avenue Concord,Concord,1069.8,-33.858914,151.102121,False,5,normal
24 Davidson Avenue Concord,Concord,769.9,-33.854895,151.100856,True,6,normal
24 Denison Street Concord,Concord,791.1,-33.85004,151.108664,False,5,normal
24 Empire Avenue Concord,Concord,837.7,-33.856949,151.110892,True,6,normal
24 Excelsior Street Concord,Concord,553.2,-33.861087,151.108193,True,7,normal
24 Flavelle Street Concord,Concord,672.1,-33.861888,151.10007,False,5,normal
24 Frederick Street Concord,Concord,717.1,-33.850794,151.106985,False,5,normal
24 Gloucester Street Concord,Concord,809.0,-33.848402,151.102933,True,6,normal
24 Homedale Avenue Concord,Concord,916.2,-33.860285,151.093675,False,5,normal
24 John Street Concord,Concord,669.5,-33.865904,151.100792,True,6,normal
24 La Mascotte Avenue Concord,Concord,766.6,-33.859336,151.108765,False,5,normal
24 Lancelot Street Concord,Concord,897.6,-33.850502,151.1031,True,8,normal
24 Marceau Drive Concord,Concord,767.8,-33.860165,151.114616,True,19,normal
24 Mortlake Street Concord,Concord,784.0,-33.850049,151.107917,True,6,normal
24 Norman Street Concord,Concord,807.9,-33.846168,151.10137,True,7,normal
24 Pitt Street Concord,Concord,885.9,-33.861153,151.098374,False,5,normal
24 Rhonda Place Concord,Concord,735.3,-33.859107,151.106758,True,16,normal
24 Salt Street Concord,Concord,947.3,-33.856069,151.112283,False,5,normal
24 Sanders Parade Concord,Concord,761.7,-33.855507,151.113181,True,14,normal
24 Shackel Avenue Concord,Concord,823.2,-33.859921,151.10044,False,5,normal
24 Sydney Street Concord,Concord,665.9,-33.863977,151.097408,False,5,normal
24 Wellbank Street Concord,Concord,682.2,-33.856525,151.102173,False,5,normal
241 Burwood Road Concord,Concord,1147.3,-33.858817,151.117776,True,7,normal
243A Burwood Road Concord,Concord,366.7,-33.858523,151.118053,True,8,small
243B Burwood Road Concord,Concord,276.5,-33.858648,151.11811,False,5,small
243F Burwood Road Concord,Concord,345.7,-33.858989,151.117941,True,10,small
243G Burwood Road Concord,Concord,437.6,-33.85879,151.117916,True,8,small
243H Burwood Road Concord,Concord,476.5,-33.858652,151.117873,True,7,normal
245B Burwood Road Concord,Concord,288.4,-33.858545,151.118575,False,5,small
245C Burwood Road Concord,Concord,288.3,-33.858614,151.118612,True,6,small
245E Burwood Road Concord,Concord,319.1,-33.858802,151.118348,True,6,small
245F Burwood Road Concord,Concord,293.4,-33.858704,151.118297,False,5,small
247A Burwood Road Concord,Concord,1825.1,-33.858412,151.11891,True,12,normal
247E Burwood Road Concord,Concord,1307.3,-33.858617,151.119523,True,7,normal
247F Burwood Road Concord,Concord,1238.7,-33.858601,151.119858,True,9,normal
247G Burwood Road Concord,Concord,2146.8,-33.858499,151.120683,True,10,large
247H Burwood Road Concord,Concord,1483.7,-33.859248,151.118443,True,13,normal
247J Burwood Road Concord,Concord,2080.1,-33.859113,151.119172,True,9,large
247M Burwood Road Concord,Concord,3108.7,-33.859508,151.118463,True,12,large
247N Burwood Road Concord,Concord,2946.1,-33.859515,151.119192,True,13,large
24A Burwood Road Concord,Concord,1888.7,-33.867015,151.10535,True,9,normal
25 Albion Street Concord,Concord,763.3,-33.850425,151.108635,False,5,normal
25 Anderson Road Concord,Concord,714.9,-33.849908,151.106234,False,5,normal
25 Archer Street Concord,Concord,841.6,-33.850822,151.10273,False,5,normal
25 Arthur Street Concord,Concord,623.2,-33.858971,151.098787,True,6,normal
25 Augusta Street Concord,Concord,820.9,-33.847265,151.101899,False,5,normal
25 Bayview Street Concord,Concord,789.1,-33.851933,151.109836,True,6,normal
25 Braddon Street Concord,Concord,680.5,-33.845446,151.103544,False,5,normal
25 Broughton Street Concord,Concord,779.3,-33.865587,151.103957,True,7,normal
25 Burton Street Concord,Concord,1214.9,-33.867406,151.105044,True,7,normal
25 Castlereagh Street Concord,Concord,381.7,-33.858203,151.097499,False,5,small
25 Churchill Crescent Concord,Concord,984.5,-33.855874,151.097998,True,11,normal
25 Coles Street Concord,Concord,1100.1,-33.865119,151.098892,True,8,normal
25 Cormiston Avenue Concord,Concord,520.2,-33.858862,151.102776,False,5,normal
25 Crane Street Concord,Concord,907.8,-33.860852,151.105041,False,5,normal
25 Cross Street Concord,Concord,1021.4,-33.859477,151.095907,True,6,normal
25 David Street Concord,Concord,653.8,-33.864014,151.10562,True,16,normal
25 Duke Avenue Concord,Concord,738.3,-33.857231,151.114277,True,6,normal
25 Flavelle Street Concord,Concord,1054.1,-33.858506,151.099678,False,5,normal
25 Gloucester Street Concord,Concord,828.0,-33.848015,151.102464,False,5,normal
25 Kingston Avenue Concord,Concord,769.5,-33.845504,151.10599,False,5,normal
25 Macnamara Avenue Concord,Concord,658.4,-33.85951,151.09697,False,5,normal
25 Noble Street Concord,Concord,1228.2,-33.849896,151.104907,False,5,normal
25 Patterson Street Concord,Concord,733.6,-33.861003,151.101662,False,5,normal
25 Salt Street Concord,Concord,849.1,-33.857445,151.113318,True,7,normal
25 Station Street Concord,Concord,886.6,-33.858884,151.093045,True,7,normal
25 Trafalgar Parade Concord,Concord,844.4,-33.855256,151.100715,True,6,normal
25 Tripod Street Concord,Concord,950.4,-33.856269,151.110571,False,5,normal
25 Wallace Street Concord,Concord,778.1,-33.859998,151.107826,True,8,normal
25 Warbrick Street Concord,Concord,768.9,-33.855913,151.105652,False,5,normal
25 Wellbank Street Concord,Concord,811.3,-33.85608,151.101707,False,5,normal
25 William Street Concord,Concord,763.0,-33.848034,151.108907,False,5,normal
25B Tripod Street Concord,Concord,980.4,-33.856004,151.110495,False,5,normal
26 Albion Street Concord,Concord,802.1,-33.850967,151.108769,False,5,normal
26 Anderson Road Concord,Concord,1205.6,-33.850888,151.105766,True,8,normal
26 Arthur Street Concord,Concord,592.0,-33.859203,151.098381,True,19,normal
26 Bayard Street Concord,Concord,454.4,-33.843795,151.105412,False,5,normal
26 Bent Street Concord,Concord,566.7,-33.854588,151.103835,False,5,normal
26 Broughton Street Concord,Concord,590.0,-33.860464,151.106513,False,5,normal
26 Burton Street Concord,Concord,703.4,-33.868075,151.105679,True,6,normal
26 Burwood Road Concord,Concord,1035.1,-33.866852,151.105404,True,8,normal
26 Cabarita Road Concord,Concord,250.0,-33.851513,151.108201,False,5,small
26 Clermont Avenue Concord,Concord,816.9,-33.857403,151.093755,False,5,normal
26 Correys Avenue Concord,Concord,730.4,-33.853991,151.100439,False,5,normal
26 Duke Avenue Concord,Concord,731.4,-33.857325,151.113746,True,6,normal
26 Empire Avenue Concord,Concord,483.2,-33.856937,151.110757,False,5,normal
26 Frederick Street Concord,Concord,697.9,-33.850679,151.106949,False,5,normal
26 Gale Street Concord,Concord,591.8,-33.846712,151.107068,True,6,normal
26 Gipps Street Concord,Concord,578.0,-33.86637,151.106834,False,5,normal
26 Gloucester Street Concord,Concord,810.2,-33.848471,151.102772,False,5,normal
26 Heath Street Concord,Concord,398.7,-33.846982,151.101668,True,6,small
26 John Street Concord,Concord,710.0,-33.865802,151.100757,True,6,normal
26 Kingston Avenue Concord,Concord,1060.3,-33.845584,151.105365,False,5,normal
26 Links Avenue Concord,Concord,786.4,-33.853009,151.100286,False,5,normal
26 Pitt Street Concord,Concord,1067.4,-33.861247,151.098251,True,7,normal
26 Rhonda Place Concord,Concord,960.6,-33.859181,151.106661,True,20,normal
26 Sydney Street Concord,Concord,807.0,-33.864009,151.097266,False,5,normal
26 Tripod Street Concord,Concord,1094.5,-33.85655,151.109944,True,6,normal
26 Wellbank Street Concord,Concord,715.2,-33.856448,151.101946,True,16,normal
26 Zoeller Street Concord,Concord,742.6,-33.858189,151.11032,False,5,normal
26A Heath Street Concord,Concord,399.9,-33.846999,151.101588,True,8,small
26A Patterson Street Concord,Concord,477.3,-33.862288,151.098054,False,5,normal
27 Augusta Street Concord,Concord,805.1,-33.847266,151.1017,True,8,normal
27 Braddon Street Concord,Concord,763.3,-33.845541,151.103367,False,5,normal
27 Brays Road Concord,Concord,1620.1,-33.847244,151.110851,True,9,normal
27 Burwood Road Concord,Concord,478.5,-33.867076,151.106071,False,5,normal
27 Castlereagh Street Concord,Concord,456.5,-33.858086,151.097489,True,6,normal
27 Clermont Avenue Concord,Concord,812.1,-33.856888,151.093222,True,6,normal
27 Cormiston Avenue Concord,Concord,796.6,-33.858746,151.102831,True,6,normal
27 Davidson Avenue Concord,Concord,742.0,-33.854379,151.100418,False,5,normal
27 La Mascotte Avenue Concord,Concord,766.6,-33.858816,151.108985,False,5,normal
27 Macnamara Avenue Concord,Concord,653.2,-33.859404,151.096937,False,5,normal
27 Shackel Avenue Concord,Concord,835.2,-33.85936,151.099852,True,7,normal
27 Trafalgar Parade Concord,Concord,911.2,-33.855412,151.100565,True,11,normal
27 Turner Avenue Concord,Concord,1109.0,-33.845548,151.10477,True,7,normal
27 Wellbank Street Concord,Concord,1023.4,-33.856084,151.10149,True,9,normal
27 Zoeller Street Concord,Concord,1090.0,-33.857561,151.110459,False,5,normal
28 Anderson Road Concord,Concord,854.6,-33.849982,151.105443,True,12,normal
28 Archer Street Concord,Concord,746.1,-33.851105,151.103498,True,6,normal
28 Arthur Street Concord,Concord,575.1,-33.859321,151.098423,True,20,normal
28 Augusta Street Concord,Concord,828.2,-33.847761,151.102048,False,5,normal
28 Bayard Street Concord,Concord,461.6,-33.843744,151.105335,False,5,normal
28 Broughton Street Concord,Concord,610.5,-33.860366,151.106579,False,5,normal
28 Cabarita Road Concord,Concord,249.2,-33.851499,151.108264,False,5,small
28 Castlereagh Street Concord,Concord,653.3,-33.859319,151.097325,False,5,normal
28 Correys Avenue Concord,Concord,784.7,-33.854018,151.100307,False,5,normal
28 Crane Street Concord,Concord,552.6,-33.862323,151.107002,False,5,normal
28 Davidson Avenue Concord,Concord,735.6,-33.854925,151.100593,False,5,normal
28 Denison Street Concord,Concord,798.6,-33.850076,151.108344,True,6,normal
28 Flavelle Street Concord,Concord,601.6,-33.859266,151.099229,False,5,normal
28 Frederick Street Concord,Concord,744.0,-33.850561,151.106914,False,5,normal
28 Kingston Avenue Concord,Concord,1025.8,-33.845481,151.105242,True,7,normal
28 Links Avenue Concord,Concord,781.5,-33.853035,151.100159,False,5,normal
28 Majors Bay Road Concord,Concord,841.8,-33.858651,151.103278,False,5,normal
28 Mortlake Street Concord,Concord,331.7,-33.849687,151.107777,False,5,small
28 Patterson Street Concord,Concord,909.0,-33.862293,151.097891,False,5,normal
28 Pitt Street Concord,Concord,1073.1,-33.861263,151.098088,True,6,normal
28 Shackel Avenue Concord,Concord,830.8,-33.860005,151.100182,True,6,normal
28 Tripod Street Concord,Concord,1083.8,-33.856415,151.109867,False,5,normal
28 Turner Avenue Concord,Concord,619.9,-33.845774,151.104028,True,6,normal
28 William Street Concord,Concord,739.9,-33.848058,151.108351,False,5,normal
29 Anderson Road Concord,Concord,717.3,-33.849678,151.106164,False,5,normal
29 Arthur Street Concord,Concord,594.5,-33.859268,151.09869,True,24,normal
29 Burton Street Concord,Concord,819.2,-33.867472,151.104582,True,16,normal
29 Burwood Road Concord,Concord,447.8,-33.86681,151.106129,False,5,small
29 Correys Avenue Concord,Concord,792.3,-33.853434,151.100277,False,5,normal
29 Cross Street Concord,Concord,1005.7,-33.859196,151.095842,True,7,normal
29 David Street Concord,Concord,688.8,-33.864177,151.105514,False,5,normal
29 Davidson Avenue Concord,Concord,972.2,-33.854409,151.100274,False,5,normal
29 Durham Street Concord,Concord,709.9,-33.860151,151.116033,True,14,normal
29 Flavelle Street Concord,Concord,1022.4,-33.858242,151.099596,False,5,normal
29 Gloucester Street Concord,Concord,854.3,-33.848084,151.102145,False,5,normal
29 Links Avenue Concord,Concord,792.7,-33.852478,151.099895,False,5,normal
29 Marceau Drive Concord,Concord,991.2,-33.860145,151.11384,True,23,normal
29 Melbourne Street Concord,Concord,772.1,-33.865708,151.100341,True,6,normal
29 Salt Street Concord,Concord,764.0,-33.857003,151.11318,False,5,normal
29 Shackel Avenue Concord,Concord,844.2,-33.859457,151.099749,False,5,normal
29 Trafalgar Parade Concord,Concord,1067.9,-33.855376,151.100377,True,13,normal
29 Turner Avenue Concord,Concord,919.6,-33.845497,151.104528,True,6,normal
29 Zoeller Street Concord,Concord,1059.4,-33.857591,151.110302,False,5,normal
2A Arthur Street Concord,Concord,578.6,-33.857687,151.097532,True,8,normal
2A Burwood Road Concord,Concord,341.3,-33.86873,151.105149,True,6,small
2A Jones Street Concord,Concord,952.4,-33.858558,151.105677,True,17,normal
2A Lloyd George Avenue Concord,Concord,551.1,-33.867087,151.097529,True,7,normal
2A Loftus Street Concord,Concord,355.4,-33.868397,151.107827,False,5,small
3 Albion Street Concord,Concord,749.8,-33.850086,151.110155,False,5,normal
3 Anderson Road Concord,Concord,715.1,-33.851411,151.106691,False,5,normal
3 Arthur Street Concord,Concord,882.7,-33.857791,151.098184,True,8,normal
3 Augusta Street Concord,Concord,949.1,-33.846852,151.103654,True,6,normal
3 Bayview Street Concord,Concord,712.6,-33.852428,151.108489,False,5,normal
3 Bent Street Concord,Concord,488.3,-33.855197,151.104509,False,5,normal
3 Brays Road Concord,Concord,1436.3,-33.848406,151.11152,True,7,normal
3 Brewer Street Concord,Concord,723.6,-33.853173,151.107405,True,6,normal
3 Broughton Street Concord,Concord,734.5,-33.86702,151.103675,True,7,normal
3 Burton Street Concord,Concord,479.2,-33.867903,151.108075,False,5,normal
3 Cabarita Road Concord,Concord,537.2,-33.852074,151.10812,False,5,normal
3 Castlereagh Street Concord,Concord,652.3,-33.859421,151.097979,False,5,normal
3 Cormiston Avenue Concord,Concord,680.5,-33.86021,151.103158,True,6,normal
3 Creewood Street Concord,Concord,736.7,-33.861799,151.095774,False,5,normal
3 Daly Avenue Concord,Concord,646.9,-33.866427,151.097082,True,6,normal
3 David Street Concord,Concord,1244.2,-33.865018,151.105649,True,6,normal
3 Denison Street Concord,Concord,760.0,-33.849155,151.109988,False,5,normal
3 Duke Avenue Concord,Concord,737.9,-33.858473,151.114667,True,6,normal
3 Edith Avenue Concord,Concord,880.9,-33.860963,151.112781,True,11,normal
3 Evelyn Avenue Concord,Concord,674.8,-33.862247,151.110806,True,6,normal
3 Fairview Street Concord,Concord,1004.9,-33.858416,151.100269,False,5,normal
3 Flavelle Street Concord,Concord,969.3,-33.862569,151.100891,False,5,normal
3 Frederick Street Concord,Concord,1017.3,-33.853191,151.108177,True,7,normal
3 Gladstone Street Concord,Concord,493.8,-33.861858,151.107154,True,7,normal
3 Gloucester Street Concord,Concord,991.2,-33.8476,151.104215,True,6,normal
3 High Street Concord,Concord,706.7,-33.857463,151.100316,False,5,normal
3 John Street Concord,Concord,733.5,-33.866405,151.101575,True,8,normal
3 Josselyn Place Concord,Concord,701.1,-33.852889,151.107203,True,20,normal
3 Kentwell Avenue Concord,Concord,356.7,-33.861116,151.09648,True,11,small
3 Lansdowne Street Concord,Concord,1220.0,-33.867023,151.104967,False,5,normal
3 Leigh Avenue Concord,Concord,1009.0,-33.864361,151.099278,True,6,normal
3 Lindfield Avenue Concord,Concord,763.6,-33.858574,151.11019,True,6,normal
3 Links Avenue Concord,Concord,807.5,-33.852137,151.101545,False,5,normal
3 Loftus Street Concord,Concord,442.4,-33.86833,151.10786,False,5,small
3 Marceau Drive Concord,Concord,1025.7,-33.859427,151.116108,True,13,normal
3 Mortlake Street Concord,Concord,715.6,-33.849514,151.108374,False,5,normal
3 Orton Avenue Concord,Concord,732.4,-33.843273,151.10408,False,5,normal
3 Pamela Place Concord,Concord,700.9,-33.853132,151.104789,True,7,normal
3 Patterson Street Concord,Concord,907.3,-33.860561,151.103515,False,5,normal
3 Rhonda Place Concord,Concord,647.4,-33.858525,151.106391,False,5,normal
3 Rickard Street Concord,Concord,592.8,-33.846255,151.104009,False,5,normal
3 Riverview Street Concord,Concord,808.8,-33.850197,151.112068,False,5,normal
3 Rose Avenue Concord,Concord,672.1,-33.860503,151.102166,False,5,normal
3 Salisbury Street Concord,Concord,564.5,-33.862536,151.106955,True,7,normal
3 Shackel Avenue Concord,Concord,840.6,-33.859047,151.101637,False,5,normal
3 Shipham Street Concord,Concord,760.7,-33.852987,151.106662,True,6,normal
3 Smythes Street Concord,Concord,595.1,-33.852888,151.104802,False,5,normal
3 Sydney Street Concord,Concord,652.9,-33.863341,151.097806,True,6,normal
3 Tremere Street Concord,Concord,915.1,-33.858868,151.112596,False,5,normal
3 Turner Avenue Concord,Concord,869.0,-33.847111,151.105493,False,5,normal
3 Wallace Street Concord,Concord,608.0,-33.86074,151.109135,True,6,normal
3 Watkin Street Concord,Concord,673.5,-33.844758,151.106365,True,8,normal
3 Wiggins Place Concord,Concord,804.2,-33.848263,151.10996,True,6,normal
3 Wordsworth Avenue Concord,Concord,1023.6,-33.862294,151.101207,False,5,normal
30 Anderson Road Concord,Concord,1209.4,-33.849798,151.105408,True,6,normal
30 Archer Street Concord,Concord,808.3,-33.851217,151.103361,False,5,normal
30 Arthur Street Concord,Concord,710.6,-33.859405,151.098487,True,15,normal
30 Bayard Street Concord,Concord,463.5,-33.843691,151.105257,False,5,normal
30 Brays Road Concord,Concord,645.6,-33.847768,151.109853,True,8,normal
30 Burwood Road Concord,Concord,987.3,-33.866546,151.105531,False,5,normal
30 Cormiston Avenue Concord,Concord,799.4,-33.858531,151.10213,False,5,normal
30 Frederick Street Concord,Concord,691.8,-33.850443,151.106878,False,5,normal
30 Gipps Street Concord,Concord,626.9,-33.866317,151.106644,False,5,normal
30 Gloucester Street Concord,Concord,808.2,-33.84854,151.102454,False,5,normal
30 La Mascotte Avenue Concord,Concord,754.0,-33.859152,151.108386,True,7,normal
30 Links Avenue Concord,Concord,810.7,-33.853062,151.100031,False,5,normal
30 Macnamara Avenue Concord,Concord,806.4,-33.860047,151.096463,True,6,normal
30 Melbourne Street Concord,Concord,880.2,-33.865639,151.099625,False,5,normal
30 Mortlake Street Concord,Concord,718.4,-33.84961,151.107753,False,5,normal
30 Pitt Street Concord,Concord,1058.1,-33.861295,151.09794,True,6,normal
30 Salt Street Concord,Concord,951.0,-33.855675,151.112171,False,5,normal
30 Sanders Parade Concord,Concord,699.9,-33.855197,151.112752,True,12,normal
30 Shackel Avenue Concord,Concord,821.4,-33.860008,151.100036,False,5,normal
30 Turner Avenue Concord,Concord,565.6,-33.845655,151.104002,False,5,normal
30 William Street Concord,Concord,788.8,-33.847924,151.108322,True,6,normal
30 Zoeller Street Concord,Concord,708.2,-33.858235,151.110079,False,5,normal
31 Castlereagh Street Concord,Concord,424.6,-33.857813,151.097355,True,8,small
31 David Street Concord,Concord,653.3,-33.864126,151.105407,False,5,normal
31 Davidson Avenue Concord,Concord,852.9,-33.854468,151.100105,True,6,normal
31 Flavelle Street Concord,Concord,995.5,-33.85811,151.099555,False,5,normal
31 Gipps Street Concord,Concord,367.5,-33.864963,151.104574,False,5,small
31 Gloucester Street Concord,Concord,831.9,-33.848107,151.10195,True,7,normal
31 La Mascotte Avenue Concord,Concord,826.4,-33.858682,151.108728,True,8,normal
31 Links Avenue Concord,Concord,797.1,-33.852504,151.099768,False,5,normal
31 Macnamara Avenue Concord,Concord,653.6,-33.85919,151.09687,False,5,normal
31 Marceau Drive Concord,Concord,1441.5,-33.860586,151.113512,True,36,normal
31 Patterson Street Concord,Concord,710.3,-33.861113,151.101233,True,6,normal
31 Salt Street Concord,Concord,768.9,-33.856863,151.113141,False,5,normal
31 Trafalgar Parade Concord,Concord,934.7,-33.855361,151.10016,True,13,normal
31 Turner Avenue Concord,Concord,597.2,-33.8454,151.10448,False,5,normal
32 Addison Avenue Concord,Concord,1023.8,-33.861597,151.102534,False,5,normal
32 Augusta Street Concord,Concord,754.6,-33.847733,151.101567,True,6,normal
32 Clermont Avenue Concord,Concord,814.4,-33.857492,151.093343,False,5,normal
32 Correys Avenue Concord,Concord,832.3,-33.85408,151.100007,False,5,normal
32 Davidson Avenue Concord,Concord,962.9,-33.855018,151.100275,True,6,normal
32 Flavelle Street Concord,Concord,621.7,-33.859047,151.099161,False,5,normal
32 Frederick Street Concord,Concord,722.5,-33.850313,151.106863,True,6,normal
32 Gloucester Street Concord,Concord,807.5,-33.848574,151.102294,False,5,normal
32 John Street Concord,Concord,718.3,-33.865487,151.100695,False,5,normal
32 Links Avenue Concord,Concord,771.1,-33.853089,151.099902,False,5,normal
32 Patterson Street Concord,Concord,830.2,-33.862595,151.09658,True,6,normal
32 Salt Street Concord,Concord,939.2,-33.855543,151.112134,False,5,normal
32 Shackel Avenue Concord,Concord,828.9,-33.860037,151.099902,False,5,normal
32 Tripod Street Concord,Concord,1113.7,-33.85613,151.109895,False,5,normal
32 Wellbank Street Concord,Concord,768.5,-33.856738,151.101443,False,5,normal
33 Brays Road Concord,Concord,1023.6,-33.847849,151.106762,True,6,normal
33 Cabarita Road Concord,Concord,648.2,-33.851562,151.110245,False,5,normal
33 David Street Concord,Concord,655.9,-33.864077,151.105304,False,5,normal
33 Gipps Street Concord,Concord,778.0,-33.864891,151.104493,True,8,normal
33 Kingston Avenue Concord,Concord,980.1,-33.844931,151.105899,True,6,normal
33 Links Avenue Concord,Concord,814.0,-33.852531,151.09964,False,5,normal
33 Macnamara Avenue Concord,Concord,671.1,-33.8591,151.096759,False,5,normal
33 Melbourne Street Concord,Concord,675.6,-33.865483,151.100235,False,5,normal
33 Noble Street Concord,Concord,1220.5,-33.849363,151.104746,False,5,normal
33 Patterson Street Concord,Concord,637.1,-33.861186,151.100893,True,6,normal
33 Salt Street Concord,Concord,760.0,-33.856724,151.113102,False,5,normal
33 Trafalgar Parade Concord,Concord,835.4,-33.855318,151.099942,True,13,normal
33 Wellbank Street Concord,Concord,839.6,-33.856202,151.10115,False,5,normal
34 Ada Street Concord,Concord,405.8,-33.866878,151.097416,True,7,small
34 Addison Avenue Concord,Concord,991.0,-33.861492,151.102637,False,5,normal
34 Brays Road Concord,Concord,674.7,-33.847862,151.109402,True,6,normal
34 Broughton Street Concord,Concord,603.8,-33.860082,151.106771,False,5,normal
34 Cabarita Road Concord,Concord,746.1,-33.851337,151.108728,True,6,normal
34 Castlereagh Street Concord,Concord,676.4,-33.858999,151.097225,False,5,normal
34 Cormiston Avenue Concord,Concord,1107.6,-33.858342,151.101923,True,6,normal
34 Crane Street Concord,Concord,785.9,-33.862224,151.106654,False,5,normal
34 Empire Avenue Concord,Concord,1001.8,-33.857209,151.109872,False,5,normal
34 Flavelle Street Concord,Concord,637.2,-33.858949,151.099094,True,6,normal
34 Frederick Street Concord,Concord,712.2,-33.850029,151.106776,True,6,normal
34 Gipps Street Concord,Concord,653.9,-33.866288,151.106419,True,10,normal
34 John Street Concord,Concord,705.8,-33.865374,151.100687,True,6,normal
34 Kingston Avenue Concord,Concord,624.5,-33.844974,151.105321,True,6,normal
34 Links Avenue Concord,Concord,796.1,-33.853115,151.099776,False,5,normal
34 Salt Street Concord,Concord,948.7,-33.855411,151.112097,False,5,normal
34 Tripod Street Concord,Concord,983.0,-33.856016,151.109807,True,6,normal
34 Wellbank Street Concord,Concord,850.1,-33.856766,151.101314,False,5,normal
35 Broughton Street Concord,Concord,2067.9,-33.864513,151.104698,True,10,large
35 Burton Street Concord,Concord,1197.6,-33.867138,151.103919,True,8,normal
35 Burwood Road Concord,Concord,459.8,-33.866405,151.106213,False,5,normal
35 Correys Avenue Concord,Concord,840.8,-33.853513,151.099898,False,5,normal
35 David Street Concord,Concord,660.2,-33.864007,151.105217,True,6,normal
35 Flavelle Street Concord,Concord,689.7,-33.857764,151.099248,True,8,normal
35 Frederick Street Concord,Concord,723.6,-33.850654,151.107582,False,5,normal
35 Kingston Avenue Concord,Concord,818.1,-33.844814,151.105741,False,5,normal
35 Majors Bay Road Concord,Concord,374.3,-33.857147,151.103828,False,5,small
35 Patterson Street Concord,Concord,704.1,-33.861198,151.100751,False,5,normal
35 Wellbank Street Concord,Concord,853.9,-33.856238,151.100982,False,5,normal
36 Ada Street Concord,Concord,375.7,-33.866874,151.097317,True,6,small
36 Addison Avenue Concord,Concord,1041.4,-33.861386,151.102742,False,5,normal
36 Anderson Road Concord,Concord,902.1,-33.849462,151.105322,True,6,normal
36 Archer Street Concord,Concord,811.9,-33.851319,151.102882,False,5,normal
36 Burwood Road Concord,Concord,997.3,-33.866139,151.105616,False,5,normal
36 Cabarita Road Concord,Concord,797.9,-33.851315,151.108909,False,5,normal
36 Castlereagh Street Concord,Concord,646.6,-33.858891,151.097192,False,5,normal
36 Clermont Avenue Concord,Concord,798.4,-33.857545,151.093097,False,5,normal
36 Cormiston Avenue Concord,Concord,1106.8,-33.858242,151.101892,True,6,normal
36 Crane Street Concord,Concord,841.0,-33.862171,151.106539,False,5,normal
36 Davidson Avenue Concord,Concord,698.7,-33.854991,151.099882,False,5,normal
36 Gale Street Concord,Concord,634.5,-33.846202,151.10692,False,5,normal
36 Gipps Street Concord,Concord,932.0,-33.865865,151.105324,True,6,normal
36 Lancelot Street Concord,Concord,761.3,-33.849649,151.102823,True,6,normal
36 Mortlake Street Concord,Concord,733.5,-33.849264,151.107646,False,5,normal
36 Patterson Street Concord,Concord,849.2,-33.862711,151.096294,True,6,normal
36 Salt Street Concord,Concord,778.8,-33.855288,151.112063,False,5,normal
36 Tripod Street Concord,Concord,840.1,-33.855887,151.109825,False,5,normal
36 Zoeller Street Concord,Concord,837.2,-33.858352,151.109629,False,5,normal
36A Empire Avenue Concord,Concord,610.3,-33.857231,151.109654,True,8,normal
36A Gipps Street Concord,Concord,553.4,-33.865807,151.105504,False,5,normal
37 Anderson Road Concord,Concord,709.5,-33.849221,151.106024,False,5,normal
37 Broughton Street Concord,Concord,469.9,-33.864312,151.104573,False,5,normal
37 Burton Street Concord,Concord,737.4,-33.86722,151.103764,False,5,normal
37 Correys Avenue Concord,Concord,835.5,-33.85354,151.099766,False,5,normal
37 Cross Street Concord,Concord,1007.9,-33.858684,151.095683,True,7,normal
37 Gipps Street Concord,Concord,1089.6,-33.863314,151.100102,True,6,normal
37 Majors Bay Road Concord,Concord,382.5,-33.857086,151.103819,False,5,small
37 Melbourne Street Concord,Concord,727.6,-33.865277,151.100165,False,5,normal
37 Patterson Street Concord,Concord,738.5,-33.861198,151.100593,True,6,normal
37 Salt Street Concord,Concord,772.9,-33.856447,151.113024,False,5,normal
38 Addison Avenue Concord,Concord,990.1,-33.861256,151.102814,True,6,normal
38 Archer Street Concord,Concord,826.3,-33.851354,151.102721,False,5,normal
38 Brays Road Concord,Concord,849.2,-33.847939,151.109101,True,8,normal
38 Broughton Street Concord,Concord,629.1,-33.859815,151.106982,True,6,normal
38 Burwood Road Concord,Concord,977.5,-33.865985,151.105578,True,6,normal
38 Cabarita Road Concord,Concord,759.7,-33.851283,151.109048,False,5,normal
38 Castlereagh Street Concord,Concord,717.1,-33.858783,151.097158,False,5,normal
38 Crane Street Concord,Concord,783.1,-33.862149,151.106392,True,6,normal
38 Empire Avenue Concord,Concord,584.6,-33.857222,151.109554,True,7,normal
38 Frederick Street Concord,Concord,706.9,-33.849803,151.106684,False,5,normal
38 Gale Street Concord,Concord,662.1,-33.846119,151.106894,False,5,normal
38 Gipps Street Concord,Concord,1004.8,-33.865768,151.105164,False,5,normal
38 Kingston Avenue Concord,Concord,977.8,-33.843708,151.103529,True,10,normal
38 Links Avenue Concord,Concord,772.9,-33.853169,151.099518,False,5,normal
38 Macnamara Avenue Concord,Concord,676.1,-33.85958,151.096317,True,6,normal
38 Mortlake Street Concord,Concord,731.8,-33.849166,151.107531,False,5,normal
38 Salt Street Concord,Concord,1131.4,-33.855183,151.111951,True,7,normal
38 Wellbank Street Concord,Concord,440.1,-33.856794,151.101063,False,5,small
38 Zoeller Street Concord,Concord,811.4,-33.858376,151.109498,False,5,normal
38A Empire Avenue Concord,Concord,647.6,-33.857262,151.109495,True,8,normal
39 Cormiston Avenue Concord,Concord,848.2,-33.857847,151.102653,True,7,normal
39 Correys Avenue Concord,Concord,806.4,-33.853567,151.099637,False,5,normal
39 Cross Street Concord,Concord,1014.7,-33.858538,151.095614,True,6,normal
39 Davidson Avenue Concord,Concord,692.5,-33.854702,151.098683,True,9,normal
39 Kingston Avenue Concord,Concord,1032.7,-33.844353,151.105436,True,6,normal
39 Links Avenue Concord,Concord,780.9,-33.85261,151.099259,False,5,normal
39 Macnamara Avenue Concord,Concord,706.3,-33.85871,151.096747,True,6,normal
39 Majors Bay Road Concord,Concord,369.5,-33.857024,151.10381,False,5,small
39 Melbourne Street Concord,Concord,720.5,-33.86517,151.10013,False,5,normal
39 Patterson Street Concord,Concord,691.3,-33.861259,151.100459,False,5,normal
39 Trafalgar Parade Concord,Concord,839.9,-33.854449,151.099353,True,11,normal
39 Wellbank Street Concord,Concord,1064.9,-33.856269,151.100645,True,7,normal
39 Zoeller Street Concord,Concord,1068.2,-33.857706,151.109527,True,8,normal
39A Cormiston Avenue Concord,Concord,698.2,-33.857782,151.10258,True,7,normal
3A Loftus Street Concord,Concord,464.9,-33.86827,151.107909,True,6,normal
3A Wellbank Street Concord,Concord,626.2,-33.855349,151.105307,True,7,normal
3B Loftus Street Concord,Concord,518.9,-33.867785,151.108229,True,6,normal
3C Macnamara Avenue Concord,Concord,813.3,-33.861149,151.09743,True,7,normal
4 Addison Avenue Concord,Concord,1122.8,-33.863092,151.101008,True,7,normal
4 Arthur Street Concord,Concord,842.6,-33.857938,151.097529,True,7,normal
4 Augusta Street Concord,Concord,947.5,-33.847369,151.103968,True,6,normal
4 Bayview Street Concord,Concord,512.7,-33.852789,151.108751,True,6,normal
4 Beaconsfield Avenue Concord,Concord,583.9,-33.860572,151.105354,False,5,normal
4 Bent Street Concord,Concord,475.7,-33.855591,151.103985,False,5,normal
4 Braddon Street Concord,Concord,648.6,-33.844584,151.106329,False,5,normal
4 Brewer Street Concord,Concord,715.8,-33.853234,151.107282,False,5,normal
4 Castlereagh Street Concord,Concord,819.5,-33.860638,151.097737,False,5,normal
4 Clermont Avenue Concord,Concord,872.5,-33.857498,151.095002,True,7,normal
4 Corby Avenue Concord,Concord,1013.0,-33.861946,151.110985,True,6,normal
4 Creewood Street Concord,Concord,708.6,-33.861921,151.09523,False,5,normal
4 Curtin Place Concord,Concord,730.8,-33.856279,151.097006,True,13,normal
4 Davidson Avenue Concord,Concord,744.4,-33.85461,151.102196,True,6,normal
4 Durham Street Concord,Concord,853.8,-33.859774,151.117787,False,5,normal
4 Empire Avenue Concord,Concord,1093.6,-33.856666,151.112368,True,6,normal
4 Fairview Street Concord,Concord,868.1,-33.858862,151.100755,True,6,normal
4 Flavelle Street Concord,Concord,691.6,-33.863437,151.100544,False,5,normal
4 Frederick Street Concord,Concord,741.8,-33.852751,151.107472,True,32,normal
4 Freeman Place Concord,Concord,698.4,-33.856155,151.109362,True,14,normal
4 Gale Street Concord,Concord,396.3,-33.84781,151.107414,False,5,small
4 Heath Street Concord,Concord,1116.6,-33.846616,151.10341,True,7,normal
4 Ian Parade Concord,Concord,810.5,-33.858025,151.107863,False,5,normal
4 Jellicoe Street Concord,Concord,878.5,-33.856857,151.105228,False,5,normal
4 Kentwell Avenue Concord,Concord,465.5,-33.861547,151.096575,False,5,normal
4 Kingston Avenue Concord,Concord,874.9,-33.847018,151.105906,False,5,normal
4 Lancelot Street Concord,Concord,1300.6,-33.852636,151.103776,False,5,normal
4 Leigh Avenue Concord,Concord,880.0,-33.864494,151.09841,True,6,normal
4 Lindfield Avenue Concord,Concord,1041.9,-33.858735,151.109535,True,6,normal
4 Lloyd George Avenue Concord,Concord,724.8,-33.866971,151.097627,False,5,normal
4 Loftus Street Concord,Concord,879.2,-33.867668,151.108215,True,6,normal
4 Ludgate Street Concord,Concord,573.1,-33.858344,151.10072,False,5,normal
4 Majors Bay Road Concord,Concord,830.8,-33.860111,151.103474,True,6,normal
4 Nicholas Avenue Concord,Concord,572.3,-33.860574,151.109478,False,5,normal
4 Norman Street Concord,Concord,592.7,-33.845857,151.102931,True,6,normal
4 Pamela Place Concord,Concord,561.8,-33.853055,151.104918,True,7,normal
4 Rhonda Place Concord,Concord,744.7,-33.858058,151.107513,True,7,normal
4 Rickard Street Concord,Concord,663.3,-33.845296,151.102686,False,5,normal
4 Riverview Street Concord,Concord,862.0,-33.850323,151.111414,False,5,normal
4 Rose Avenue Concord,Concord,684.9,-33.860635,151.101638,False,5,normal
4 Salisbury Street Concord,Concord,761.4,-33.86285,151.106221,False,5,normal
4 Salt Street Concord,Concord,908.3,-33.858774,151.11305,False,5,normal
4 Shackel Avenue Concord,Concord,799.0,-33.859626,151.101782,False,5,normal
4 Shipham Street Concord,Concord,754.8,-33.853148,151.105948,True,6,normal
4 Spring Street Concord,Concord,451.9,-33.855126,151.104841,False,5,normal
4 Station Street Concord,Concord,829.8,-33.859031,151.094964,True,7,normal
4 Sydney Street Concord,Concord,843.8,-33.863327,151.098541,True,7,normal
4 Turner Avenue Concord,Concord,954.9,-33.847268,151.104853,True,6,normal
4 View Street Concord,Concord,971.0,-33.85631,151.111067,False,5,normal
4 Ward Street Concord,Concord,763.0,-33.860674,151.113007,True,6,normal
4 Wordsworth Avenue Concord,Concord,689.1,-33.861917,151.100648,False,5,normal
40 Ada Street Concord,Concord,358.0,-33.866805,151.097144,False,5,small
40 Addison Avenue Concord,Concord,811.5,-33.861194,151.102984,False,5,normal
40 Anderson Road Concord,Concord,1215.4,-33.849239,151.105315,False,5,normal
40 Brays Road Concord,Concord,1248.9,-33.848152,151.108081,True,8,normal
40 Broughton Street Concord,Concord,507.5,-33.859595,151.107144,True,6,normal
40 Cabarita Road Concord,Concord,713.6,-33.851254,151.109178,False,5,normal
40 Castlereagh Street Concord,Concord,649.1,-33.858684,151.097085,True,6,normal
40 Clermont Avenue Concord,Concord,807.8,-33.857605,151.092823,False,5,normal
40 Crane Street Concord,Concord,827.2,-33.86207,151.106289,True,6,normal
40 Empire Avenue Concord,Concord,845.1,-33.857306,151.109364,False,5,normal
40 Flavelle Street Concord,Concord,607.2,-33.858599,151.099023,False,5,normal
40 Frederick Street Concord,Concord,708.2,-33.849688,151.106649,False,5,normal
40 Gale Street Concord,Concord,653.4,-33.846034,151.106868,False,5,normal
40 Gipps Street Concord,Concord,1096.8,-33.865588,151.104972,True,17,normal
40 Macnamara Avenue Concord,Concord,692.9,-33.859465,151.09628,True,6,normal
40 Melbourne Street Concord,Concord,533.1,-33.865045,151.099422,False,5,normal
40 Patterson Street Concord,Concord,842.0,-33.862737,151.095925,True,6,normal
40 Salt Street Concord,Concord,937.8,-33.855012,151.111985,False,5,normal
40 Tripod Street Concord,Concord,900.8,-33.855678,151.10971,True,6,normal
40 Wellbank Street Concord,Concord,462.6,-33.856812,151.100983,False,5,normal
40 Zoeller Street Concord,Concord,821.3,-33.858401,151.109368,False,5,normal
40A Crane Street Concord,Concord,234.5,-33.861963,151.106256,False,5,small
40P Brays Road Concord,Concord,1828.0,-33.848235,151.107838,True,7,normal
41 Burwood Road Concord,Concord,688.5,-33.866062,151.106285,False,5,normal
41 Correys Avenue Concord,Concord,851.6,-33.853594,151.099508,False,5,normal
41 Cross Street Concord,Concord,1013.2,-33.858425,151.095579,True,6,normal
41 Davidson Avenue Concord,Concord,773.2,-33.854822,151.098557,False,5,normal
41 Links Avenue Concord,Concord,795.1,-33.852641,151.099108,False,5,normal
41 Macnamara Avenue Concord,Concord,692.6,-33.858599,151.096713,True,6,normal
41 Melbourne Street Concord,Concord,706.3,-33.865066,151.100095,False,5,normal
41 Patterson Street Concord,Concord,664.8,-33.861306,151.100316,True,6,normal
41 Salt Street Concord,Concord,771.7,-33.856168,151.112945,False,5,normal
41 Zoeller Street Concord,Concord,903.4,-33.857755,151.109384,True,7,normal
42 Bayard Street Concord,Concord,451.0,-33.843368,151.10467,True,6,normal
42 Cabarita Road Concord,Concord,796.3,-33.851223,151.109315,False,5,normal
42 Clermont Avenue Concord,Concord,817.3,-33.857685,151.092657,True,7,normal
42 Macnamara Avenue Concord,Concord,656.9,-33.85935,151.096243,True,6,normal
42 Mortlake Street Concord,Concord,341.0,-33.848942,151.107546,False,5,small
42 Salt Street Concord,Concord,1241.6,-33.854865,151.111943,False,5,normal
42 Wellbank Street Concord,Concord,455.0,-33.85683,151.100901,False,5,normal
42 Zoeller Street Concord,Concord,812.1,-33.85842,151.109264,False,5,normal
43 Cormiston Avenue Concord,Concord,786.8,-33.857571,151.102544,False,5,normal
43 Correys Avenue Concord,Concord,799.2,-33.853621,151.099378,False,5,normal
43 Cross Street Concord,Concord,1015.6,-33.858294,151.095538,True,6,normal
43 Davidson Avenue Concord,Concord,697.5,-33.854948,151.098323,True,18,normal
43 Flavelle Street Concord,Concord,680.4,-33.856288,151.098909,True,6,normal
43 Melbourne Street Concord,Concord,703.5,-33.864962,151.10006,False,5,normal
43 Salt Street Concord,Concord,741.7,-33.856029,151.112907,False,5,normal
44 Broughton Street Concord,Concord,662.0,-33.859338,151.107166,True,6,normal
44 Castlereagh Street Concord,Concord,657.0,-33.85847,151.097019,True,6,normal
44 Empire Avenue Concord,Concord,920.0,-33.857356,151.109102,False,5,normal
44 Flavelle Street Concord,Concord,675.5,-33.858398,151.098912,True,6,normal
44 Gale Street Concord,Concord,671.7,-33.84586,151.106814,False,5,normal
44 John Street Concord,Concord,705.8,-33.864861,151.100488,False,5,normal
44 Links Avenue Concord,Concord,810.1,-33.853249,151.099133,False,5,normal
44 Majors Bay Road Concord,Concord,893.7,-33.857569,151.103079,False,5,normal
44 Mortlake Street Concord,Concord,337.6,-33.848888,151.107529,False,5,small
44 Patterson Street Concord,Concord,862.5,-33.86288,151.095406,False,5,normal
44A Cabarita Road Concord,Concord,813.9,-33.851161,151.109595,False,5,normal
45 Cabarita Road Concord,Concord,991.7,-33.851401,151.111171,False,5,normal
45 Correys Avenue Concord,Concord,820.7,-33.853647,151.099251,False,5,normal
45 Flavelle Street Concord,Concord,799.5,-33.855582,151.098706,True,6,normal
45 Gipps Street Concord,Concord,1856.2,-33.862926,151.099622,True,6,normal
45 Kingston Avenue Concord,Concord,1032.0,-33.844073,151.105056,False,5,normal
45 Links Avenue Concord,Concord,776.4,-33.852689,151.098879,False,5,normal
45 Macnamara Avenue Concord,Concord,703.8,-33.858376,151.096643,True,6,normal
45 Salt Street Concord,Concord,774.5,-33.855892,151.112868,False,5,normal
45 Zoeller Street Concord,Concord,926.3,-33.857784,151.109093,True,7,normal
46 Ada Street Concord,Concord,443.9,-33.866763,151.096886,False,5,small
46 Broughton Street Concord,Concord,682.1,-33.859243,151.10723,True,6,normal
46 Burwood Road Concord,Concord,773.3,-33.865317,151.105861,True,9,normal
46 Correys Avenue Concord,Concord,706.5,-33.8543,151.098126,True,19,normal
46 Empire Avenue Concord,Concord,911.0,-33.857381,151.108971,False,5,normal
46 Links Avenue Concord,Concord,779.0,-33.853275,151.099005,False,5,normal
46 Macnamara Avenue Concord,Concord,649.0,-33.85913,151.096215,False,5,normal
46 Patterson Street Concord,Concord,845.7,-33.862934,151.09527,True,6,normal
46 Wellbank Street Concord,Concord,447.3,-33.856799,151.100699,False,5,small
46 Zoeller Street Concord,Concord,828.0,-33.858468,151.10901,False,5,normal
46A Burwood Road Concord,Concord,620.2,-33.86522,151.106002,False,5,normal
46B Burwood Road Concord,Concord,641.9,-33.86514,151.106056,False,5,normal
47 Correys Avenue Concord,Concord,805.5,-33.853679,151.099099,False,5,normal
47 Davidson Avenue Concord,Concord,791.1,-33.854933,151.097844,False,5,normal
47 Flavelle Street Concord,Concord,750.6,-33.855423,151.098647,True,6,normal
47 Links Avenue Concord,Concord,794.8,-33.852715,151.098754,False,5,normal
47 Macnamara Avenue Concord,Concord,714.3,-33.858263,151.096608,True,6,normal
47 Patterson Street Concord,Concord,889.2,-33.861374,151.0997,False,5,normal
47 Salt Street Concord,Concord,739.7,-33.855741,151.11285,True,6,normal
47 Zoeller Street Concord,Concord,900.2,-33.857799,151.108958,True,7,normal
47-49 Burwood Road Concord,Concord,1493.2,-33.865362,151.106681,False,5,normal
48 Ada Street Concord,Concord,477.8,-33.866753,151.096805,True,7,normal
48 Brays Road Concord,Concord,357.4,-33.848529,151.106305,False,5,small
48 Broughton Street Concord,Concord,642.6,-33.859176,151.107327,False,5,normal
48 Correys Avenue Concord,Concord,797.3,-33.854496,151.097855,True,6,normal
48 Empire Avenue Concord,Concord,907.7,-33.857406,151.10884,False,5,normal
48 Flavelle Street Concord,Concord,872.8,-33.858182,151.098813,True,6,normal
48 Gipps Street Concord,Concord,835.4,-33.86538,151.104191,False,5,normal
48 John Street Concord,Concord,669.8,-33.864183,151.100402,True,7,normal
48 Links Avenue Concord,Concord,804.5,-33.853301,151.098878,False,5,normal
48 Macnamara Avenue Concord,Concord,673.5,-33.859038,151.096145,True,6,normal
48 Majors Bay Road Concord,Concord,388.9,-33.857237,151.103182,True,6,small
48 Mortlake Street Concord,Concord,897.1,-33.848638,151.107477,True,6,normal
49 Cormiston Avenue Concord,Concord,768.0,-33.857271,151.102354,False,5,normal
49 Davidson Avenue Concord,Concord,797.0,-33.854962,151.097711,False,5,normal
49 Frederick Street Concord,Concord,706.8,-33.849664,151.107283,False,5,normal
49 Kingston Avenue Concord,Concord,1032.3,-33.843901,151.104802,False,5,normal
49 Patterson Street Concord,Concord,882.7,-33.861403,151.099568,False,5,normal
49 Salt Street Concord,Concord,712.9,-33.855613,151.112805,True,6,normal
49 Zoeller Street Concord,Concord,893.3,-33.857813,151.108845,True,7,normal
49A Brays Road Concord,Concord,487.4,-33.84835,151.1049,False,5,normal
49A Burton Street Concord,Concord,618.6,-33.866962,151.101833,True,9,normal
4A Deakin Street Concord,Concord,309.8,-33.844168,151.102622,True,10,small
5 Albion Street Concord,Concord,793.8,-33.850117,151.110018,False,5,normal
5 Alexandra Street Concord,Concord,1179.4,-33.864213,151.099639,True,9,normal
5 Alton Avenue Concord,Concord,898.7,-33.860332,151.095224,False,5,normal
5 Anderson Road Concord,Concord,763.2,-33.851291,151.106655,False,5,normal
5 Arthur Street Concord,Concord,882.5,-33.857851,151.098325,True,8,normal
5 Augusta Street Concord,Concord,942.8,-33.846922,151.103492,False,5,normal
5 Bayview Street Concord,Concord,649.1,-33.852408,151.108611,True,6,normal
5 Beaconsfield Avenue Concord,Concord,571.6,-33.860788,151.105875,False,5,normal
5 Bell Street Concord,Concord,639.0,-33.863325,151.097362,False,5,normal
5 Braddon Street Concord,Concord,1266.9,-33.844742,151.104727,False,5,normal
5 Broughton Street Concord,Concord,958.4,-33.8669,151.103766,True,6,normal
5 Burton Street Concord,Concord,698.5,-33.867809,151.107983,True,6,normal
5 Cabarita Road Concord,Concord,857.6,-33.852103,151.108236,True,6,normal
5 Castlereagh Street Concord,Concord,648.6,-33.859309,151.097944,False,5,normal
5 Churchill Crescent Concord,Concord,882.2,-33.856131,151.100203,True,9,normal
5 Corby Avenue Concord,Concord,796.7,-33.861344,151.111322,True,6,normal
5 Crane Street Concord,Concord,846.0,-33.86156,151.106737,False,5,normal
5 Creewood Street Concord,Concord,732.4,-33.86168,151.095737,False,5,normal
5 Cross Street Concord,Concord,858.9,-33.86078,151.096315,True,6,normal
5 David Street Concord,Concord,592.5,-33.86489,151.105735,True,6,normal
5 Davidson Avenue Concord,Concord,797.5,-33.854076,151.101873,False,5,normal
5 Deakin Street Concord,Concord,862.5,-33.845024,151.103325,True,6,normal
5 Durham Street Concord,Concord,884.1,-33.859456,151.117498,True,19,normal
5 Evelyn Avenue Concord,Concord,668.6,-33.862185,151.110676,True,6,normal
5 Fairview Street Concord,Concord,1045.2,-33.858443,151.100143,False,5,normal
5 Finch Avenue Concord,Concord,620.6,-33.8628,151.11019,False,5,normal
5 Freeman Place Concord,Concord,655.7,-33.856044,151.109327,True,14,normal
5 High Street Concord,Concord,1038.8,-33.857423,151.100149,True,6,normal
5 Ian Parade Concord,Concord,743.0,-33.857765,151.108389,True,9,normal
5 Josselyn Place Concord,Concord,734.8,-33.85278,151.106971,True,14,normal
5 Kentwell Avenue Concord,Concord,837.0,-33.861142,151.096349,False,5,normal
5 Kingston Avenue Concord,Concord,367.0,-33.84681,151.10651,False,5,small
5 Kitchener Avenue Concord,Concord,830.4,-33.850304,151.110936,False,5,normal
5 La Mascotte Avenue Concord,Concord,819.1,-33.859451,151.110305,False,5,normal
5 Lansdowne Street Concord,Concord,1123.3,-33.866885,151.105033,True,6,normal
5 Leigh Avenue Concord,Concord,1014.3,-33.86422,151.099329,False,5,normal
5 Lindfield Avenue Concord,Concord,746.3,-33.858696,151.110227,True,6,normal
5 Marceau Drive Concord,Concord,808.8,-33.859401,151.115798,True,6,normal
5 Meadow Street Concord,Concord,708.5,-33.860596,151.10123,False,5,normal
5 Mortlake Street Concord,Concord,736.5,-33.849401,151.108339,False,5,normal
5 Noble Street Concord,Concord,1196.2,-33.852094,151.105607,True,6,normal
5 Pamela Place Concord,Concord,578.7,-33.852996,151.105163,True,8,normal
5 Riverview Street Concord,Concord,837.1,-33.850101,151.111944,False,5,normal
5 Rose Avenue Concord,Concord,675.3,-33.860391,151.102131,False,5,normal
5 Smythes Street Concord,Concord,582.7,-33.852875,151.10495,True,6,normal
5 Spring Street Concord,Concord,691.9,-33.854806,151.105344,False,5,normal
5 Station Street Concord,Concord,913.6,-33.858556,151.094672,False,5,normal
5 Tremere Street Concord,Concord,938.6,-33.858738,151.112557,False,5,normal
5 Tripod Street Concord,Concord,763.5,-33.858877,151.111456,True,6,normal
5 Turner Avenue Concord,Concord,919.0,-33.846985,151.10543,False,5,normal
5 Wallace Street Concord,Concord,609.6,-33.860676,151.109004,True,6,normal
5 Ward Street Concord,Concord,619.9,-33.860073,151.11346,False,5,normal
5 Wiggins Place Concord,Concord,686.3,-33.848669,151.109907,True,15,normal
5 Zoeller Street Concord,Concord,640.2,-33.857199,151.11248,False,5,normal
50 Ada Street Concord,Concord,624.5,-33.866711,151.096677,False,5,normal
50 Bertram Street Concord,Concord,465.7,-33.843122,151.104391,True,7,normal
50 Burton Street Concord,Concord,1096.2,-33.867791,151.103703,True,6,normal
50 Cabarita Road Concord,Concord,795.2,-33.851066,151.110017,False,5,normal
50 Castlereagh Street Concord,Concord,839.8,-33.85815,151.09685,True,6,normal
50 Correys Avenue Concord,Concord,767.6,-33.854561,151.097726,False,5,normal
50 Empire Avenue Concord,Concord,904.1,-33.857431,151.10871,False,5,normal
50 Frederick Street Concord,Concord,717.6,-33.849136,151.106398,False,5,normal
50 John Street Concord,Concord,586.0,-33.864079,151.10032,True,6,normal
50 Links Avenue Concord,Concord,783.1,-33.853328,151.09875,False,5,normal
50 Macnamara Avenue Concord,Concord,641.3,-33.858927,151.096111,True,6,normal
50 Mortlake Street Concord,Concord,323.6,-33.848397,151.107295,True,7,small
50 Trafalgar Parade Concord,Concord,939.7,-33.854758,151.099153,True,23,normal
50 Wellbank Street Concord,Concord,510.3,-33.856981,151.100356,True,8,normal
50 Zoeller Street Concord,Concord,431.7,-33.858451,151.108727,True,7,small
50A Wellbank Street Concord,Concord,500.7,-33.856862,151.100351,True,6,normal
50A Zoeller Street Concord,Concord,504.7,-33.858397,151.108551,True,6,normal
51 Brays Road Concord,Concord,807.3,-33.848352,151.104733,True,6,normal
51 Cabarita Road Concord,Concord,872.5,-33.851314,151.11163,False,5,normal
51 Cormiston Avenue Concord,Concord,783.9,-33.857145,151.102412,False,5,normal
51 Correys Avenue Concord,Concord,813.2,-33.853732,151.098844,False,5,normal
51 Davidson Avenue Concord,Concord,789.6,-33.85499,151.097579,False,5,normal
51 Kingston Avenue Concord,Concord,1006.0,-33.843814,151.104673,False,5,normal
51 Links Avenue Concord,Concord,794.8,-33.852767,151.098501,False,5,normal
51 Wellbank Street Concord,Concord,794.2,-33.856521,151.098803,True,17,normal
51 Zoeller Street Concord,Concord,900.2,-33.857818,151.1087,True,8,normal
51A Burwood Road Concord,Concord,1592.1,-33.865505,151.106888,True,14,normal
52 Cormiston Avenue Concord,Concord,1107.7,-33.857388,151.101628,True,6,normal
52 Flavelle Street Concord,Concord,875.1,-33.857929,151.098769,False,5,normal
52 Gipps Street Concord,Concord,982.0,-33.865179,151.103846,True,15,normal
52 Macnamara Avenue Concord,Concord,659.3,-33.858817,151.096077,True,6,normal
52 Mortlake Street Concord,Concord,336.1,-33.848336,151.107331,False,5,small
52 Trafalgar Parade Concord,Concord,791.5,-33.854596,151.099024,True,11,normal
52 Wellbank Street Concord,Concord,515.4,-33.857003,151.100235,False,5,normal
53 Brays Road Concord,Concord,407.5,-33.848424,151.104633,True,9,small
53 Broughton Street Concord,Concord,551.6,-33.863315,151.10527,False,5,normal
53 Cormiston Avenue Concord,Concord,764.9,-33.857037,151.102378,False,5,normal
53 Frederick Street Concord,Concord,708.1,-33.849436,151.107213,False,5,normal
53 Macnamara Avenue Concord,Concord,735.5,-33.857918,151.096461,True,7,normal
53 Zoeller Street Concord,Concord,739.5,-33.857874,151.108562,True,7,normal
53A Brays Road Concord,Concord,392.0,-33.848435,151.10458,True,9,small
54 Bertram Street Concord,Concord,334.5,-33.843093,151.104186,False,5,small
54 Broughton Street Concord,Concord,999.4,-33.858816,151.107521,True,6,normal
54 Burwood Road Concord,Concord,788.7,-33.864693,151.106313,True,8,normal
54 Cabarita Road Concord,Concord,743.8,-33.851036,151.110153,False,5,normal
54 Cormiston Avenue Concord,Concord,1107.7,-33.857277,151.101593,True,6,normal
54 Correys Avenue Concord,Concord,772.8,-33.854581,151.097451,True,6,normal
54 Flavelle Street Concord,Concord,878.5,-33.857806,151.098716,True,7,normal
54 Frederick Street Concord,Concord,735.9,-33.848887,151.106406,False,5,normal
54 Gipps Street Concord,Concord,1017.6,-33.863971,151.100161,True,6,normal
54 Links Avenue Concord,Concord,791.8,-33.853342,151.09848,True,6,normal
54 Macnamara Avenue Concord,Concord,654.2,-33.858706,151.096043,True,6,normal
54 Mortlake Street Concord,Concord,516.7,-33.848337,151.107235,True,9,normal
54 Trafalgar Parade Concord,Concord,773.4,-33.854467,151.098899,True,10,normal
55 Broughton Street Concord,Concord,794.4,-33.862757,151.105705,True,9,normal
55 Cabarita Road Concord,Concord,798.9,-33.851259,151.111885,False,5,normal
55 Cormiston Avenue Concord,Concord,772.7,-33.856931,151.102345,False,5,normal
55 Frederick Street Concord,Concord,707.6,-33.849322,151.107177,False,5,normal
55 Links Avenue Concord,Concord,801.6,-33.852825,151.098222,False,5,normal
55 Majors Bay Road Concord,Concord,217.6,-33.856237,151.103719,False,5,small
55 Wellbank Street Concord,Concord,715.8,-33.85698,151.097217,True,6,normal
55 Zoeller Street Concord,Concord,720.8,-33.857889,151.108446,True,7,normal
56 Broughton Street Concord,Concord,893.6,-33.858697,151.107601,True,6,normal
56 Cabarita Road Concord,Concord,784.8,-33.851005,151.110289,False,5,normal
56 Cormiston Avenue Concord,Concord,1107.7,-33.857163,151.101628,False,5,normal
56 Davidson Avenue Concord,Concord,710.4,-33.855562,151.097738,True,6,normal
56 Flavelle Street Concord,Concord,877.9,-33.857685,151.098649,True,6,normal
56 Gipps Street Concord,Concord,1004.1,-33.863884,151.100002,True,6,normal
56 Links Avenue Concord,Concord,818.4,-33.853411,151.098318,True,8,normal
56 Macnamara Avenue Concord,Concord,628.8,-33.858601,151.096051,False,5,normal
56 Trafalgar Parade Concord,Concord,705.8,-33.854345,151.098764,True,11,normal
56 Wellbank Street Concord,Concord,1023.5,-33.857042,151.100049,False,5,normal
57 Brays Road Concord,Concord,801.4,-33.84848,151.104302,False,5,normal
57 Broughton Street Concord,Concord,749.0,-33.862647,151.105792,False,5,normal
57 Cormiston Avenue Concord,Concord,763.1,-33.856808,151.102335,True,6,normal
57 Correys Avenue Concord,Concord,826.2,-33.853795,151.098444,True,9,normal
57 Davidson Avenue Concord,Concord,790.1,-33.855075,151.097183,False,5,normal
57 Flavelle Street Concord,Concord,831.3,-33.853747,151.098195,False,5,normal
57 Links Avenue Concord,Concord,768.8,-33.852846,151.098122,False,5,normal
57 Majors Bay Road Concord,Concord,283.2,-33.856199,151.103722,False,5,small
57 Zoeller Street Concord,Concord,731.4,-33.858036,151.108327,True,6,normal
58 Cabarita Road Concord,Concord,773.1,-33.850974,151.110427,False,5,normal
58 Cormiston Avenue Concord,Concord,1107.2,-33.857057,151.101595,False,5,normal
58 Correys Avenue Concord,Concord,751.9,-33.854661,151.097177,True,6,normal
58 Davidson Avenue Concord,Concord,825.9,-33.855586,151.097628,True,6,normal
58 Macnamara Avenue Concord,Concord,637.1,-33.858512,151.095982,True,6,normal
58 Mortlake Street Concord,Concord,361.4,-33.848145,151.107314,True,7,small
59 Burwood Road Concord,Concord,1457.5,-33.864949,151.107242,False,5,normal
59 Davidson Avenue Concord,Concord,788.6,-33.855104,151.097051,False,5,normal
59 Flavelle Street Concord,Concord,803.7,-33.853637,151.098115,True,6,normal
59 Gipps Street Concord,Concord,650.6,-33.862633,151.098335,True,6,normal
59 Kingston Avenue Concord,Concord,2319.0,-33.843089,151.103526,True,87,large
59 Wellbank Street Concord,Concord,816.7,-33.857542,151.094721,True,7,normal
6 Addison Avenue Concord,Concord,1000.0,-33.862981,151.101175,False,5,normal
6 Albion Street Concord,Concord,791.4,-33.85065,151.110181,False,5,normal
6 Alton Avenue Concord,Concord,1230.9,-33.860927,151.095397,True,6,normal
6 Augusta Street Concord,Concord,802.3,-33.847388,151.103779,False,5,normal
6 Bayard Street Concord,Concord,808.8,-33.844324,151.106109,True,7,normal
6 Beaconsfield Avenue Concord,Concord,586.5,-33.860476,151.105418,False,5,normal
6 Bent Street Concord,Concord,491.7,-33.855502,151.103972,False,5,normal
6 Bertram Street Concord,Concord,563.9,-33.844405,151.106932,False,5,normal
6 Brewer Street Concord,Concord,707.5,-33.853294,151.107003,False,5,normal
6 Broughton Street Concord,Concord,675.8,-33.867253,151.102977,False,5,normal
6 Burwood Road Concord,Concord,333.6,-33.868597,151.105155,False,5,small
6 Churchill Crescent Concord,Concord,839.9,-33.856223,151.099714,True,11,normal
6 Corby Avenue Concord,Concord,1085.7,-33.861881,151.110862,True,6,normal
6 Cormiston Avenue Concord,Concord,674.4,-33.86031,151.102507,False,5,normal
6 Correys Avenue Concord,Concord,804.2,-33.853715,151.101761,False,5,normal
6 David Street Concord,Concord,600.1,-33.864776,151.105043,True,6,normal
6 Davidson Avenue Concord,Concord,770.7,-33.854639,151.102063,True,6,normal
6 Deakin Street Concord,Concord,893.3,-33.844393,151.103005,False,5,normal
6 Denison Street Concord,Concord,796.8,-33.849763,151.109907,False,5,normal
6 Ellis Street Concord,Concord,823.7,-33.85382,151.103905,True,6,normal
6 Evelyn Avenue Concord,Concord,641.0,-33.862552,151.110362,False,5,normal
6 Excelsior Street Concord,Concord,541.4,-33.861758,151.107494,True,6,normal
6 Flavelle Street Concord,Concord,729.5,-33.863295,151.10051,False,5,normal
6 Franklyn Street Concord,Concord,662.9,-33.866654,151.095536,False,5,normal
6 Freeman Place Concord,Concord,699.3,-33.855858,151.109375,True,6,normal
6 Gloucester Street Concord,Concord,812.8,-33.848125,151.104365,False,5,normal
6 High Street Concord,Concord,1014.7,-33.857891,151.100315,True,8,normal
6 Ian Parade Concord,Concord,770.6,-33.857848,151.107835,True,7,normal
6 Kentwell Avenue Concord,Concord,456.9,-33.861588,151.096474,True,6,normal
6 Lancelot Street Concord,Concord,1144.6,-33.852494,151.103734,False,5,normal
6 Leigh Avenue Concord,Concord,869.3,-33.864345,151.098462,True,6,normal
6 Lindfield Avenue Concord,Concord,1114.7,-33.858915,151.109679,True,8,normal
6 Links Avenue Concord,Concord,786.3,-33.852742,151.101564,False,5,normal
6 Loftus Street Concord,Concord,1052.9,-33.867443,151.108287,True,6,normal
6 Ludgate Street Concord,Concord,514.4,-33.858235,151.100685,False,5,normal
6 Majors Bay Road Concord,Concord,857.0,-33.85997,151.103484,False,5,normal
6 Nicholas Avenue Concord,Concord,588.4,-33.860533,151.109339,True,6,normal
6 Norman Street Concord,Concord,603.6,-33.84586,151.102811,False,5,normal
6 Pamela Place Concord,Concord,770.1,-33.852992,151.105472,True,9,normal
6 Park Avenue Concord,Concord,1761.9,-33.866464,151.102779,True,6,normal
6 Patterson Street Concord,Concord,743.1,-33.861351,151.101873,False,5,normal
6 Rickard Street Concord,Concord,867.1,-33.845204,151.102496,True,6,normal
6 Riverview Street Concord,Concord,809.5,-33.850202,151.111376,False,5,normal
6 Salisbury Street Concord,Concord,763.6,-33.862759,151.106282,False,5,normal
6 Sanders Parade Concord,Concord,768.3,-33.856794,151.113491,False,5,normal
6 Shackel Avenue Concord,Concord,837.6,-33.859681,151.101662,True,6,normal
6 Shipham Street Concord,Concord,761.2,-33.853038,151.105914,True,6,normal
6 Stanley Street Concord,Concord,783.5,-33.864503,151.107545,False,5,normal
6 Station Street Concord,Concord,905.6,-33.859091,151.094851,True,7,normal
6 Sydney Street Concord,Concord,848.8,-33.863449,151.098504,True,6,normal
6 Trafalgar Parade Concord,Concord,824.3,-33.855577,151.102158,False,5,normal
6 Tremere Street Concord,Concord,932.7,-33.858749,151.111812,True,6,normal
6 Tripod Street Concord,Concord,905.9,-33.859234,151.110824,False,5,normal
6 View Street Concord,Concord,962.9,-33.856159,151.111121,False,5,normal
6 Wallace Street Concord,Concord,588.6,-33.860998,151.108763,False,5,normal
6 Ward Street Concord,Concord,768.7,-33.860537,151.112934,True,6,normal
6 Wiggins Place Concord,Concord,674.0,-33.848799,151.109871,True,20,normal
60 Broughton Street Concord,Concord,911.4,-33.858461,151.107761,True,6,normal
60 Burwood Road Concord,Concord,646.9,-33.864308,151.1066,True,6,normal
60 Cabarita Road Concord,Concord,780.0,-33.850962,151.110577,True,6,normal
60 Cormiston Avenue Concord,Concord,1131.5,-33.856938,151.10149,True,10,normal
60 Correys Avenue Concord,Concord,772.7,-33.854685,151.097069,True,6,normal
60 Davidson Avenue Concord,Concord,773.6,-33.855615,151.09749,True,6,normal
60 Gipps Street Concord,Concord,1021.5,-33.86375,151.099709,True,6,normal
60 Links Avenue Concord,Concord,893.8,-33.853708,151.096958,False,5,normal
60 Wellbank Street Concord,Concord,1010.5,-33.857137,151.09974,True,6,normal
61 Cabarita Road Concord,Concord,1201.3,-33.85125,151.112289,True,7,normal
61 Flavelle Street Concord,Concord,813.0,-33.853515,151.098125,False,5,normal
61 Frederick Street Concord,Concord,716.7,-33.848978,151.107071,False,5,normal
61 Links Avenue Concord,Concord,773.2,-33.852899,151.097865,False,5,normal
62 Brays Road Concord,Concord,850.9,-33.848853,151.105177,False,5,normal
62 Burwood Road Concord,Concord,631.3,-33.864228,151.106697,False,5,normal
62 Cormiston Avenue Concord,Concord,346.1,-33.856771,151.101728,False,5,small
62 Flavelle Street Concord,Concord,803.7,-33.85592,151.098295,True,17,normal
62 Gipps Street Concord,Concord,691.3,-33.863633,151.099609,False,5,normal
62 Links Avenue Concord,Concord,893.7,-33.853738,151.096818,False,5,normal
62 Macnamara Avenue Concord,Concord,688.7,-33.858286,151.095912,True,6,normal
62 Wellbank Street Concord,Concord,505.4,-33.857139,151.099599,False,5,normal
62A Wellbank Street Concord,Concord,520.2,-33.857171,151.099514,True,6,normal
63 Burwood Road Concord,Concord,738.8,-33.864738,151.107281,False,5,normal
63 Correys Avenue Concord,Concord,893.4,-33.854132,151.096966,False,5,normal
63 Davidson Avenue Concord,Concord,780.2,-33.85516,151.096788,False,5,normal
63 Links Avenue Concord,Concord,759.1,-33.852924,151.097742,False,5,normal
63A Cabarita Road Concord,Concord,898.9,-33.851333,151.112488,True,11,normal
64 Gipps Street Concord,Concord,687.7,-33.863558,151.099454,True,6,normal
65 Brays Road Concord,Concord,806.1,-33.848618,151.103665,False,5,normal
65 Burwood Road Concord,Concord,703.3,-33.864659,151.107297,True,8,normal
65 Correys Avenue Concord,Concord,886.3,-33.854162,151.096826,False,5,normal
65 Davidson Avenue Concord,Concord,791.0,-33.855189,151.096656,False,5,normal
65 Flavelle Street Concord,Concord,759.5,-33.853289,151.09787,True,17,normal
65 Frederick Street Concord,Concord,613.0,-33.848751,151.106963,True,8,normal
65 Wellbank Street Concord,Concord,812.8,-33.857711,151.094313,True,7,normal
66 Davidson Avenue Concord,Concord,781.3,-33.855699,151.097098,True,6,normal
66 Gipps Street Concord,Concord,843.2,-33.863097,151.098142,True,6,normal
66 Links Avenue Concord,Concord,911.0,-33.853792,151.096565,False,5,normal
66 Macnamara Avenue Concord,Concord,691.7,-33.858039,151.095866,True,7,normal
67 Cabarita Road Concord,Concord,1011.3,-33.851066,151.112711,False,5,normal
67 Links Avenue Concord,Concord,937.2,-33.853055,151.097273,True,6,normal
67 Majors Bay Road Concord,Concord,222.2,-33.855775,151.103583,False,5,small
67 Wellbank Street Concord,Concord,811.3,-33.857728,151.094173,True,7,normal
68 Brays Road Concord,Concord,849.3,-33.848957,151.104698,False,5,normal
68 Burwood Road Concord,Concord,471.3,-33.862876,151.107631,True,6,normal
68 Correys Avenue Concord,Concord,772.6,-33.854816,151.09654,False,5,normal
69 Brays Road Concord,Concord,805.9,-33.848657,151.103327,True,6,normal
69 Gipps Street Concord,Concord,502.6,-33.862453,151.097645,False,5,normal
69 Majors Bay Road Concord,Concord,219.4,-33.855734,151.103577,False,5,small
7 Alexandra Street Concord,Concord,1072.2,-33.864645,151.097929,False,5,normal
7 Alton Avenue Concord,Concord,906.8,-33.860313,151.09502,True,7,normal
7 Anderson Road Concord,Concord,741.7,-33.851167,151.106617,False,5,normal
7 Archer Street Concord,Concord,842.7,-33.850246,151.105256,True,6,normal
7 Augusta Street Concord,Concord,763.3,-33.846958,151.103323,False,5,normal
7 Beaconsfield Avenue Concord,Concord,566.5,-33.860697,151.105937,False,5,normal
7 Braddon Street Concord,Concord,1214.8,-33.844816,151.104589,False,5,normal
7 Brays Road Concord,Concord,1428.8,-33.848624,151.111193,True,6,normal
7 Brewer Street Concord,Concord,753.2,-33.853323,151.106862,False,5,normal
7 Broughton Street Concord,Concord,983.9,-33.866749,151.103772,False,5,normal
7 Burton Street Concord,Concord,1149.8,-33.867593,151.107913,True,9,normal
7 Cabarita Road Concord,Concord,859.1,-33.852052,151.108368,False,5,normal
7 Castlereagh Street Concord,Concord,664.4,-33.859196,151.097909,False,5,normal
7 Corby Avenue Concord,Concord,800.8,-33.861255,151.111235,False,5,normal
7 Crane Street Concord,Concord,842.7,-33.861478,151.106631,True,6,normal
7 Creewood Street Concord,Concord,753.3,-33.861545,151.095627,True,7,normal
7 Cross Street Concord,Concord,841.8,-33.860676,151.096282,True,6,normal
7 David Street Concord,Concord,642.7,-33.864743,151.105834,True,6,normal
7 Davidson Avenue Concord,Concord,775.9,-33.854105,151.101735,False,5,normal
7 Deakin Street Concord,Concord,915.9,-33.844951,151.103443,True,6,normal
7 Edith Avenue Concord,Concord,1212.4,-33.860558,151.112611,True,10,normal
7 Ellis Street Concord,Concord,788.6,-33.85353,151.104598,True,6,normal
7 Evelyn Avenue Concord,Concord,663.7,-33.862122,151.110544,True,6,normal
7 Finch Avenue Concord,Concord,618.3,-33.862738,151.110062,False,5,normal
7 Flavelle Street Concord,Concord,1542.7,-33.861689,151.100645,True,8,normal
7 Frederick Street Concord,Concord,687.4,-33.852918,151.108228,False,5,normal
7 Gallipoli Street Concord,Concord,862.0,-33.857282,151.10504,False,5,normal
7 Gladstone Street Concord,Concord,516.1,-33.861677,151.107281,True,6,normal
7 Heath Street Concord,Concord,842.7,-33.846211,151.102768,False,5,normal
7 High Street Concord,Concord,565.6,-33.857481,151.100032,True,6,normal
7 Homedale Avenue Concord,Concord,903.7,-33.859479,151.094787,False,5,normal
7 Jones Street Concord,Concord,693.6,-33.85815,151.105533,False,5,normal
7 Keppel Avenue Concord,Concord,839.9,-33.863342,151.096302,False,5,normal
7 Kingston Avenue Concord,Concord,901.5,-33.846667,151.106464,False,5,normal
7 Lancelot Street Concord,Concord,894.4,-33.852214,151.104383,False,5,normal
7 Lansdowne Street Concord,Concord,1109.7,-33.866742,151.105045,True,6,normal
7 Leigh Avenue Concord,Concord,1017.1,-33.864095,151.099396,False,5,normal
7 Lindfield Avenue Concord,Concord,768.7,-33.858835,151.11027,True,6,normal
7 Links Avenue Concord,Concord,806.3,-33.85219,151.101289,False,5,normal
7 Loftus Street Concord,Concord,1114.5,-33.867355,151.108395,False,5,normal
7 Ludgate Street Concord,Concord,511.5,-33.858399,151.101277,True,12,normal
7 Majors Bay Road Concord,Concord,919.5,-33.858582,151.104028,True,6,normal
7 Meadow Street Concord,Concord,680.0,-33.86048,151.101193,False,5,normal
7 Moreton Street Concord,Concord,527.3,-33.866677,151.10634,True,9,normal
7 Mortlake Street Concord,Concord,717.6,-33.849288,151.108304,False,5,normal
7 Norman Street Concord,Concord,2726.9,-33.845433,151.101656,True,6,large
7 Salt Street Concord,Concord,654.9,-33.858462,151.113653,True,6,normal
7 Sanders Parade Concord,Concord,771.4,-33.856543,151.113964,False,5,normal
7 Shackel Avenue Concord,Concord,821.5,-33.859103,151.101378,False,5,normal
7 Spring Street Concord,Concord,695.0,-33.854642,151.105314,True,7,normal
7 Station Street Concord,Concord,899.8,-33.85859,151.094512,False,5,normal
7 Tennyson Road Concord,Concord,622.7,-33.845155,151.107522,True,8,normal
7 Wallace Street Concord,Concord,609.3,-33.860613,151.108872,True,6,normal
7 Wiggins Place Concord,Concord,701.9,-33.848844,151.109683,True,19,normal
7 Wordsworth Avenue Concord,Concord,1000.0,-33.86208,151.101417,False,5,normal
7 Zoeller Street Concord,Concord,579.8,-33.857094,151.112345,True,6,normal
70 Brays Road Concord,Concord,847.5,-33.848991,151.10454,False,5,normal
70 Correys Avenue Concord,Concord,784.7,-33.854845,151.096407,False,5,normal
70 Flavelle Street Concord,Concord,787.8,-33.853899,151.097412,True,6,normal
70 Links Avenue Concord,Concord,896.3,-33.853858,151.096255,False,5,normal
70 Majors Bay Road Concord,Concord,597.7,-33.856674,151.103022,False,5,normal
70 Wellbank Street Concord,Concord,532.5,-33.857222,151.09871,True,6,normal
70A Wellbank Street Concord,Concord,515.8,-33.857331,151.09865,False,5,normal
71 Brays Road Concord,Concord,809.3,-33.848701,151.103165,True,6,normal
71 Broughton Street Concord,Concord,583.3,-33.861152,151.106709,False,5,normal
71 Correys Avenue Concord,Concord,883.6,-33.854252,151.096404,False,5,normal
71 Davidson Avenue Concord,Concord,774.1,-33.855274,151.096259,False,5,normal
71 Majors Bay Road Concord,Concord,206.7,-33.855694,151.10357,False,5,small
71 Wellbank Street Concord,Concord,820.4,-33.857762,151.093869,True,7,normal
72 Brays Road Concord,Concord,857.3,-33.848999,151.104359,True,6,normal
72 Burwood Road Concord,Concord,543.2,-33.862299,151.108101,False,5,normal
72 Davidson Avenue Concord,Concord,765.8,-33.85576,151.096695,False,5,normal
72 Flavelle Street Concord,Concord,802.3,-33.853781,151.097456,True,6,normal
73 Concord Road Concord,Concord,992.4,-33.864875,151.094762,True,7,normal
73 Correys Avenue Concord,Concord,895.7,-33.854282,151.096264,False,5,normal
73 Davidson Avenue Concord,Concord,782.8,-33.855302,151.096128,False,5,normal
73 Links Avenue Concord,Concord,896.2,-33.85312,151.09684,False,5,normal
73 Patterson Street Concord,Concord,1008.0,-33.861681,151.097911,True,7,normal
73 Wellbank Street Concord,Concord,804.7,-33.857779,151.093749,True,7,normal
74 Brays Road Concord,Concord,463.1,-33.849206,151.102923,True,6,normal
74 Burwood Road Concord,Concord,564.0,-33.862207,151.108146,True,6,normal
74 Links Avenue Concord,Concord,908.2,-33.853911,151.096003,False,5,normal
74 Wellbank Street Concord,Concord,884.1,-33.857391,151.098371,False,5,normal
75 Brays Road Concord,Concord,801.9,-33.848791,151.102869,False,5,normal
75 Broughton Street Concord,Concord,587.9,-33.860965,151.106841,False,5,normal
75 Concord Road Concord,Concord,931.1,-33.864754,151.094628,True,7,normal
75 Correys Avenue Concord,Concord,893.4,-33.854312,151.096123,False,5,normal
75 Links Avenue Concord,Concord,883.4,-33.85315,151.096699,False,5,normal
75 Majors Bay Road Concord,Concord,259.0,-33.855611,151.103558,False,5,small
75 Parramatta Road Concord,Concord,612.3,-33.868245,151.100682,True,6,normal
76 Burwood Road Concord,Concord,570.7,-33.862128,151.108267,False,5,normal
76 Links Avenue Concord,Concord,881.0,-33.853941,151.095862,False,5,normal
76 Wellbank Street Concord,Concord,854.4,-33.857422,151.098228,False,5,normal
77 Broughton Street Concord,Concord,1223.7,-33.860857,151.106997,True,8,normal
77 Correys Avenue Concord,Concord,897.9,-33.854342,151.095983,False,5,normal
77 Davidson Avenue Concord,Concord,786.4,-33.855365,151.095837,False,5,normal
77 Wellbank Street Concord,Concord,815.4,-33.857813,151.093447,True,7,normal
78 Cabarita Road Concord,Concord,1003.7,-33.850504,151.112357,True,6,normal
78 Correys Avenue Concord,Concord,776.7,-33.854959,151.09588,False,5,normal
78 Davidson Avenue Concord,Concord,746.2,-33.85585,151.096273,False,5,normal
78 Flavelle Street Concord,Concord,844.8,-33.853363,151.097498,True,17,normal
78 Wellbank Street Concord,Concord,875.0,-33.857478,151.098097,True,7,normal
79 Broughton Street Concord,Concord,602.9,-33.860696,151.107029,False,5,normal
79 Burwood Road Concord,Concord,857.2,-33.86397,151.107473,True,6,normal
79 Correys Avenue Concord,Concord,896.8,-33.854372,151.095842,False,5,normal
79 Links Avenue Concord,Concord,894.7,-33.85321,151.096419,False,5,normal
79 Majors Bay Road Concord,Concord,252.2,-33.855519,151.103544,False,5,small
79 Parramatta Road Concord,Concord,2195.6,-33.867974,151.100034,True,11,large
7A High Street Concord,Concord,660.4,-33.857464,151.099937,True,7,normal
7A Kingston Avenue Concord,Concord,901.5,-33.846667,151.106464,False,5,normal
7A Ludgate Street Concord,Concord,510.2,-33.858381,151.101202,True,11,normal
7A Zoeller Street Concord,Concord,536.3,-33.857197,151.112267,False,5,normal
8 Alexandra Street Concord,Concord,650.5,-33.864648,151.100136,True,6,normal
8 Alton Avenue Concord,Concord,1223.8,-33.860936,151.09519,True,6,normal
8 Archer Street Concord,Concord,815.1,-33.850798,151.105412,True,6,normal
8 Arthur Street Concord,Concord,461.8,-33.858146,151.097704,True,6,normal
8 Barton Street Concord,Concord,1027.2,-33.847565,151.106325,False,5,normal
8 Bell Street Concord,Concord,842.1,-33.863255,151.0967,False,5,normal
8 Bent Street Concord,Concord,479.1,-33.855427,151.103888,False,5,normal
8 Brays Road Concord,Concord,1307.7,-33.848745,151.110447,False,5,normal
8 Brewer Street Concord,Concord,779.6,-33.853354,151.106715,False,5,normal
8 Broughton Street Concord,Concord,705.2,-33.867148,151.103,False,5,normal
8 Burton Street Concord,Concord,1124.1,-33.86838,151.107046,False,5,normal
8 Cabarita Road Concord,Concord,896.4,-33.851724,151.107267,True,6,normal
8 Clermont Avenue Concord,Concord,877.9,-33.857248,151.094947,True,7,normal
8 Cormiston Avenue Concord,Concord,675.9,-33.860198,151.102471,False,5,normal
8 Creewood Street Concord,Concord,701.2,-33.861945,151.094938,True,9,normal
8 David Street Concord,Concord,641.6,-33.864693,151.105143,False,5,normal
8 Davidson Avenue Concord,Concord,762.5,-33.854656,151.101912,True,7,normal
8 Denison Street Concord,Concord,740.2,-33.849793,151.109771,False,5,normal
8 Edith Avenue Concord,Concord,667.4,-33.860871,151.111949,True,6,normal
8 Empire Avenue Concord,Concord,835.8,-33.856771,151.112064,False,5,normal
8 Excelsior Street Concord,Concord,524.5,-33.861879,151.107449,True,8,normal
8 Flavelle Street Concord,Concord,1097.6,-33.863142,151.100423,False,5,normal
8 Franklyn Street Concord,Concord,673.8,-33.866547,151.095544,False,5,normal
8 Gale Street Concord,Concord,1222.1,-33.847661,151.107368,False,5,normal
8 Gladstone Street Concord,Concord,575.8,-33.861069,151.107087,True,6,normal
8 Gloucester Street Concord,Concord,807.8,-33.848167,151.104173,False,5,normal
8 High Street Concord,Concord,961.7,-33.857896,151.100115,True,7,normal
8 Homedale Avenue Concord,Concord,914.9,-33.860001,151.09494,True,7,normal
8 Jellicoe Street Concord,Concord,868.8,-33.856921,151.104926,False,5,normal
8 Jones Street Concord,Concord,854.3,-33.858832,151.105028,False,5,normal
8 Kentwell Avenue Concord,Concord,558.7,-33.861665,151.096393,True,8,normal
8 Kingston Avenue Concord,Concord,896.9,-33.846755,151.105808,False,5,normal
8 La Mascotte Avenue Concord,Concord,824.1,-33.85989,151.10966,False,5,normal
8 Lancelot Street Concord,Concord,1163.3,-33.852362,151.103695,False,5,normal
8 Loftus Street Concord,Concord,1178.9,-33.867251,151.108444,False,5,normal
8 Marceau Drive Concord,Concord,903.1,-33.859672,151.116406,True,11,normal
8 Meadow Street Concord,Concord,664.2,-33.860604,151.100618,False,5,normal
8 Mortlake Street Concord,Concord,791.8,-33.851017,151.108183,False,5,normal
8 Noble Street Concord,Concord,877.3,-33.852124,151.104806,False,5,normal
8 Norman Street Concord,Concord,794.0,-33.84589,151.102674,False,5,normal
8 Pamela Place Concord,Concord,777.5,-33.85327,151.105494,True,10,normal
8 Park Avenue Concord,Concord,1743.9,-33.866436,151.102572,True,6,normal
8 Rickard Street Concord,Concord,1137.4,-33.845082,151.102403,True,6,normal
8 Riverview Street Concord,Concord,897.1,-33.850081,151.111338,False,5,normal
8 Salisbury Street Concord,Concord,792.8,-33.862666,151.106343,False,5,normal
8 Sanders Parade Concord,Concord,772.7,-33.856655,151.113452,False,5,normal
8 Spring Street Concord,Concord,432.6,-33.854949,151.104781,True,6,small
8 Stanley Street Concord,Concord,544.9,-33.864027,151.106501,True,11,normal
8 Station Street Concord,Concord,909.1,-33.859129,151.094644,False,5,normal
8 Trafalgar Parade Concord,Concord,808.7,-33.855606,151.102022,False,5,normal
8 Wallace Street Concord,Concord,805.2,-33.860924,151.108501,False,5,normal
8 William Street Concord,Concord,704.5,-33.849199,151.108703,False,5,normal
80 Brays Road Concord,Concord,845.4,-33.849459,151.102489,True,6,normal
80 Burwood Road Concord,Concord,581.7,-33.861963,151.108437,False,5,normal
80 Davidson Avenue Concord,Concord,756.3,-33.855878,151.096144,False,5,normal
80 Gipps Street Concord,Concord,1086.8,-33.862658,151.097033,True,6,normal
80 Links Avenue Concord,Concord,870.3,-33.854001,151.095582,False,5,normal
80 Majors Bay Road Concord,Concord,414.5,-33.856512,151.102987,False,5,small
80A Majors Bay Road Concord,Concord,414.5,-33.856512,151.102987,False,5,small
81 Davidson Avenue Concord,Concord,777.6,-33.855416,151.095601,False,5,normal
81 Links Avenue Concord,Concord,881.8,-33.85324,151.096278,False,5,normal
82 Cabarita Road Concord,Concord,1140.2,-33.85048,151.112735,True,6,normal
82 Correys Avenue Concord,Concord,764.8,-33.855016,151.095615,False,5,normal
82 Links Avenue Concord,Concord,896.2,-33.854031,151.095442,False,5,normal
83 Burwood Road Concord,Concord,819.3,-33.863739,151.107766,True,6,normal
83 Majors Bay Road Concord,Concord,273.4,-33.855397,151.103575,True,11,small
83 Wellbank Street Concord,Concord,818.6,-33.857863,151.093025,True,7,normal
84 Correys Avenue Concord,Concord,767.2,-33.855044,151.095485,False,5,normal
84 Davidson Avenue Concord,Concord,612.5,-33.855876,151.095916,True,9,normal
84 Links Avenue Concord,Concord,913.4,-33.854067,151.095269,False,5,normal
84 Wellbank Street Concord,Concord,598.7,-33.857528,151.097404,False,5,normal
85 Burwood Road Concord,Concord,821.1,-33.863619,151.107842,False,5,normal
85 Concord Road Concord,Concord,769.8,-33.863702,151.094288,True,6,normal
85 Correys Avenue Concord,Concord,908.2,-33.854467,151.095389,False,5,normal
85 Davidson Avenue Concord,Concord,779.9,-33.855472,151.095338,False,5,normal
85 Links Avenue Concord,Concord,887.9,-33.8533,151.095997,False,5,normal
85 Patterson Street Concord,Concord,1694.9,-33.861901,151.097064,True,9,normal
85 Wellbank Street Concord,Concord,806.5,-33.85788,151.092884,True,7,normal
86 Burwood Road Concord,Concord,646.7,-33.861708,151.108654,True,6,normal
86 Davidson Avenue Concord,Concord,625.0,-33.855951,151.095807,False,5,normal
86 Links Avenue Concord,Concord,875.9,-33.854097,151.095128,False,5,normal
87 Burwood Road Concord,Concord,820.3,-33.863533,151.1079,False,5,normal
87 Correys Avenue Concord,Concord,886.8,-33.854498,151.095248,False,5,normal
87 Davidson Avenue Concord,Concord,782.9,-33.8555,151.095206,False,5,normal
87 Links Avenue Concord,Concord,894.9,-33.85333,151.095856,False,5,normal
88 Correys Avenue Concord,Concord,779.3,-33.855101,151.095222,False,5,normal
88 Davidson Avenue Concord,Concord,618.6,-33.855974,151.095699,False,5,normal
89 Broughton Street Concord,Concord,870.1,-33.860032,151.107484,True,6,normal
89 Correys Avenue Concord,Concord,895.5,-33.854528,151.095108,False,5,normal
89 Links Avenue Concord,Concord,895.8,-33.85336,151.095714,False,5,normal
89 Patterson Street Concord,Concord,1964.8,-33.861811,151.096716,True,9,normal
8A Deakin Street Concord,Concord,259.2,-33.844041,151.102851,True,10,small
8A Patterson Street Concord,Concord,686.3,-33.861882,151.099793,True,7,normal
8B Stanley Street Concord,Concord,547.3,-33.863937,151.106345,False,5,normal
8C Stanley Street Concord,Concord,544.6,-33.863897,151.106256,False,5,normal
9 Alton Avenue Concord,Concord,898.2,-33.860343,151.094891,True,7,normal
9 Anderson Road Concord,Concord,744.0,-33.851045,151.10658,False,5,normal
9 Augusta Street Concord,Concord,795.7,-33.846991,151.103172,False,5,normal
9 Bent Street Concord,Concord,586.8,-33.854945,151.104495,True,6,normal
9 Broughton Street Concord,Concord,1342.1,-33.866586,151.103807,False,5,normal
9 Castlereagh Street Concord,Concord,626.8,-33.859101,151.097802,False,5,normal
9 Corby Avenue Concord,Concord,813.7,-33.861195,151.111134,False,5,normal
9 Cross Street Concord,Concord,1020.8,-33.860552,151.096268,True,7,normal
9 David Street Concord,Concord,629.0,-33.864636,151.105872,False,5,normal
9 Denison Street Concord,Concord,831.2,-33.849219,151.109584,True,8,normal
9 Durham Street Concord,Concord,812.8,-33.859175,151.117269,True,17,normal
9 Edith Avenue Concord,Concord,657.9,-33.860596,151.112479,False,5,normal
9 Finch Avenue Concord,Concord,617.3,-33.862677,151.109934,False,5,normal
9 Flavelle Street Concord,Concord,665.9,-33.861047,151.100349,True,7,normal
9 Frederick Street Concord,Concord,782.9,-33.852711,151.108063,False,5,normal
9 Heath Street Concord,Concord,814.4,-33.846246,151.102607,False,5,normal
9 Jellicoe Street Concord,Concord,858.6,-33.856414,151.104612,False,5,normal
9 Kingston Avenue Concord,Concord,879.8,-33.846534,151.106422,False,5,normal
9 La Mascotte Avenue Concord,Concord,805.5,-33.859309,151.110073,True,6,normal
9 Lancelot Street Concord,Concord,907.7,-33.852081,151.104343,False,5,normal
9 Ludgate Street Concord,Concord,511.0,-33.858269,151.101234,True,9,normal
9 Marceau Drive Concord,Concord,811.5,-33.859527,151.115409,True,6,normal
9 Nicholas Avenue Concord,Concord,557.3,-33.860018,151.109357,True,6,normal
9 Noble Street Concord,Concord,1211.4,-33.85184,151.10543,True,6,normal
9 Patterson Street Concord,Concord,885.9,-33.86071,151.103057,True,20,normal
9 Rickard Street Concord,Concord,665.9,-33.845891,151.10377,False,5,normal
9 Rose Avenue Concord,Concord,659.6,-33.860167,151.10206,False,5,normal
9 Sanders Parade Concord,Concord,772.1,-33.856419,151.113853,False,5,normal
9 Smythes Street Concord,Concord,1264.6,-33.852861,151.105274,True,7,normal
9 Trafalgar Parade Concord,Concord,846.9,-33.855017,151.101833,True,6,normal
9 Tremere Street Concord,Concord,703.0,-33.858483,151.11248,False,5,normal
9 Wallace Street Concord,Concord,616.2,-33.860549,151.108741,True,6,normal
9 Ward Street Concord,Concord,617.6,-33.859864,151.113397,False,5,normal
9 William Street Concord,Concord,755.4,-33.848952,151.109275,False,5,normal
90 Burwood Road Concord,Concord,285.5,-33.861622,151.10881,False,5,small
90 Correys Avenue Concord,Concord,781.1,-33.855129,151.09509,False,5,normal
90 Links Avenue Concord,Concord,878.6,-33.85418,151.094864,True,7,normal
90 Wellbank Street Concord,Concord,589.6,-33.857712,151.096757,True,7,normal
91 Broughton Street Concord,Concord,824.6,-33.859955,151.107586,False,5,normal
91 Correys Avenue Concord,Concord,898.8,-33.854482,151.094926,True,7,normal
91 Davidson Avenue Concord,Concord,783.4,-33.855566,151.094929,True,8,normal
91 Links Avenue Concord,Concord,874.9,-33.85339,151.095574,False,5,normal
91 Majors Bay Road Concord,Concord,233.4,-33.855249,151.103502,False,5,small
92 Links Avenue Concord,Concord,897.6,-33.854188,151.094707,False,5,normal
92 Wellbank Street Concord,Concord,576.4,-33.857728,151.09664,True,7,normal
93 Davidson Avenue Concord,Concord,797.5,-33.855694,151.094802,True,16,normal
94 Burwood Road Concord,Concord,568.6,-33.861476,151.108972,False,5,normal
94 Correys Avenue Concord,Concord,782.6,-33.85519,151.094829,True,8,normal
94 Davidson Avenue Concord,Concord,749.7,-33.856045,151.095368,False,5,normal
94 Links Avenue Concord,Concord,886.5,-33.854218,151.094567,False,5,normal
94 Wellbank Street Concord,Concord,584.4,-33.857745,151.096526,True,7,normal
95 Broughton Street Concord,Concord,837.3,-33.859758,151.107753,True,6,normal
95 Correys Avenue Concord,Concord,889.2,-33.854614,151.094671,True,6,normal
95 Davidson Avenue Concord,Concord,781.5,-33.855593,151.094605,True,6,normal
95 Patterson Street Concord,Concord,1116.0,-33.86205,151.096282,True,7,normal
96 Burwood Road Concord,Concord,766.1,-33.861359,151.109044,True,6,normal
96 Correys Avenue Concord,Concord,915.5,-33.85508,151.094599,True,15,normal
96 Davidson Avenue Concord,Concord,754.0,-33.856073,151.095239,False,5,normal
96 Wellbank Street Concord,Concord,580.8,-33.857761,151.096392,True,7,normal
97 Broughton Street Concord,Concord,828.0,-33.859631,151.107838,True,6,normal
97 Correys Avenue Concord,Concord,900.2,-33.85464,151.094554,True,6,normal
97 Davidson Avenue Concord,Concord,785.9,-33.855627,151.094448,True,6,normal
97 Links Avenue Concord,Concord,887.7,-33.85348,151.095152,False,5,normal
97 Patterson Street Concord,Concord,910.8,-33.862114,151.09613,True,6,normal
98 Wellbank Street Concord,Concord,580.4,-33.857761,151.096246,True,8,normal
99 Broughton Street Concord,Concord,844.7,-33.859531,151.107906,True,6,normal
99 Correys Avenue Concord,Concord,893.0,-33.854679,151.094406,False,5,normal
99 Davidson Avenue Concord,Concord,784.0,-33.855651,151.094335,True,6,normal
9A Brays Road Concord,Concord,1017.1,-33.848496,151.111002,False,5,normal
9A Creewood Street Concord,Concord,696.8,-33.861458,151.095447,True,10,normal
9A Ludgate Street Concord,Concord,511.4,-33.858232,151.101209,True,10,normal
Bertram Street Concord,Concord,1425.2,-33.842916,151.103844,True,27,normal
1 Burke Street Concord West,Concord West,614.4,-33.847381,151.088699,True,7,normal
1 Castlestead Street Concord West,Concord West,707.8,-33.842126,151.088105,True,7,normal
1 Colane Street Concord West,Concord West,964.3,-33.841657,151.093543,True,6,normal
1 Concord Avenue Concord West,Concord West,772.4,-33.845682,151.088471,True,7,normal
1 Consett Street Concord West,Concord West,847.2,-33.855746,151.089245,True,17,normal
1 Fremont Street Concord West,Concord West,930.8,-33.835641,151.090404,True,7,normal
1 Hospital Road Concord West,Concord West,871.3,-33.837309,151.090994,True,7,normal
1 Iandra Street Concord West,Concord West,827.1,-33.842567,151.094008,True,6,normal
1 Myall Street Concord West,Concord West,792.1,-33.844343,151.094929,True,8,normal
1 Phoenix Avenue Concord West,Concord West,518.9,-33.836584,151.088617,True,6,normal
1 The Drive Concord West,Concord West,917.6,-33.843428,151.09443,True,7,normal
1 Tulloch Avenue Concord West,Concord West,852.4,-33.835851,151.089592,True,6,normal
1 Wilga Street Concord West,Concord West,990.7,-33.845289,151.095402,True,7,normal
10 Castlestead Street Concord West,Concord West,1006.0,-33.841473,151.087376,False,5,normal
10 Consett Street Concord West,Concord West,927.3,-33.85529,151.088625,False,5,normal
10 Harrison Avenue Concord West,Concord West,1044.7,-33.837302,151.086789,True,6,normal
10 Killoola Street Concord West,Concord West,964.0,-33.836639,151.089397,False,5,normal
10 Mackenzie Street Concord West,Concord West,772.2,-33.855129,151.089726,True,6,normal
10 Nirranda Street Concord West,Concord West,769.0,-33.847128,151.095457,False,5,normal
10 Phoenix Avenue Concord West,Concord West,885.6,-33.836262,151.087518,False,5,normal
10 Quandong Place Concord West,Concord West,668.6,-33.848378,151.09439,True,6,normal
10 Wilga Street Concord West,Concord West,871.6,-33.846153,151.095155,False,5,normal
102 Queen Street Concord West,Concord West,726.9,-33.846088,151.085827,False,5,normal
104 Queen Street Concord West,Concord West,760.5,-33.845978,151.085831,False,5,normal
108 Queen Street Concord West,Concord West,796.2,-33.84576,151.085838,False,5,normal
11 Burke Street Concord West,Concord West,823.2,-33.846777,151.088569,True,6,normal
11 Fremont Street Concord West,Concord West,787.5,-33.836132,151.090999,False,5,normal
11 Hospital Road Concord West,Concord West,908.9,-33.837746,151.090431,False,5,normal
11 Loch Maree Parade Concord West,Concord West,704.4,-33.834373,151.08942,False,5,normal
11 Merville Street Concord West,Concord West,879.5,-33.83701,151.089633,False,5,normal
11 Nirranda Street Concord West,Concord West,861.5,-33.846623,151.095174,False,5,normal
11 Quandong Place Concord West,Concord West,654.6,-33.848054,151.09407,True,7,normal
11 Stuart Street Concord West,Concord West,1645.5,-33.848682,151.087429,True,6,normal
11 Wilga Street Concord West,Concord West,865.9,-33.845702,151.094805,True,7,normal
11 Wunda Road Concord West,Concord West,1276.2,-33.844613,151.087916,True,6,normal
114 Queen Street Concord West,Concord West,774.7,-33.845331,151.085877,True,6,normal
118 Queen Street Concord West,Concord West,799.1,-33.845112,151.085828,False,5,normal
12 Bangalla Road Concord West,Concord West,1017.2,-33.844222,151.088012,True,6,normal
12 Boronia Street Concord West,Concord West,1098.3,-33.840868,151.090905,False,5,normal
12 Castlestead Street Concord West,Concord West,1029.5,-33.841451,151.087215,False,5,normal
12 Consett Street Concord West,Concord West,966.5,-33.855157,151.088592,False,5,normal
12 Currawang Street Concord West,Concord West,864.8,-33.838963,151.0916,False,5,normal
12 Harrison Avenue Concord West,Concord West,1148.7,-33.837134,151.086779,False,5,normal
12 Loch Maree Parade Concord West,Concord West,834.8,-33.835104,151.089514,False,5,normal
12 Mepunga Street Concord West,Concord West,864.0,-33.849374,151.094065,False,5,normal
12 Merville Street Concord West,Concord West,915.6,-33.837462,151.090085,False,5,normal
12 Moala Street Concord West,Concord West,686.8,-33.841784,151.091641,True,6,normal
12 Nirranda Street Concord West,Concord West,739.2,-33.847192,151.095329,False,5,normal
12 Nullawarra Avenue Concord West,Concord West,731.3,-33.84779,151.095306,True,8,normal
12 Quandong Place Concord West,Concord West,678.5,-33.848428,151.094219,True,6,normal
12 Wallaroy Street Concord West,Concord West,1014.2,-33.841014,151.086951,True,6,normal
12 Wilga Street Concord West,Concord West,921.0,-33.846145,151.094955,True,7,normal
12-16 Burke Street Concord West,Concord West,1893.8,-33.84702,151.08788,True,9,normal
122 Queen Street Concord West,Concord West,1062.9,-33.844875,151.085814,False,5,normal
13 Currawang Street Concord West,Concord West,912.4,-33.838605,151.091048,False,5,normal
13 Fremont Street Concord West,Concord West,850.0,-33.836227,151.091101,False,5,normal
13 Hospital Road Concord West,Concord West,895.0,-33.83783,151.090318,False,5,normal
13 Mepunga Street Concord West,Concord West,849.2,-33.848769,151.094107,False,5,normal
13 Nirranda Street Concord West,Concord West,865.9,-33.846654,151.095011,True,7,normal
13 Quandong Place Concord West,Concord West,629.2,-33.848163,151.093832,True,8,normal
13 Stuart Street Concord West,Concord West,1690.6,-33.848773,151.087267,True,6,normal
13 The Drive Concord West,Concord West,969.2,-33.843904,151.093547,True,6,normal
13 Wilga Street Concord West,Concord West,887.7,-33.845745,151.094646,False,5,normal
13 Wunda Road Concord West,Concord West,1372.5,-33.844589,151.087741,True,6,normal
136 Queen Street Concord West,Concord West,1009.2,-33.843897,151.085769,False,5,normal
138 Queen Street Concord West,Concord West,1040.7,-33.843758,151.085769,False,5,normal
14 Bangalla Road Concord West,Concord West,1000.0,-33.8442,151.087853,True,6,normal
14 Cavendish Street Concord West,Concord West,646.2,-33.846834,151.086753,True,6,normal
14 Consett Street Concord West,Concord West,959.2,-33.855021,151.088559,False,5,normal
14 Coonong Road Concord West,Concord West,562.7,-33.843046,151.08756,True,7,normal
14 Fremont Street Concord West,Concord West,931.0,-33.836689,151.09077,True,6,normal
14 Harrison Avenue Concord West,Concord West,1079.8,-33.837041,151.08668,False,5,normal
14 Hospital Road Concord West,Concord West,915.0,-33.838308,151.090729,False,5,normal
14 Loch Maree Parade Concord West,Concord West,901.4,-33.835016,151.08942,False,5,normal
14 Mackenzie Street Concord West,Concord West,756.5,-33.854901,151.089668,True,6,normal
14 Merville Street Concord West,Concord West,920.3,-33.837529,151.089996,False,5,normal
14 Myall Street Concord West,Concord West,869.8,-33.845348,151.094499,False,5,normal
14 The Drive Concord West,Concord West,957.5,-33.844515,151.093933,True,6,normal
14 Victoria Avenue Concord West,Concord West,880.3,-33.848393,151.087691,False,5,normal
144 Queen Street Concord West,Concord West,1028.7,-33.843362,151.085803,True,6,normal
14A Mackenzie Street Concord West,Concord West,830.8,-33.854786,151.08964,True,6,normal
14A Moala Street Concord West,Concord West,943.7,-33.842035,151.091663,True,10,normal
14B Mackenzie Street Concord West,Concord West,757.8,-33.854672,151.089659,False,5,normal
15 Castlestead Street Concord West,Concord West,999.5,-33.842088,151.086885,True,9,normal
15 Cavendish Street Concord West,Concord West,768.9,-33.846796,151.087456,False,5,normal
15 Colane Street Concord West,Concord West,876.7,-33.842152,151.092621,True,7,normal
15 Currawang Street Concord West,Concord West,857.8,-33.838689,151.090936,False,5,normal
15 Mepunga Street Concord West,Concord West,894.8,-33.848763,151.093944,True,6,normal
15 Moala Street Concord West,Concord West,1060.3,-33.841402,151.091039,False,5,normal
15 Quandong Place Concord West,Concord West,673.5,-33.848284,151.093618,True,8,normal
15 Stuart Street Concord West,Concord West,1700.0,-33.84881,151.087105,True,7,normal
15 The Drive Concord West,Concord West,988.4,-33.843966,151.093435,True,6,normal
15 Wilga Street Concord West,Concord West,881.0,-33.845815,151.094523,False,5,normal
151 Queen Street Concord West,Concord West,961.0,-33.855369,151.088164,False,5,normal
152 Queen Street Concord West,Concord West,1009.0,-33.842812,151.085774,False,5,normal
155 Queen Street Concord West,Concord West,997.0,-33.855099,151.088097,False,5,normal
157 Queen Street Concord West,Concord West,968.4,-33.854964,151.088064,False,5,normal
158 Queen Street Concord West,Concord West,1022.8,-33.842361,151.085787,False,5,normal
159 Queen Street Concord West,Concord West,1000.7,-33.85483,151.088031,False,5,normal
16 Bangalla Road Concord West,Concord West,1018.9,-33.844177,151.087692,True,6,normal
16 Boronia Street Concord West,Concord West,1043.5,-33.841027,151.090683,False,5,normal
16 Castlestead Street Concord West,Concord West,1053.5,-33.841413,151.086863,True,7,normal
16 Cumming Avenue Concord West,Concord West,1586.1,-33.853431,151.091892,False,5,normal
16 Fremont Street Concord West,Concord West,865.1,-33.83683,151.090888,False,5,normal
16 Harrison Avenue Concord West,Concord West,1110.7,-33.83695,151.086583,False,5,normal
16 Hospital Road Concord West,Concord West,864.9,-33.838408,151.090596,False,5,normal
16 Killoola Street Concord West,Concord West,939.2,-33.836874,151.089082,False,5,normal
16 Mepunga Street Concord West,Concord West,866.6,-33.84943,151.093806,False,5,normal
16 Moala Street Concord West,Concord West,1653.8,-33.842091,151.091503,True,8,normal
16 Myall Street Concord West,Concord West,896.2,-33.845417,151.094376,False,5,normal
16 The Drive Concord West,Concord West,990.4,-33.844594,151.093795,True,6,normal
16 Wilga Street Concord West,Concord West,880.3,-33.846383,151.094815,True,7,normal
163 Queen Street Concord West,Concord West,999.3,-33.854558,151.087964,False,5,normal
164 Queen Street Concord West,Concord West,1058.0,-33.841887,151.085809,False,5,normal
165 Queen Street Concord West,Concord West,995.7,-33.854421,151.08793,False,5,normal
166 Queen Street Concord West,Concord West,1050.3,-33.841748,151.085816,False,5,normal
167 Queen Street Concord West,Concord West,980.7,-33.854285,151.087929,True,6,normal
17 Burke Street Concord West,Concord West,1084.9,-33.846395,151.088679,True,6,normal
17 Castlestead Street Concord West,Concord West,600.9,-33.841874,151.086749,False,5,normal
17 Coonong Road Concord West,Concord West,1009.4,-33.842439,151.087031,False,5,normal
17 Fremont Street Concord West,Concord West,814.3,-33.836464,151.09124,False,5,normal
17 Mackenzie Street Concord West,Concord West,936.3,-33.854443,151.090303,False,5,normal
17 Mepunga Street Concord West,Concord West,891.8,-33.848831,151.093818,False,5,normal
17 Nirranda Street Concord West,Concord West,880.7,-33.846842,151.094828,True,7,normal
17 The Drive Concord West,Concord West,982.1,-33.844042,151.093299,True,6,normal
17 Tulloch Avenue Concord West,Concord West,611.5,-33.83516,151.088709,True,8,normal
172 Queen Street Concord West,Concord West,1030.2,-33.841322,151.085788,True,6,normal
174 George Street Concord West,Concord West,525.9,-33.85055,151.083585,False,5,normal
175 Queen Street Concord West,Concord West,985.0,-33.853567,151.08772,False,5,normal
176 Queen Street Concord West,Concord West,1050.9,-33.841063,151.085854,False,5,normal
178 Queen Street Concord West,Concord West,1005.4,-33.840928,151.085862,False,5,normal
18 Boronia Street Concord West,Concord West,1067.5,-33.841109,151.09057,False,5,normal
18 Burke Street Concord West,Concord West,732.5,-33.846834,151.08791,False,5,normal
18 Harrison Avenue Concord West,Concord West,1121.4,-33.836858,151.086484,False,5,normal
18 Hospital Road Concord West,Concord West,881.2,-33.838473,151.090509,False,5,normal
18 Iandra Street Concord West,Concord West,859.7,-33.843673,151.093254,True,6,normal
18 Loch Maree Parade Concord West,Concord West,857.2,-33.834832,151.089226,False,5,normal
18 Mepunga Street Concord West,Concord West,905.5,-33.849423,151.093646,True,6,normal
18 Moala Street Concord West,Concord West,1542.8,-33.842089,151.091336,True,7,normal
18 Myall Street Concord West,Concord West,865.8,-33.845487,151.094253,False,5,normal
18 Wunda Road Concord West,Concord West,1166.3,-33.84534,151.087612,False,5,normal
182 Queen Street Concord West,Concord West,498.2,-33.840703,151.085876,False,5,normal
182A Queen Street Concord West,Concord West,572.2,-33.840631,151.08588,False,5,normal
184 Queen Street Concord West,Concord West,1114.9,-33.840508,151.085887,False,5,normal
186 Concord Road Concord West,Concord West,975.4,-33.855173,151.090919,True,6,normal
186 George Street Concord West,Concord West,621.6,-33.848953,151.083859,True,7,normal
186 Queen Street Concord West,Concord West,982.7,-33.840369,151.085896,False,5,normal
188 Concord Road Concord West,Concord West,966.3,-33.855041,151.090885,True,6,normal
188 George Street Concord West,Concord West,703.3,-33.848813,151.08389,False,5,normal
188 Queen Street Concord West,Concord West,1017.1,-33.840233,151.085904,False,5,normal
19 Coonong Road Concord West,Concord West,1002.8,-33.842425,151.086839,True,7,normal
19 Currawang Street Concord West,Concord West,891.8,-33.838831,151.090676,True,6,normal
19 Fremont Street Concord West,Concord West,782.3,-33.83651,151.091404,False,5,normal
19 Hospital Road Concord West,Concord West,884.1,-33.838083,151.08998,False,5,normal
19 Mackenzie Street Concord West,Concord West,953.1,-33.854312,151.09027,False,5,normal
19 Mepunga Street Concord West,Concord West,857.3,-33.84888,151.09368,True,6,normal
19 Nirranda Street Concord West,Concord West,866.4,-33.846897,151.094684,False,5,normal
19 The Drive Concord West,Concord West,936.8,-33.844116,151.093167,True,6,normal
19 Victoria Avenue Concord West,Concord West,856.9,-33.847709,151.087093,False,5,normal
19 Wunda Road Concord West,Concord West,1116.4,-33.844519,151.087238,True,6,normal
190 George Street Concord West,Concord West,756.1,-33.848702,151.083897,True,6,normal
190 Queen Street Concord West,Concord West,991.6,-33.840123,151.085911,False,5,normal
192 Concord Road Concord West,Concord West,962.8,-33.85478,151.090819,True,6,normal
192 George Street Concord West,Concord West,638.4,-33.848606,151.083842,False,5,normal
192 Queen Street Concord West,Concord West,994.8,-33.839959,151.085921,False,5,normal
194 Concord Road Concord West,Concord West,939.0,-33.854642,151.090753,True,7,normal
194 George Street Concord West,Concord West,664.9,-33.848521,151.083822,False,5,normal
194 Queen Street Concord West,Concord West,497.6,-33.839853,151.085943,True,8,normal
194A Queen Street Concord West,Concord West,480.1,-33.839811,151.085946,True,8,normal
196 Queen Street Concord West,Concord West,1029.3,-33.839696,151.085976,True,6,normal
197 Queen Street Concord West,Concord West,964.7,-33.852085,151.08736,False,5,normal
198 Queen Street Concord West,Concord West,1001.0,-33.839545,151.085963,False,5,normal
199 Queen Street Concord West,Concord West,1008.8,-33.851948,151.087327,False,5,normal
1A Hospital Road Concord West,Concord West,179014.7,-33.83259,151.097212,True,145,large
1A Killoola Street Concord West,Concord West,683.5,-33.837057,151.087897,True,8,normal
1A Quandong Place Concord West,Concord West,890.3,-33.847355,151.095581,True,7,normal
1A The Drive Concord West,Concord West,917.6,-33.843428,151.09443,True,7,normal
1B The Drive Concord West,Concord West,917.6,-33.843428,151.09443,True,7,normal
2 Boronia Street Concord West,Concord West,1129.5,-33.840427,151.091438,True,6,normal
2 Castlestead Street Concord West,Concord West,1040.5,-33.841577,151.088042,True,7,normal
2 Cavendish Street Concord West,Concord West,718.2,-33.847519,151.086865,True,9,normal
2 Colane Street Concord West,Concord West,610.3,-33.842079,151.093735,True,8,normal
2 Harrison Avenue Concord West,Concord West,872.5,-33.837591,151.087291,False,5,normal
2 Hospital Road Concord West,Concord West,867.2,-33.837816,151.091385,False,5,normal
2 Loch Maree Parade Concord West,Concord West,815.4,-33.835539,151.090008,True,6,normal
2 Mepunga Street Concord West,Concord West,560.5,-33.849102,151.094779,False,5,normal
2 Nullawarra Avenue Concord West,Concord West,933.5,-33.849496,151.094549,True,6,normal
2 Quandong Place Concord West,Concord West,761.2,-33.848124,151.094915,True,9,normal
2 Wallaroy Street Concord West,Concord West,1220.5,-33.84116,151.087843,True,8,normal
20 Burke Street Concord West,Concord West,887.5,-33.846713,151.087908,False,5,normal
20 Cumming Avenue Concord West,Concord West,1743.7,-33.853075,151.091939,False,5,normal
20 Currawang Street Concord West,Concord West,643.1,-33.839236,151.091112,True,6,normal
20 Fremont Street Concord West,Concord West,861.7,-33.837029,151.091101,False,5,normal
20 Hospital Road Concord West,Concord West,840.0,-33.838553,151.090402,False,5,normal
20 Killoola Street Concord West,Concord West,958.5,-33.837044,151.088855,False,5,normal
20 Loch Maree Parade Concord West,Concord West,869.0,-33.834744,151.089132,False,5,normal
20 Mepunga Street Concord West,Concord West,874.4,-33.849492,151.093518,False,5,normal
20 Merville Street Concord West,Concord West,907.2,-33.837783,151.089657,False,5,normal
20 Myall Street Concord West,Concord West,875.2,-33.845555,151.094132,False,5,normal
20 Nullawarra Avenue Concord West,Concord West,1033.9,-33.841407,151.093337,True,10,normal
20 Wunda Road Concord West,Concord West,1125.4,-33.845318,151.08745,False,5,normal
200 Concord Road Concord West,Concord West,964.5,-33.854234,151.090729,False,5,normal
200 George Street Concord West,Concord West,891.5,-33.848223,151.083717,True,10,normal
201 Queen Street Concord West,Concord West,955.4,-33.851811,151.087293,False,5,normal
202 Concord Road Concord West,Concord West,977.9,-33.854097,151.090694,False,5,normal
202 Queen Street Concord West,Concord West,1045.4,-33.839271,151.086,False,5,normal
206 Queen Street Concord West,Concord West,1040.8,-33.83899,151.086024,True,6,normal
209 Queen Street Concord West,Concord West,1474.3,-33.851189,151.086697,True,6,normal
20A Currawang Street Concord West,Concord West,585.1,-33.839259,151.090879,False,5,normal
21 Boronia Street Concord West,Concord West,961.5,-33.840786,151.089882,False,5,normal
21 Cavendish Street Concord West,Concord West,865.4,-33.846443,151.087413,True,6,normal
21 Colane Street Concord West,Concord West,860.5,-33.842255,151.092181,True,7,normal
21 Coonong Road Concord West,Concord West,477.8,-33.84258,151.086644,False,5,normal
21 Currawang Street Concord West,Concord West,903.8,-33.838912,151.090568,True,6,normal
21 Hospital Road Concord West,Concord West,934.4,-33.838167,151.089868,False,5,normal
21 Mackenzie Street Concord West,Concord West,1023.5,-33.854175,151.090236,False,5,normal
21 Mepunga Street Concord West,Concord West,836.3,-33.848943,151.093417,True,6,normal
21 Nirranda Street Concord West,Concord West,883.2,-33.846967,151.094561,False,5,normal
21 The Drive Concord West,Concord West,1031.8,-33.844189,151.093035,True,6,normal
21 Victoria Avenue Concord West,Concord West,599.4,-33.847698,151.086955,False,5,normal
21 Wunda Road Concord West,Concord West,1102.7,-33.844545,151.087137,False,5,normal
211 Queen Street Concord West,Concord West,1493.1,-33.851044,151.086662,False,5,normal
212 Concord Road Concord West,Concord West,968.1,-33.853245,151.090481,False,5,normal
214 Concord Road Concord West,Concord West,962.2,-33.853105,151.090448,False,5,normal
216 Concord Road Concord West,Concord West,950.8,-33.852972,151.090369,True,6,normal
218 Concord Road Concord West,Concord West,888.2,-33.852834,151.090382,False,5,normal
22 Bangalla Road Concord West,Concord West,1000.1,-33.844135,151.087185,True,7,normal
22 Burke Street Concord West,Concord West,893.5,-33.846583,151.08792,False,5,normal
22 Cavendish Street Concord West,Concord West,650.9,-33.84639,151.086835,False,5,normal
22 Consett Street Concord West,Concord West,975.6,-33.854479,151.088425,False,5,normal
22 Hospital Road Concord West,Concord West,867.6,-33.838648,151.090323,True,6,normal
22 Iandra Street Concord West,Concord West,853.8,-33.8438,151.093022,True,6,normal
22 Loch Maree Parade Concord West,Concord West,825.0,-33.834654,151.088965,True,9,normal
22 Merville Street Concord West,Concord West,944.0,-33.837867,151.089545,False,5,normal
22 Moala Street Concord West,Concord West,1510.8,-33.842276,151.091128,True,7,normal
22 Nullawarra Avenue Concord West,Concord West,944.7,-33.841467,151.093034,True,6,normal
22 The Drive Concord West,Concord West,992.7,-33.844822,151.093393,True,6,normal
22 Wunda Road Concord West,Concord West,1210.7,-33.845378,151.087287,True,7,normal
222 Concord Road Concord West,Concord West,960.7,-33.852565,151.090317,False,5,normal
224 Concord Road Concord West,Concord West,905.9,-33.852429,151.090284,False,5,normal
228 Concord Road Concord West,Concord West,923.6,-33.85216,151.090219,False,5,normal
23 Consett Street Concord West,Concord West,993.6,-33.854096,151.08903,False,5,normal
23 Mepunga Street Concord West,Concord West,817.8,-33.848972,151.093259,False,5,normal
23 Merville Street Concord West,Concord West,928.0,-33.837515,151.088958,False,5,normal
23 Moala Street Concord West,Concord West,1031.9,-33.841715,151.090573,False,5,normal
23 Myall Street Concord West,Concord West,861.5,-33.845114,151.093586,True,6,normal
23 Nirranda Street Concord West,Concord West,862.9,-33.847037,151.094436,False,5,normal
23 Victoria Avenue Concord West,Concord West,573.7,-33.84769,151.086845,False,5,normal
23 Wilga Street Concord West,Concord West,902.2,-33.846092,151.094031,False,5,normal
23 Wunda Road Concord West,Concord West,1066.2,-33.844489,151.087019,True,6,normal
232 Concord Road Concord West,Concord West,944.9,-33.85189,151.090154,False,5,normal
236 Concord Road Concord West,Concord West,948.0,-33.851616,151.090088,False,5,normal
24 Bangalla Road Concord West,Concord West,998.0,-33.844084,151.08703,True,6,normal
24 Cumming Avenue Concord West,Concord West,1579.4,-33.852773,151.09173,False,5,normal
24 Hospital Road Concord West,Concord West,841.7,-33.838728,151.090216,True,6,normal
24 Nirranda Street Concord West,Concord West,745.7,-33.847601,151.094591,False,5,normal
24 Nullawarra Avenue Concord West,Concord West,1214.9,-33.841496,151.092881,True,6,normal
24 The Drive Concord West,Concord West,969.5,-33.844889,151.093275,True,6,normal
24 Wilga Street Concord West,Concord West,867.2,-33.846639,151.094295,False,5,normal
240 Concord Road Concord West,Concord West,968.9,-33.851347,151.090023,False,5,normal
242 Concord Road Concord West,Concord West,930.5,-33.851228,151.08987,True,6,normal
243 Queen Street Concord West,Concord West,641.8,-33.848443,151.0864,True,6,normal
245 Queen Street Concord West,Concord West,581.1,-33.848295,151.086299,False,5,normal
246 Concord Road Concord West,Concord West,1003.6,-33.849966,151.089688,False,5,normal
248 Concord Road Concord West,Concord West,1053.1,-33.849813,151.089683,True,6,normal
25 Burke Street Concord West,Concord West,1013.3,-33.845884,151.08864,True,6,normal
25 Colane Street Concord West,Concord West,903.6,-33.842478,151.092,False,5,normal
25 Hospital Road Concord West,Concord West,912.6,-33.838339,151.089638,False,5,normal
25 Iandra Street Concord West,Concord West,916.9,-33.843357,151.092522,True,6,normal
25 Mackenzie Street Concord West,Concord West,964.6,-33.853888,151.090173,True,6,normal
25 Mepunga Street Concord West,Concord West,1107.6,-33.848927,151.093082,True,6,normal
252 Concord Road Concord West,Concord West,1047.4,-33.849562,151.089585,False,5,normal
253 Concord Road Concord West,Concord West,1762.5,-33.854733,151.091531,False,5,normal
253 Queen Street Concord West,Concord West,1306.5,-33.847153,151.086349,True,7,normal
256 Concord Road Concord West,Concord West,1073.1,-33.849292,151.089518,False,5,normal
257 Concord Road Concord West,Concord West,848.7,-33.854378,151.091426,True,6,normal
257 Queen Street Concord West,Concord West,649.7,-33.846794,151.086393,False,5,normal
26 Bangalla Road Concord West,Concord West,1012.6,-33.844062,151.086873,True,6,normal
26 Cavendish Street Concord West,Concord West,652.8,-33.846169,151.086857,False,5,normal
26 Consett Street Concord West,Concord West,806.2,-33.854195,151.088355,False,5,normal
26 Cumming Avenue Concord West,Concord West,1583.4,-33.852588,151.09182,False,5,normal
26 Mackenzie Street Concord West,Concord West,973.5,-33.853806,151.089562,True,16,normal
26 Merville Street Concord West,Concord West,917.7,-33.83804,151.089315,False,5,normal
26 Nirranda Street Concord West,Concord West,752.9,-33.847683,151.09446,True,6,normal
26 Nullawarra Avenue Concord West,Concord West,1546.7,-33.841664,151.092676,True,7,normal
26 The Drive Concord West,Concord West,998.0,-33.844961,151.093148,True,6,normal
26 Wilga Street Concord West,Concord West,895.8,-33.846708,151.094172,False,5,normal
26 Wunda Road Concord West,Concord West,1167.1,-33.845252,151.086957,False,5,normal
261A Concord Road Concord West,Concord West,856.0,-33.854009,151.091444,True,8,normal
262 Concord Road Concord West,Concord West,1111.4,-33.848867,151.089448,True,6,normal
265 Concord Road Concord West,Concord West,708.1,-33.853741,151.091255,True,6,normal
269 Queen Street Concord West,Concord West,666.1,-33.846139,151.086461,False,5,normal
27 Fremont Street Concord West,Concord West,754.6,-33.836888,151.091799,True,7,normal
27 Iandra Street Concord West,Concord West,865.4,-33.843414,151.092358,True,6,normal
27 Merville Street Concord West,Concord West,953.1,-33.837685,151.088731,False,5,normal
27 Myall Street Concord West,Concord West,872.5,-33.845256,151.093335,True,6,normal
271 Queen Street Concord West,Concord West,651.3,-33.84603,151.086472,False,5,normal
273 Queen Street Concord West,Concord West,667.8,-33.845921,151.086482,False,5,normal
274 Concord Road Concord West,Concord West,1021.3,-33.847618,151.089257,True,8,normal
277 Concord Road Concord West,Concord West,1576.6,-33.852724,151.091044,False,5,normal
28 Cavendish Street Concord West,Concord West,635.6,-33.84606,151.086867,False,5,normal
28 Colane Street Concord West,Concord West,864.7,-33.843097,151.092128,False,5,normal
28 Cumming Avenue Concord West,Concord West,1642.7,-33.852428,151.091781,False,5,normal
28 Currawang Street Concord West,Concord West,866.3,-33.839901,151.09035,False,5,normal
28 The Drive Concord West,Concord West,993.5,-33.845039,151.09301,True,6,normal
28 Wunda Road Concord West,Concord West,1116.5,-33.845239,151.086766,True,7,normal
280 Concord Road Concord West,Concord West,624.5,-33.847307,151.089133,False,5,normal
281 Queen Street Concord West,Concord West,917.2,-33.845379,151.086509,False,5,normal
283 Queen Street Concord West,Concord West,1026.1,-33.845222,151.086522,False,5,normal
286 Concord Road Concord West,Concord West,657.1,-33.847028,151.089127,False,5,normal
29 Boronia Street Concord West,Concord West,674.4,-33.841149,151.089396,False,5,normal
29 Currawang Street Concord West,Concord West,1065.1,-33.839469,151.089887,False,5,normal
29 Iandra Street Concord West,Concord West,883.0,-33.84347,151.092256,True,6,normal
29 Mackenzie Street Concord West,Concord West,959.6,-33.853515,151.089889,True,17,normal
29 Merville Street Concord West,Concord West,897.8,-33.837771,151.088616,False,5,normal
29 Moala Street Concord West,Concord West,992.0,-33.841946,151.090228,False,5,normal
29 Myall Street Concord West,Concord West,878.6,-33.845352,151.093249,False,5,normal
29 Nirranda Street Concord West,Concord West,843.6,-33.847195,151.094018,True,6,normal
29 The Drive Concord West,Concord West,1011.5,-33.844499,151.092471,True,6,normal
29 Wilga Street Concord West,Concord West,881.2,-33.846287,151.093657,True,7,normal
291 Queen Street Concord West,Concord West,768.6,-33.844491,151.086468,False,5,normal
292 Concord Road Concord West,Concord West,916.4,-33.846703,151.08914,False,5,normal
294 Concord Road Concord West,Concord West,918.7,-33.846579,151.089148,False,5,normal
295 Concord Road Concord West,Concord West,1622.0,-33.851274,151.090826,False,5,normal
295 Queen Street Concord West,Concord West,810.0,-33.844251,151.086472,True,6,normal
296 Concord Road Concord West,Concord West,920.9,-33.846454,151.089156,False,5,normal
297 Concord Road Concord West,Concord West,1623.5,-33.851095,151.090789,True,6,normal
298 Concord Road Concord West,Concord West,971.2,-33.846334,151.089103,True,6,normal
299 Concord Road Concord West,Concord West,1082.3,-33.850969,151.090582,True,6,normal
299 Queen Street Concord West,Concord West,884.0,-33.843987,151.086445,False,5,normal
2A Hospital Road Concord West,Concord West,867.2,-33.837816,151.091385,False,5,normal
3 Castlestead Street Concord West,Concord West,986.1,-33.842165,151.087923,True,8,normal
3 Consett Street Concord West,Concord West,1005.3,-33.85546,151.089322,True,6,normal
3 Fremont Street Concord West,Concord West,881.1,-33.835732,151.090571,False,5,normal
3 Hospital Road Concord West,Concord West,888.4,-33.837409,151.090881,False,5,normal
3 Loch Maree Parade Concord West,Concord West,688.9,-33.835099,151.090174,True,6,normal
3 Moala Street Concord West,Concord West,1090.6,-33.840951,151.09171,False,5,normal
3 Myall Street Concord West,Concord West,825.1,-33.844474,151.094861,True,7,normal
3 Nirranda Street Concord West,Concord West,891.1,-33.846345,151.095669,False,5,normal
3 Wallaroy Street Concord West,Concord West,1020.0,-33.840475,151.087584,False,5,normal
30 Cavendish Street Concord West,Concord West,634.9,-33.845952,151.086878,False,5,normal
30 Consett Street Concord West,Concord West,971.8,-33.85377,151.088372,True,17,normal
30 Cumming Avenue Concord West,Concord West,1686.0,-33.852255,151.091699,True,6,normal
30 Currawang Street Concord West,Concord West,905.6,-33.839984,151.09024,False,5,normal
30 Iandra Street Concord West,Concord West,875.2,-33.844045,151.092515,False,5,normal
30 Killoola Street Concord West,Concord West,912.9,-33.837485,151.088267,False,5,normal
30 Mackenzie Street Concord West,Concord West,958.5,-33.853434,151.089356,False,5,normal
30 Merville Street Concord West,Concord West,916.3,-33.83823,151.08906,False,5,normal
30 Moala Street Concord West,Concord West,1287.2,-33.842617,151.09047,True,6,normal
30 Myall Street Concord West,Concord West,792.9,-33.845901,151.093521,False,5,normal
30 The Drive Concord West,Concord West,975.3,-33.845125,151.092859,True,6,normal
303 Queen Street Concord West,Concord West,1020.8,-33.843556,151.08645,True,6,normal
306 Concord Road Concord West,Concord West,1107.6,-33.845757,151.089236,True,6,normal
31 Colane Street Concord West,Concord West,876.8,-33.842683,151.09162,False,5,normal
31 Consett Street Concord West,Concord West,991.1,-33.853377,151.088857,False,5,normal
31 Merville Street Concord West,Concord West,931.1,-33.837855,151.088504,False,5,normal
31 Moala Street Concord West,Concord West,1007.6,-33.842066,151.090133,True,7,normal
31 Myall Street Concord West,Concord West,854.4,-33.845421,151.093126,False,5,normal
31 Nirranda Street Concord West,Concord West,809.2,-33.847255,151.093884,True,6,normal
31 The Drive Concord West,Concord West,998.4,-33.844572,151.092335,True,6,normal
31 Victoria Avenue Concord West,Concord West,341.9,-33.847661,151.086477,False,5,small
31 Wilga Street Concord West,Concord West,892.7,-33.846374,151.093505,False,5,normal
311 Queen Street Concord West,Concord West,939.1,-33.842995,151.086463,False,5,normal
312 Concord Road Concord West,Concord West,935.9,-33.845166,151.08935,True,15,normal
313 Queen Street Concord West,Concord West,1008.6,-33.842846,151.086436,True,6,normal
316 Concord Road Concord West,Concord West,496.1,-33.844855,151.089251,False,5,normal
318A Concord Road Concord West,Concord West,504.5,-33.844639,151.089281,True,6,normal
32 Boronia Street Concord West,Concord West,976.7,-33.841676,151.089781,False,5,normal
32 Colane Street Concord West,Concord West,882.9,-33.843232,151.09188,False,5,normal
32 Consett Street Concord West,Concord West,970.9,-33.853643,151.088122,False,5,normal
32 Cumming Avenue Concord West,Concord West,1059.7,-33.852092,151.09177,False,5,normal
32 Currawang Street Concord West,Concord West,847.0,-33.840083,151.090108,False,5,normal
32 Hospital Road Concord West,Concord West,885.1,-33.839201,151.089529,False,5,normal
32 Iandra Street Concord West,Concord West,867.4,-33.844113,151.09239,False,5,normal
32 Mackenzie Street Concord West,Concord West,994.0,-33.853299,151.089322,False,5,normal
32 Mepunga Street Concord West,Concord West,926.8,-33.849679,151.09265,False,5,normal
32 Nirranda Street Concord West,Concord West,740.1,-33.847854,151.094083,True,7,normal
321 Concord Road Concord West,Concord West,402.4,-33.848121,151.089956,False,5,small
321 Queen Street Concord West,Concord West,873.2,-33.842143,151.086423,True,7,normal
323 Queen Street Concord West,Concord West,1263.1,-33.842015,151.086594,True,7,normal
325 Concord Road Concord West,Concord West,418.3,-33.847825,151.089852,True,6,small
325 Queen Street Concord West,Concord West,697.2,-33.841824,151.086408,True,6,normal
326 Concord Road Concord West,Concord West,920.3,-33.843916,151.089093,True,6,normal
327 Concord Road Concord West,Concord West,341.3,-33.847759,151.089876,False,5,small
329 Concord Road Concord West,Concord West,351.9,-33.847706,151.089867,False,5,small
329 Queen Street Concord West,Concord West,1099.7,-33.841387,151.086578,False,5,normal
33 Colane Street Concord West,Concord West,862.3,-33.84275,151.091496,False,5,normal
33 Currawang Street Concord West,Concord West,865.0,-33.839648,151.089648,False,5,normal
33 Hospital Road Concord West,Concord West,957.2,-33.838709,151.089145,False,5,normal
33 Iandra Street Concord West,Concord West,874.6,-33.843633,151.092017,False,5,normal
33 Merville Street Concord West,Concord West,961.6,-33.837957,151.088362,True,8,normal
33 Myall Street Concord West,Concord West,862.1,-33.84545,151.092982,True,6,normal
33 Nirranda Street Concord West,Concord West,813.9,-33.847324,151.093729,True,6,normal
33 Victoria Avenue Concord West,Concord West,350.8,-33.847656,151.086411,False,5,small
331 Queen Street Concord West,Concord West,1126.4,-33.841251,151.086597,False,5,normal
333 Concord Road Concord West,Concord West,368.4,-33.847594,151.089848,False,5,small
335 Concord Road Concord West,Concord West,361.4,-33.847538,151.089839,False,5,small
338 Concord Road Concord West,Concord West,1225.9,-33.842853,151.08875,True,6,normal
339 Queen Street Concord West,Concord West,1076.1,-33.840509,151.086562,True,6,normal
34 Boronia Street Concord West,Concord West,964.8,-33.841757,151.089667,False,5,normal
34 Cavendish Street Concord West,Concord West,1044.5,-33.845689,151.086864,True,6,normal
34 Colane Street Concord West,Concord West,877.6,-33.843299,151.091756,False,5,normal
34 Cumming Avenue Concord West,Concord West,2140.6,-33.852018,151.091559,True,9,large
34 Mepunga Street Concord West,Concord West,944.2,-33.84974,151.092496,True,6,normal
34 Merville Street Concord West,Concord West,823.5,-33.838395,151.088825,False,5,normal
34 Moala Street Concord West,Concord West,1147.1,-33.842781,151.090265,False,5,normal
34 Queen Street Concord West,Concord West,666.2,-33.854074,151.087018,False,5,normal
34 The Drive Concord West,Concord West,986.5,-33.845267,151.092574,True,6,normal
34 Wilga Street Concord West,Concord West,996.5,-33.847015,151.093616,True,6,normal
342 Concord Road Concord West,Concord West,963.9,-33.842558,151.088685,False,5,normal
345 Concord Road Concord West,Concord West,382.9,-33.847265,151.089793,False,5,small
346 Concord Road Concord West,Concord West,1224.6,-33.842229,151.088402,True,7,normal
347 Concord Road Concord West,Concord West,351.2,-33.84721,151.089786,False,5,small
347 Queen Street Concord West,Concord West,1118.4,-33.839548,151.086718,False,5,normal
348 Concord Road Concord West,Concord West,1065.9,-33.842135,151.088555,True,8,normal
349 Queen Street Concord West,Concord West,1070.5,-33.83941,151.086715,False,5,normal
35 Colane Street Concord West,Concord West,796.3,-33.842814,151.091378,False,5,normal
35 Consett Street Concord West,Concord West,947.4,-33.853102,151.08879,False,5,normal
35 Moala Street Concord West,Concord West,966.8,-33.842177,151.089873,True,7,normal
35 Myall Street Concord West,Concord West,864.9,-33.845524,151.092824,True,6,normal
35 Nirranda Street Concord West,Concord West,828.0,-33.847368,151.093628,True,6,normal
35 Victoria Avenue Concord West,Concord West,338.3,-33.847651,151.086346,False,5,small
352 Concord Road Concord West,Concord West,1104.6,-33.841652,151.088365,True,6,normal
354 Concord Road Concord West,Concord West,989.1,-33.841502,151.088388,False,5,normal
355 Queen Street Concord West,Concord West,1048.2,-33.839001,151.086775,False,5,normal
357 Concord Road Concord West,Concord West,604.6,-33.846554,151.089726,True,6,normal
357 Queen Street Concord West,Concord West,1058.8,-33.838866,151.086801,False,5,normal
358 Concord Road Concord West,Concord West,1242.8,-33.841203,151.088254,False,5,normal
36 Colane Street Concord West,Concord West,949.2,-33.84339,151.091631,True,6,normal
36 Consett Street Concord West,Concord West,969.0,-33.853353,151.088147,False,5,normal
36 Currawang Street Concord West,Concord West,840.2,-33.84023,151.089912,False,5,normal
36 Hospital Road Concord West,Concord West,860.9,-33.83935,151.08933,False,5,normal
36 Merville Street Concord West,Concord West,890.3,-33.838485,151.0887,False,5,normal
36 Nirranda Street Concord West,Concord West,756.4,-33.847934,151.093801,False,5,normal
36 The Drive Concord West,Concord West,1022.1,-33.845326,151.092401,True,8,normal
36 Wilga Street Concord West,Concord West,994.1,-33.847066,151.093463,True,8,normal
361 Queen Street Concord West,Concord West,1246.5,-33.838619,151.086927,True,6,normal
362 Concord Road Concord West,Concord West,1132.9,-33.840739,151.088155,True,6,normal
365 Concord Road Concord West,Concord West,350.2,-33.841399,151.088993,False,5,small
366 Concord Road Concord West,Concord West,992.0,-33.840433,151.088094,False,5,normal
367 Concord Road Concord West,Concord West,362.1,-33.841337,151.088976,False,5,small
37 Hospital Road Concord West,Concord West,995.6,-33.838864,151.088868,True,6,normal
37 Iandra Street Concord West,Concord West,856.7,-33.843718,151.091754,True,6,normal
37 Mackenzie Street Concord West,Concord West,875.6,-33.852897,151.089832,False,5,normal
37 Mepunga Street Concord West,Concord West,979.6,-33.849184,151.092156,False,5,normal
37 Nirranda Street Concord West,Concord West,819.6,-33.847467,151.093487,False,5,normal
37 The Drive Concord West,Concord West,958.8,-33.844839,151.091796,True,7,normal
37 Wilga Street Concord West,Concord West,874.9,-33.846535,151.093131,True,7,normal
375A Concord Road Concord West,Concord West,333.4,-33.840846,151.088842,False,5,small
38 Boronia Street Concord West,Concord West,570.7,-33.841865,151.089345,True,8,normal
38 Colane Street Concord West,Concord West,965.0,-33.843449,151.091491,True,6,normal
38 Currawang Street Concord West,Concord West,849.8,-33.840309,151.089806,False,5,normal
38 Hospital Road Concord West,Concord West,890.5,-33.839431,151.08922,False,5,normal
38 Mepunga Street Concord West,Concord West,948.1,-33.849778,151.092185,False,5,normal
38 Merville Street Concord West,Concord West,1149.4,-33.838574,151.088569,True,9,normal
38 Moala Street Concord West,Concord West,1086.6,-33.842916,151.08999,False,5,normal
38 The Drive Concord West,Concord West,1034.7,-33.845407,151.092249,True,6,normal
38 Wilga Street Concord West,Concord West,863.2,-33.847114,151.093309,False,5,normal
382 Concord Road Concord West,Concord West,1149.6,-33.839274,151.087745,False,5,normal
39 Consett Street Concord West,Concord West,963.0,-33.852836,151.088724,False,5,normal
39 Mepunga Street Concord West,Concord West,851.7,-33.84922,151.092008,False,5,normal
39 Moala Street Concord West,Concord West,952.8,-33.84225,151.089566,True,7,normal
39 Myall Street Concord West,Concord West,878.9,-33.845692,151.092625,True,6,normal
39 Victoria Avenue Concord West,Concord West,697.4,-33.847639,151.086189,False,5,normal
39 Wilga Street Concord West,Concord West,850.5,-33.846595,151.093004,False,5,normal
39 Yaralla Street Concord West,Concord West,878.5,-33.849814,151.093931,False,5,normal
390 Concord Road Concord West,Concord West,749.5,-33.838733,151.087543,False,5,normal
392 Concord Road Concord West,Concord West,1362.7,-33.838544,151.087501,False,5,normal
397 Concord Road Concord West,Concord West,344.7,-33.840181,151.088662,False,5,small
398 Concord Road Concord West,Concord West,960.8,-33.8381,151.087355,True,6,normal
4 Bangalla Road Concord West,Concord West,1005.4,-33.844311,151.088649,True,6,normal
4 Burke Street Concord West,Concord West,586.7,-33.847493,151.088049,False,5,normal
4 Castlestead Street Concord West,Concord West,990.6,-33.841512,151.087863,True,6,normal
4 Consett Street Concord West,Concord West,949.7,-33.85571,151.088679,True,7,normal
4 Fremont Street Concord West,Concord West,865.5,-33.836089,151.090085,False,5,normal
4 Hospital Road Concord West,Concord West,864.8,-33.837898,151.091277,False,5,normal
4 Iandra Street Concord West,Concord West,839.3,-33.843178,151.094161,True,6,normal
4 Loch Maree Parade Concord West,Concord West,876.1,-33.835463,151.089895,False,5,normal
4 Nirranda Street Concord West,Concord West,898.6,-33.846896,151.09583,False,5,normal
4 Quandong Place Concord West,Concord West,764.7,-33.848251,151.094853,True,8,normal
4 The Drive Concord West,Concord West,950.4,-33.844092,151.094625,False,5,normal
4 Tulloch Avenue Concord West,Concord West,1026.3,-33.836156,151.088953,True,6,normal
4 Wallaroy Street Concord West,Concord West,1195.7,-33.841131,151.087635,True,6,normal
4 Yaralla Street Concord West,Concord West,552.5,-33.850923,151.090873,False,5,normal
40 Hospital Road Concord West,Concord West,846.1,-33.839513,151.08911,False,5,normal
40 Iandra Street Concord West,Concord West,1033.3,-33.844386,151.091873,True,7,normal
40 Mackenzie Street Concord West,Concord West,966.0,-33.852773,151.089096,False,5,normal
40 Mepunga Street Concord West,Concord West,881.3,-33.849809,151.092036,False,5,normal
40 Moala Street Concord West,Concord West,1050.1,-33.84297,151.089887,False,5,normal
40 Myall Street Concord West,Concord West,813.4,-33.846183,151.092914,True,7,normal
40 Nirranda Street Concord West,Concord West,798.1,-33.848062,151.093545,False,5,normal
40 Wilga Street Concord West,Concord West,879.4,-33.847163,151.093174,False,5,normal
400 Concord Road Concord West,Concord West,637.0,-33.838027,151.087457,False,5,normal
403 Concord Road Concord West,Concord West,348.9,-33.839997,151.088609,False,5,small
41 Colane Street Concord West,Concord West,815.5,-33.842999,151.091015,True,6,normal
41 Iandra Street Concord West,Concord West,862.8,-33.843893,151.091549,True,6,normal
41 The Drive Concord West,Concord West,980.2,-33.844933,151.091484,True,6,normal
41 Victoria Avenue Concord West,Concord West,697.4,-33.847639,151.086189,False,5,normal
41 Wilga Street Concord West,Concord West,879.4,-33.846654,151.092842,False,5,normal
419 Concord Road Concord West,Concord West,1118.9,-33.838794,151.088469,True,7,normal
42 Boronia Street Concord West,Concord West,859.2,-33.842097,151.08922,True,8,normal
42 Colane Street Concord West,Concord West,888.7,-33.84358,151.09104,True,6,normal
42 Hospital Road Concord West,Concord West,1035.5,-33.839623,151.08901,True,6,normal
42 Mepunga Street Concord West,Concord West,892.3,-33.84984,151.091891,False,5,normal
42 Moala Street Concord West,Concord West,937.3,-33.843064,151.089762,True,6,normal
42 The Drive Concord West,Concord West,1035.0,-33.845524,151.091929,True,6,normal
42 Victoria Avenue Concord West,Concord West,586.0,-33.848076,151.084819,False,5,normal
421 Concord Road Concord West,Concord West,1013.6,-33.838693,151.088366,False,5,normal
423 Concord Road Concord West,Concord West,838.1,-33.838576,151.088281,False,5,normal
427 Concord Road Concord West,Concord West,803.5,-33.83844,151.088155,True,6,normal
43 Colane Street Concord West,Concord West,840.7,-33.8431,151.090769,True,6,normal
43 Consett Street Concord West,Concord West,952.5,-33.852563,151.088657,False,5,normal
43 Currawang Street Concord West,Concord West,881.4,-33.840096,151.089047,False,5,normal
43 The Drive Concord West,Concord West,976.7,-33.844987,151.091333,True,6,normal
43 Yaralla Street Concord West,Concord West,866.6,-33.849876,151.093642,False,5,normal
431 Concord Road Concord West,Concord West,851.6,-33.837984,151.088107,False,5,normal
433 Concord Road Concord West,Concord West,859.8,-33.837853,151.088072,False,5,normal
43A Consett Street Concord West,Concord West,952.5,-33.852563,151.088657,False,5,normal
44 Boronia Street Concord West,Concord West,1165.2,-33.842155,151.089059,True,10,normal
44 Cumming Avenue Concord West,Concord West,1295.1,-33.851307,151.091381,True,10,normal
44 Iandra Street Concord West,Concord West,872.5,-33.844579,151.091471,True,6,normal
44 Mackenzie Street Concord West,Concord West,966.6,-33.852485,151.089121,False,5,normal
44 Moala Street Concord West,Concord West,901.8,-33.843124,151.089637,True,6,normal
44 Queen Street Concord West,Concord West,1077.0,-33.853422,151.086908,True,6,normal
44 The Drive Concord West,Concord West,1026.3,-33.845565,151.091719,True,7,normal
44 Wilga Street Concord West,Concord West,881.3,-33.84727,151.092874,False,5,normal
45 Mepunga Street Concord West,Concord West,803.0,-33.849332,151.091553,False,5,normal
45 Moala Street Concord West,Concord West,873.8,-33.842565,151.089306,False,5,normal
45 Myall Street Concord West,Concord West,876.7,-33.845785,151.092187,True,6,normal
45 Wilga Street Concord West,Concord West,894.0,-33.846743,151.092597,False,5,normal
45 Yaralla Street Concord West,Concord West,921.8,-33.849908,151.093496,False,5,normal
46 Colane Street Concord West,Concord West,922.4,-33.84371,151.090813,False,5,normal
46 Cumming Avenue Concord West,Concord West,1617.5,-33.851159,151.091379,True,8,normal
46 Nirranda Street Concord West,Concord West,733.3,-33.848263,151.093021,True,6,normal
46 Queen Street Concord West,Concord West,1011.3,-33.853277,151.086964,True,6,normal
46 Wilga Street Concord West,Concord West,864.4,-33.84729,151.092719,True,6,normal
47 Colane Street Concord West,Concord West,867.4,-33.843211,151.090498,True,6,normal
47 Consett Street Concord West,Concord West,990.4,-33.852298,151.088593,False,5,normal
47 Mackenzie Street Concord West,Concord West,960.2,-33.852238,151.089767,False,5,normal
47 Moala Street Concord West,Concord West,850.2,-33.842671,151.089188,True,6,normal
47 Nirranda Street Concord West,Concord West,914.8,-33.847788,151.092739,True,6,normal
47 The Drive Concord West,Concord West,954.5,-33.845092,151.091036,True,6,normal
47 Yaralla Street Concord West,Concord West,859.5,-33.849946,151.093321,False,5,normal
48 Cumming Avenue Concord West,Concord West,1254.2,-33.850984,151.091383,False,5,normal
48 Iandra Street Concord West,Concord West,868.0,-33.84467,151.091219,True,6,normal
48 Mackenzie Street Concord West,Concord West,991.1,-33.852222,151.089055,False,5,normal
48 Mepunga Street Concord West,Concord West,929.4,-33.849941,151.091415,False,5,normal
48 Myall Street Concord West,Concord West,899.4,-33.846397,151.092357,False,5,normal
48 Nirranda Street Concord West,Concord West,732.4,-33.848369,151.092916,True,6,normal
48 The Drive Concord West,Concord West,995.8,-33.84574,151.091317,True,6,normal
48 Victoria Avenue Concord West,Concord West,577.5,-33.848051,151.084489,False,5,normal
49 Colane Street Concord West,Concord West,852.0,-33.843256,151.090388,True,6,normal
49 Consett Street Concord West,Concord West,980.1,-33.852162,151.088559,False,5,normal
49 Mepunga Street Concord West,Concord West,754.5,-33.849362,151.091286,True,6,normal
49 Myall Street Concord West,Concord West,860.8,-33.845936,151.091944,True,6,normal
49 Nirranda Street Concord West,Concord West,956.0,-33.847827,151.092594,False,5,normal
49 Yaralla Street Concord West,Concord West,870.8,-33.849977,151.093179,False,5,normal
4A Moala Street Concord West,Concord West,1198.2,-33.84169,151.092313,True,11,normal
5 Boronia Street Concord West,Concord West,874.8,-33.840122,151.090768,False,5,normal
5 Colane Street Concord West,Concord West,801.9,-33.841788,151.093275,False,5,normal
5 Hospital Road Concord West,Concord West,902.3,-33.837492,151.09077,False,5,normal
5 Loch Maree Parade Concord West,Concord West,700.6,-33.83495,151.090047,True,7,normal
5 Mackenzie Street Concord West,Concord West,837.4,-33.855153,151.090513,True,6,normal
5 Merville Street Concord West,Concord West,916.0,-33.836755,151.089974,False,5,normal
5 Myall Street Concord West,Concord West,832.9,-33.844516,151.094728,False,5,normal
5 Nirranda Street Concord West,Concord West,885.9,-33.846428,151.095521,False,5,normal
5 Quandong Place Concord West,Concord West,670.3,-33.847717,151.094824,True,9,normal
5 Stuart Street Concord West,Concord West,943.5,-33.848753,151.087941,False,5,normal
5 The Drive Concord West,Concord West,946.1,-33.843563,151.094156,True,6,normal
5 Tulloch Avenue Concord West,Concord West,914.1,-33.835644,151.089431,False,5,normal
5 Wunda Road Concord West,Concord West,1248.4,-33.844672,151.088339,True,6,normal
50 Consett Street Concord West,Concord West,917.0,-33.852409,151.087916,False,5,normal
50 Cumming Avenue Concord West,Concord West,1252.5,-33.850801,151.091443,False,5,normal
50 Currawang Street Concord West,Concord West,821.3,-33.840798,151.089105,False,5,normal
50 Mackenzie Street Concord West,Concord West,992.4,-33.852083,151.089021,False,5,normal
50 Mepunga Street Concord West,Concord West,904.6,-33.849973,151.091266,False,5,normal
50 Myall Street Concord West,Concord West,864.6,-33.846416,151.092202,True,6,normal
50 Nirranda Street Concord West,Concord West,740.3,-33.848399,151.092769,False,5,normal
50 Queen Street Concord West,Concord West,1026.7,-33.853005,151.086868,False,5,normal
50 The Drive Concord West,Concord West,947.6,-33.845808,151.091155,True,6,normal
50 Wilga Street Concord West,Concord West,872.2,-33.847454,151.092378,False,5,normal
51 Consett Street Concord West,Concord West,966.7,-33.852026,151.088526,False,5,normal
51 Iandra Street Concord West,Concord West,861.7,-33.844175,151.090759,False,5,normal
51 Mepunga Street Concord West,Concord West,763.0,-33.849427,151.091148,False,5,normal
51 Myall Street Concord West,Concord West,851.4,-33.846028,151.091684,True,6,normal
51 The Drive Concord West,Concord West,927.2,-33.845215,151.090748,True,6,normal
51 Wilga Street Concord West,Concord West,904.2,-33.846904,151.092035,True,6,normal
52 Colane Street Concord West,Concord West,876.5,-33.84387,151.090414,False,5,normal
52 Consett Street Concord West,Concord West,972.6,-33.852276,151.087883,False,5,normal
52 Mepunga Street Concord West,Concord West,907.3,-33.849998,151.091148,False,5,normal
52 Myall Street Concord West,Concord West,869.1,-33.846444,151.091946,True,6,normal
52 Victoria Avenue Concord West,Concord West,576.7,-33.848035,151.084273,False,5,normal
53 Colane Street Concord West,Concord West,900.0,-33.84335,151.090103,False,5,normal
53 Mackenzie Street Concord West,Concord West,964.2,-33.851847,151.089576,False,5,normal
53 Mepunga Street Concord West,Concord West,735.5,-33.849457,151.091003,False,5,normal
53 Myall Street Concord West,Concord West,888.0,-33.846022,151.09153,True,6,normal
53 Wilga Street Concord West,Concord West,882.9,-33.84701,151.091953,True,6,normal
54 Colane Street Concord West,Concord West,886.6,-33.843924,151.090281,False,5,normal
54 Nirranda Street Concord West,Concord West,1084.2,-33.848553,151.092564,False,5,normal
54 The Drive Concord West,Concord West,981.9,-33.845927,151.09089,True,6,normal
54 Victoria Avenue Concord West,Concord West,570.2,-33.848008,151.08394,False,5,normal
54 Wilga Street Concord West,Concord West,904.7,-33.847564,151.092107,False,5,normal
55 Colane Street Concord West,Concord West,784.9,-33.843403,151.089973,False,5,normal
55 Consett Street Concord West,Concord West,982.2,-33.851755,151.088459,False,5,normal
55 Iandra Street Concord West,Concord West,859.2,-33.844277,151.09049,False,5,normal
55 Mepunga Street Concord West,Concord West,780.2,-33.849486,151.090859,False,5,normal
55 Myall Street Concord West,Concord West,865.1,-33.846076,151.091393,True,6,normal
55 Nirranda Street Concord West,Concord West,939.0,-33.847996,151.092196,False,5,normal
56 Consett Street Concord West,Concord West,943.5,-33.852007,151.087818,False,5,normal
56 Mackenzie Street Concord West,Concord West,953.3,-33.851676,151.08892,False,5,normal
56 Mepunga Street Concord West,Concord West,904.1,-33.850061,151.090852,False,5,normal
56 Nirranda Street Concord West,Concord West,976.1,-33.848602,151.092422,False,5,normal
56 The Drive Concord West,Concord West,980.0,-33.845991,151.090748,True,6,normal
56 Wilga Street Concord West,Concord West,872.1,-33.847623,151.091976,False,5,normal
56A Consett Street Concord West,Concord West,943.5,-33.852007,151.087818,False,5,normal
57 Colane Street Concord West,Concord West,821.4,-33.843415,151.089835,True,6,normal
57 Iandra Street Concord West,Concord West,878.5,-33.844301,151.090324,True,6,normal
57 Mackenzie Street Concord West,Concord West,973.3,-33.851559,151.089602,False,5,normal
57 Mepunga Street Concord West,Concord West,775.8,-33.849517,151.090712,False,5,normal
57 Myall Street Concord West,Concord West,866.4,-33.846134,151.091259,True,6,normal
57 Nirranda Street Concord West,Concord West,956.2,-33.848053,151.092063,False,5,normal
58 Iandra Street Concord West,Concord West,857.1,-33.844938,151.090539,True,6,normal
58 Nirranda Street Concord West,Concord West,953.9,-33.848649,151.092287,False,5,normal
58 The Drive Concord West,Concord West,983.0,-33.846056,151.090604,True,6,normal
58 Victoria Avenue Concord West,Concord West,569.9,-33.847982,151.083617,False,5,normal
59 Consett Street Concord West,Concord West,967.9,-33.85147,151.088393,True,6,normal
59 Mepunga Street Concord West,Concord West,834.8,-33.84946,151.09052,True,8,normal
59 Myall Street Concord West,Concord West,849.9,-33.846193,151.091127,True,6,normal
59 The Drive Concord West,Concord West,943.3,-33.845494,151.090139,True,6,normal
59 Wilga Street Concord West,Concord West,877.6,-33.847164,151.091539,False,5,normal
6 Bangalla Road Concord West,Concord West,1015.2,-33.844289,151.08849,True,6,normal
6 Boronia Street Concord West,Concord West,1080.0,-33.840624,151.091244,False,5,normal
6 Castlestead Street Concord West,Concord West,1044.4,-33.841486,151.087673,True,6,normal
6 Consett Street Concord West,Concord West,966.2,-33.855572,151.088648,True,6,normal
6 Currawang Street Concord West,Concord West,835.3,-33.838712,151.091938,False,5,normal
6 Harrison Avenue Concord West,Concord West,951.3,-33.837393,151.087105,False,5,normal
6 Hospital Road Concord West,Concord West,881.7,-33.83798,151.091168,False,5,normal
6 Killoola Street Concord West,Concord West,924.8,-33.836469,151.089624,False,5,normal
6 Merville Street Concord West,Concord West,954.4,-33.837191,151.090447,False,5,normal
6 Nirranda Street Concord West,Concord West,937.4,-33.84702,151.095727,False,5,normal
6 Nullawarra Avenue Concord West,Concord West,834.0,-33.848212,151.095103,True,6,normal
6 Phoenix Avenue Concord West,Concord West,943.2,-33.836662,151.087993,True,7,normal
6 Quandong Place Concord West,Concord West,715.9,-33.848292,151.094685,True,6,normal
6 Rothwell Avenue Concord West,Concord West,2296.1,-33.850905,151.083432,True,18,large
6 Tulloch Avenue Concord West,Concord West,1052.8,-33.836017,151.088869,False,5,normal
6 Victoria Avenue Concord West,Concord West,1000.9,-33.848287,151.088515,True,6,normal
6 Wallaroy Street Concord West,Concord West,1024.0,-33.841065,151.087454,False,5,normal
6 Yaralla Street Concord West,Concord West,688.7,-33.851321,151.088575,True,6,normal
60 Colane Street Concord West,Concord West,817.2,-33.844116,151.089878,True,6,normal
60 Iandra Street Concord West,Concord West,877.2,-33.844967,151.090405,False,5,normal
60 Mepunga Street Concord West,Concord West,899.5,-33.85013,151.090523,False,5,normal
60 Myall Street Concord West,Concord West,879.1,-33.846748,151.09146,False,5,normal
61 Consett Street Concord West,Concord West,621.6,-33.85134,151.088145,True,15,normal
61 Mackenzie Street Concord West,Concord West,481.8,-33.851333,151.08945,False,5,normal
61 Nirranda Street Concord West,Concord West,921.9,-33.848166,151.091801,False,5,normal
61A Mackenzie Street Concord West,Concord West,497.7,-33.851253,151.089464,True,6,normal
62 Iandra Street Concord West,Concord West,869.4,-33.845025,151.090273,False,5,normal
62 Mackenzie Street Concord West,Concord West,622.9,-33.851197,151.088942,True,16,normal
62 Queen Street Concord West,Concord West,1006.8,-33.852198,151.086677,False,5,normal
62 The Drive Concord West,Concord West,963.5,-33.846186,151.090318,True,6,normal
62 Wilga Street Concord West,Concord West,905.4,-33.847799,151.091585,False,5,normal
63 Iandra Street Concord West,Concord West,853.8,-33.844466,151.089936,True,6,normal
63 Mackenzie Street Concord West,Concord West,805.4,-33.851141,151.089288,True,17,normal
63 Nirranda Street Concord West,Concord West,830.3,-33.848231,151.09165,False,5,normal
63 The Drive Concord West,Concord West,892.3,-33.845663,151.089896,True,6,normal
63 Yaralla Street Concord West,Concord West,920.5,-33.850203,151.09212,False,5,normal
64 Colane Street Concord West,Concord West,799.3,-33.844184,151.089612,True,8,normal
64 Consett Street Concord West,Concord West,984.2,-33.851396,151.087783,True,15,normal
64 Mackenzie Street Concord West,Concord West,997.1,-33.850967,151.088869,True,15,normal
64 Mepunga Street Concord West,Concord West,931.0,-33.850162,151.090213,True,6,normal
64 Nirranda Street Concord West,Concord West,853.9,-33.848792,151.091879,False,5,normal
64 Wilga Street Concord West,Concord West,890.5,-33.847887,151.091455,True,6,normal
65 Mepunga Street Concord West,Concord West,830.7,-33.849643,151.090112,True,6,normal
66 Consett Street Concord West,Concord West,684.5,-33.851163,151.087756,True,18,normal
66 Mackenzie Street Concord West,Concord West,980.0,-33.850826,151.088713,False,5,normal
66 Myall Street Concord West,Concord West,874.5,-33.846922,151.091068,False,5,normal
66 Nirranda Street Concord West,Concord West,847.4,-33.848839,151.091743,False,5,normal
66 The Drive Concord West,Concord West,923.2,-33.846308,151.090006,True,6,normal
67 Consett Street Concord West,Concord West,963.8,-33.850771,151.088214,False,5,normal
67 Myall Street Concord West,Concord West,858.5,-33.846432,151.090597,True,6,normal
67 The Drive Concord West,Concord West,954.2,-33.845713,151.089752,True,7,normal
67 Wilga Street Concord West,Concord West,897.7,-33.847399,151.091014,False,5,normal
68 Iandra Street Concord West,Concord West,876.6,-33.845236,151.089897,True,6,normal
68 Nirranda Street Concord West,Concord West,759.7,-33.848886,151.091608,False,5,normal
68 Queen Street Concord West,Concord West,929.9,-33.851809,151.086491,False,5,normal
68 Wilga Street Concord West,Concord West,880.7,-33.848002,151.091198,True,6,normal
69 Wilga Street Concord West,Concord West,898.4,-33.847458,151.090882,False,5,normal
6A Moala Street Concord West,Concord West,687.4,-33.841877,151.092231,True,6,normal
7 Boronia Street Concord West,Concord West,867.9,-33.840221,151.090636,False,5,normal
7 Coonong Road Concord West,Concord West,985.8,-33.842552,151.087845,False,5,normal
7 Hospital Road Concord West,Concord West,925.0,-33.837595,151.090633,False,5,normal
7 Loch Maree Parade Concord West,Concord West,689.5,-33.834813,151.089892,False,5,normal
7 Mepunga Street Concord West,Concord West,878.6,-33.848679,151.094535,False,5,normal
7 Myall Street Concord West,Concord West,837.4,-33.844593,151.094591,False,5,normal
7 Nirranda Street Concord West,Concord West,878.9,-33.846497,151.095398,False,5,normal
7 Phoenix Avenue Concord West,Concord West,990.6,-33.836187,151.088392,False,5,normal
7 Quandong Place Concord West,Concord West,641.9,-33.847849,151.094522,True,7,normal
7 Wallaroy Street Concord West,Concord West,1011.6,-33.840431,151.08726,False,5,normal
7 Wilga Street Concord West,Concord West,865.6,-33.845462,151.094945,True,7,normal
7 Wunda Road Concord West,Concord West,1210.8,-33.844652,151.088192,True,6,normal
70 Consett Street Concord West,Concord West,1361.2,-33.850925,151.087336,False,5,normal
70 Mackenzie Street Concord West,Concord West,963.1,-33.850555,151.088639,False,5,normal
70 Nirranda Street Concord West,Concord West,809.4,-33.848933,151.091473,False,5,normal
70 The Drive Concord West,Concord West,938.5,-33.846294,151.08966,True,6,normal
71 Consett Street Concord West,Concord West,949.8,-33.850505,151.088142,False,5,normal
71 Myall Street Concord West,Concord West,881.1,-33.84658,151.090367,False,5,normal
71 Nirranda Street Concord West,Concord West,797.0,-33.848399,151.091157,True,6,normal
72 Nirranda Street Concord West,Concord West,719.7,-33.848982,151.091333,False,5,normal
73 Consett Street Concord West,Concord West,966.8,-33.850372,151.088106,False,5,normal
73 Mackenzie Street Concord West,Concord West,969.2,-33.850178,151.089245,False,5,normal
73 Nirranda Street Concord West,Concord West,807.1,-33.848512,151.091057,True,6,normal
73 Yaralla Street Concord West,Concord West,898.1,-33.850356,151.091402,False,5,normal
75 Mackenzie Street Concord West,Concord West,939.1,-33.850045,151.08921,False,5,normal
75 Wilga Street Concord West,Concord West,875.1,-33.847556,151.090434,True,6,normal
76 Nirranda Street Concord West,Concord West,751.6,-33.84906,151.091014,False,5,normal
76 Queen Street Concord West,Concord West,281.4,-33.847317,151.085783,False,5,small
77 Mackenzie Street Concord West,Concord West,947.7,-33.849915,151.089172,False,5,normal
77 Nirranda Street Concord West,Concord West,785.7,-33.848492,151.090809,True,6,normal
77 Wilga Street Concord West,Concord West,822.5,-33.847574,151.090314,True,6,normal
77 Yaralla Street Concord West,Concord West,910.7,-33.85042,151.091102,False,5,normal
78 Consett Street Concord West,Concord West,1343.6,-33.850234,151.087284,False,5,normal
78 Mackenzie Street Concord West,Concord West,952.1,-33.85004,151.088403,False,5,normal
78 Myall Street Concord West,Concord West,816.9,-33.847244,151.090263,True,6,normal
78 Nirranda Street Concord West,Concord West,784.3,-33.849088,151.090869,False,5,normal
79 Consett Street Concord West,Concord West,987.6,-33.849973,151.087998,False,5,normal
79 Wilga Street Concord West,Concord West,850.7,-33.847633,151.090191,False,5,normal
79 Yaralla Street Concord West,Concord West,904.3,-33.850451,151.090954,False,5,normal
8 Bangalla Road Concord West,Concord West,1005.3,-33.844267,151.088331,True,6,normal
8 Castlestead Street Concord West,Concord West,1018.0,-33.841495,151.087538,False,5,normal
8 Consett Street Concord West,Concord West,962.9,-33.855424,151.088658,False,5,normal
8 Harrison Avenue Concord West,Concord West,946.9,-33.837353,151.086929,False,5,normal
8 Hospital Road Concord West,Concord West,865.6,-33.838062,151.091058,False,5,normal
8 Iandra Street Concord West,Concord West,861.9,-33.843317,151.093924,True,7,normal
8 Killoola Street Concord West,Concord West,919.3,-33.836553,151.089512,False,5,normal
8 Loch Maree Parade Concord West,Concord West,854.6,-33.835279,151.0897,False,5,normal
8 Mepunga Street Concord West,Concord West,847.7,-33.849312,151.094352,False,5,normal
8 Merville Street Concord West,Concord West,933.3,-33.837277,151.090332,False,5,normal
8 Phoenix Avenue Concord West,Concord West,900.4,-33.836343,151.087629,True,6,normal
8 The Drive Concord West,Concord West,949.4,-33.844239,151.094365,False,5,normal
8 Tulloch Avenue Concord West,Concord West,1026.8,-33.835912,151.088757,False,5,normal
8 Victoria Avenue Concord West,Concord West,769.2,-33.848336,151.088138,True,6,normal
81 Mackenzie Street Concord West,Concord West,952.8,-33.849647,151.089099,False,5,normal
82 Mackenzie Street Concord West,Concord West,973.5,-33.849756,151.088422,False,5,normal
82 Nirranda Street Concord West,Concord West,815.6,-33.849142,151.090581,False,5,normal
83 Consett Street Concord West,Concord West,984.6,-33.849703,151.087925,False,5,normal
84 Mackenzie Street Concord West,Concord West,963.5,-33.849621,151.088385,False,5,normal
85 Yaralla Street Concord West,Concord West,918.2,-33.850548,151.090497,False,5,normal
87 Consett Street Concord West,Concord West,992.9,-33.849423,151.087852,True,6,normal
88 Mackenzie Street Concord West,Concord West,961.7,-33.849355,151.088314,False,5,normal
89 Mackenzie Street Concord West,Concord West,929.4,-33.849108,151.088953,False,5,normal
89 Yaralla Street Concord West,Concord West,857.6,-33.851288,151.086941,True,6,normal
8A Moala Street Concord West,Concord West,802.4,-33.841968,151.092098,False,5,normal
9 Boronia Street Concord West,Concord West,904.6,-33.840305,151.090524,False,5,normal
9 Burke Street Concord West,Concord West,890.6,-33.846876,151.088608,True,7,normal
9 Cavendish Street Concord West,Concord West,632.9,-33.847091,151.087517,False,5,normal
9 Colane Street Concord West,Concord West,897.6,-33.84189,151.093001,True,6,normal
9 Fremont Street Concord West,Concord West,845.6,-33.836037,151.090898,False,5,normal
9 Killoola Street Concord West,Concord West,1156.0,-33.837997,151.086469,False,5,normal
9 Loch Maree Parade Concord West,Concord West,703.8,-33.834521,151.089583,False,5,normal
9 Moala Street Concord West,Concord West,1075.0,-33.841185,151.091361,False,5,normal
9 Tulloch Avenue Concord West,Concord West,855.8,-33.835463,151.08924,False,5,normal
9 Wallaroy Street Concord West,Concord West,1037.9,-33.840409,151.087099,False,5,normal
9 Wilga Street Concord West,Concord West,891.3,-33.845619,151.094895,True,7,normal
9 Wunda Road Concord West,Concord West,1234.3,-33.844631,151.088045,True,6,normal
91 Mackenzie Street Concord West,Concord West,951.1,-33.848975,151.088918,False,5,normal
97 Mackenzie Street Concord West,Concord West,1123.4,-33.848494,151.088794,True,7,normal
98 Queen Street Concord West,Concord West,669.4,-33.84631,151.085822,False,5,normal
1 Barney Street Drummoyne,Drummoyne,649.6,-33.85775,151.146757,True,11,normal
1 Bradley Street Drummoyne,Drummoyne,1137.0,-33.854628,151.145769,True,9,normal
1 Budd Street Drummoyne,Drummoyne,351.2,-33.855484,151.1465,True,9,small
1 College Street Drummoyne,Drummoyne,388.9,-33.855729,151.156384,True,11,small
1 Day Street Drummoyne,Drummoyne,870.5,-33.853825,151.160769,True,6,normal
1 Dening Street Drummoyne,Drummoyne,819.8,-33.854245,151.148627,True,10,normal
1 Duncan Street Drummoyne,Drummoyne,902.1,-33.858598,151.155287,True,14,normal
1 Gears Avenue Drummoyne,Drummoyne,594.5,-33.85624,151.145811,True,6,normal
1 Henricks Avenue Drummoyne,Drummoyne,959.4,-33.846531,151.150535,True,8,normal
1 Hinkler Court Drummoyne,Drummoyne,799.1,-33.847608,151.150298,True,10,normal
1 Marlborough Street Drummoyne,Drummoyne,486.0,-33.851228,151.15276,False,5,normal
1 Moore Street Drummoyne,Drummoyne,748.5,-33.854851,151.147692,True,9,normal
1 Napier Street Drummoyne,Drummoyne,1265.6,-33.849067,151.156911,True,8,normal
1 Plunkett Street Drummoyne,Drummoyne,747.3,-33.856469,151.151933,True,8,normal
1 Raglan Street Drummoyne,Drummoyne,2498.0,-33.846743,151.155081,True,8,large
1 Raymond Avenue Drummoyne,Drummoyne,688.3,-33.845639,151.147155,True,11,normal
1 Renwick Street Drummoyne,Drummoyne,403.3,-33.854481,151.158572,True,7,small
1 Richards Avenue Drummoyne,Drummoyne,431.7,-33.858811,151.148814,True,18,small
1 Roseby Street Drummoyne,Drummoyne,3937.1,-33.855009,151.163428,True,50,large
1 South Street Drummoyne,Drummoyne,708.4,-33.859008,151.156137,True,7,normal
1 St Georges Crescent Drummoyne,Drummoyne,1170.6,-33.854207,151.161599,False,5,normal
1 Tavistock Street Drummoyne,Drummoyne,396.8,-33.849424,151.153073,True,11,small
1 Therry Lane Drummoyne,Drummoyne,726.2,-33.855615,151.155296,True,12,normal
1 Therry Street Drummoyne,Drummoyne,537.8,-33.855945,151.155783,True,7,normal
1 Thornley Street Drummoyne,Drummoyne,825.5,-33.8548,151.161289,True,21,normal
1 Tranmere Street Drummoyne,Drummoyne,1360.2,-33.857775,151.155444,True,7,normal
1 Ullathorne Street Drummoyne,Drummoyne,929.6,-33.858141,151.151098,False,5,normal
10 Alexandra Street Drummoyne,Drummoyne,1112.9,-33.853006,151.159696,False,5,normal
10 Bowman Street Drummoyne,Drummoyne,535.4,-33.852186,151.154047,False,5,normal
10 Burnell Street Drummoyne,Drummoyne,704.1,-33.860403,151.149665,False,5,normal
10 Clements Street Drummoyne,Drummoyne,905.5,-33.859988,151.149159,True,6,normal
10 College Street Drummoyne,Drummoyne,1704.0,-33.854797,151.156569,True,10,normal
10 Dening Street Drummoyne,Drummoyne,690.7,-33.853783,151.149023,True,8,normal
10 Duncan Street Drummoyne,Drummoyne,588.5,-33.858247,151.154928,True,9,normal
10 Edwin Street Drummoyne,Drummoyne,334.1,-33.853022,151.15501,False,5,small
10 Gears Avenue Drummoyne,Drummoyne,544.6,-33.855347,151.145566,False,5,normal
10 Gipps Street Drummoyne,Drummoyne,661.2,-33.859236,151.151161,False,5,normal
10 Henley Street Drummoyne,Drummoyne,345.0,-33.858321,151.152942,False,5,small
10 Janet Street Drummoyne,Drummoyne,734.9,-33.859842,151.148157,False,5,normal
10 Millar Street Drummoyne,Drummoyne,806.6,-33.859795,151.150208,True,7,normal
10 Polding Street Drummoyne,Drummoyne,667.4,-33.854567,151.151864,True,7,normal
10 Renwick Street Drummoyne,Drummoyne,564.8,-33.853815,151.158774,False,5,normal
10 Richards Avenue Drummoyne,Drummoyne,744.7,-33.858772,151.148091,False,5,normal
10 Riverside Mews Drummoyne,Drummoyne,409.6,-33.847241,151.150522,True,7,small
10 Seymour Street Drummoyne,Drummoyne,1140.6,-33.848578,151.153297,True,7,normal
10 The Parade Drummoyne,Drummoyne,479.7,-33.853164,151.144394,False,5,normal
10 Thompson Street Drummoyne,Drummoyne,588.5,-33.858393,151.154799,False,5,normal
10 Thornley Street Drummoyne,Drummoyne,421.2,-33.854424,151.160618,True,6,small
10 Ullathorne Street Drummoyne,Drummoyne,458.2,-33.857809,151.151433,True,7,normal
10 Wrights Road Drummoyne,Drummoyne,850.9,-33.849479,151.154546,False,5,normal
100 Gipps Street Drummoyne,Drummoyne,991.3,-33.854454,151.146824,True,6,normal
100 Victoria Road Drummoyne,Drummoyne,359.4,-33.853862,151.157537,True,7,small
101 Gipps Street Drummoyne,Drummoyne,584.4,-33.854925,151.146383,False,5,normal
101 Lyons Road Drummoyne,Drummoyne,998.2,-33.85393,151.150858,False,5,normal
101 St Georges Crescent Drummoyne,Drummoyne,681.6,-33.848731,151.156704,False,5,normal
101A St Georges Crescent Drummoyne,Drummoyne,1394.2,-33.848628,151.1565,True,8,normal
102 Thompson Street Drummoyne,Drummoyne,662.9,-33.852767,151.149538,True,7,normal
102 Victoria Road Drummoyne,Drummoyne,397.9,-33.853804,151.157497,True,7,small
102B Lower St Georges Crescent Drummoyne,Drummoyne,1156.6,-33.847344,151.155651,True,6,normal
103 Gipps Street Drummoyne,Drummoyne,591.4,-33.854847,151.146311,False,5,normal
104 Gipps Street Drummoyne,Drummoyne,768.5,-33.854338,151.146743,True,7,normal
104 Lower St Georges Crescent Drummoyne,Drummoyne,4107.0,-33.847044,151.156192,True,8,large
104 Victoria Road Drummoyne,Drummoyne,416.6,-33.853729,151.157454,True,7,small
104A Victoria Road Drummoyne,Drummoyne,416.6,-33.853729,151.157454,True,7,small
105 Gipps Street Drummoyne,Drummoyne,592.9,-33.854768,151.146238,False,5,normal
105 Lyons Road Drummoyne,Drummoyne,520.0,-33.854041,151.15069,False,5,normal
107 Gipps Street Drummoyne,Drummoyne,591.7,-33.854712,151.146136,True,6,normal
107 Lyons Road Drummoyne,Drummoyne,304.2,-33.854078,151.150635,False,5,small
107 St Georges Crescent Drummoyne,Drummoyne,1177.5,-33.84851,151.155932,False,5,normal
107 Thompson Street Drummoyne,Drummoyne,285.9,-33.854039,151.149791,False,5,small
108 Thompson Street Drummoyne,Drummoyne,647.1,-33.852539,151.149265,False,5,normal
109 Lyons Road Drummoyne,Drummoyne,330.9,-33.854089,151.150566,True,7,small
109 Thompson Street Drummoyne,Drummoyne,334.6,-33.853961,151.149798,True,7,small
11 Alexandra Street Drummoyne,Drummoyne,536.9,-33.853427,151.159151,False,5,normal
11 Budd Street Drummoyne,Drummoyne,360.4,-33.855744,151.146203,True,7,small
11 Collingwood Street Drummoyne,Drummoyne,1017.5,-33.849147,151.154912,True,6,normal
11 Cometrowe Street Drummoyne,Drummoyne,667.2,-33.853019,151.150237,False,5,normal
11 Henley Street Drummoyne,Drummoyne,456.1,-33.857069,151.15098,False,5,normal
11 Marlborough Street Drummoyne,Drummoyne,774.5,-33.850971,151.152453,True,7,normal
11 Moore Street Drummoyne,Drummoyne,382.4,-33.854408,151.147298,True,6,small
11 Napier Street Drummoyne,Drummoyne,949.3,-33.849048,151.155574,True,6,normal
11 Polding Street Drummoyne,Drummoyne,802.0,-33.855813,151.150961,True,17,normal
11 Renwick Street Drummoyne,Drummoyne,402.8,-33.854134,151.158283,False,5,small
11 Richards Avenue Drummoyne,Drummoyne,722.5,-33.859292,151.148369,False,5,normal
11 Riverside Mews Drummoyne,Drummoyne,422.2,-33.847141,151.150619,True,8,small
11 Tavistock Street Drummoyne,Drummoyne,458.7,-33.849664,151.152785,True,10,normal
11 Therry Street Drummoyne,Drummoyne,409.0,-33.857138,151.154436,True,6,small
11 Thompson Street Drummoyne,Drummoyne,669.8,-33.858582,151.154126,True,6,normal
11 Westbourne Street Drummoyne,Drummoyne,687.4,-33.847973,151.151506,False,5,normal
11 Wolseley Street Drummoyne,Drummoyne,1185.6,-33.846735,151.15401,True,6,normal
110 Thompson Street Drummoyne,Drummoyne,665.3,-33.852455,151.149185,False,5,normal
111 Gipps Street Drummoyne,Drummoyne,640.2,-33.854568,151.145954,False,5,normal
111 Lyons Road Drummoyne,Drummoyne,482.2,-33.854113,151.15053,True,7,normal
111 St Georges Crescent Drummoyne,Drummoyne,1163.8,-33.848384,151.155622,True,6,normal
112 Henley Marine Drive Drummoyne,Drummoyne,492.3,-33.859858,151.151691,True,6,normal
112 Thompson Street Drummoyne,Drummoyne,613.8,-33.852303,151.148904,True,6,normal
112A Gipps Street Drummoyne,Drummoyne,544.4,-33.85402,151.146414,True,6,normal
113 St Georges Crescent Drummoyne,Drummoyne,545.0,-33.848224,151.155544,True,6,normal
114 Gipps Street Drummoyne,Drummoyne,596.5,-33.853845,151.146209,False,5,normal
114 Henley Marine Drive Drummoyne,Drummoyne,640.5,-33.859785,151.151894,True,6,normal
114 Thompson Street Drummoyne,Drummoyne,646.5,-33.852161,151.148798,False,5,normal
114A Gipps Street Drummoyne,Drummoyne,543.4,-33.853909,151.146269,False,5,normal
115 St Georges Crescent Drummoyne,Drummoyne,789.7,-33.848056,151.155396,True,7,normal
116 Henley Marine Drive Drummoyne,Drummoyne,978.2,-33.859644,151.15208,False,5,normal
116 Lower St Georges Crescent Drummoyne,Drummoyne,1198.1,-33.846433,151.156473,True,6,normal
117 Gipps Street Drummoyne,Drummoyne,627.4,-33.854111,151.14565,True,6,normal
117 Henley Marine Drive Drummoyne,Drummoyne,951.5,-33.859618,151.152223,True,6,normal
117 St Georges Crescent Drummoyne,Drummoyne,1295.8,-33.84801,151.155121,True,6,normal
117 Thompson Street Drummoyne,Drummoyne,266.1,-33.853785,151.149565,True,6,small
118 Gipps Street Drummoyne,Drummoyne,379.3,-33.853751,151.146119,True,9,small
118 Henley Marine Drive Drummoyne,Drummoyne,973.1,-33.859536,151.152334,True,6,normal
118 Lower St Georges Crescent Drummoyne,Drummoyne,564.4,-33.84635,151.15656,False,5,normal
118 Thompson Street Drummoyne,Drummoyne,743.1,-33.851908,151.148672,False,5,normal
119 Lyons Road Drummoyne,Drummoyne,528.6,-33.854539,151.149823,True,6,normal
11A Dening Street Drummoyne,Drummoyne,581.1,-33.853679,151.148135,False,5,normal
11A Marlborough Street Drummoyne,Drummoyne,758.3,-33.850872,151.152418,True,6,normal
12 Alexandra Street Drummoyne,Drummoyne,573.5,-33.85292,151.15961,False,5,normal
12 Bayswater Street Drummoyne,Drummoyne,481.8,-33.851391,151.152282,False,5,normal
12 Broughton Street Drummoyne,Drummoyne,710.2,-33.857852,151.150508,True,11,normal
12 Burnell Street Drummoyne,Drummoyne,705.2,-33.860471,151.149562,False,5,normal
12 Byrne Avenue Drummoyne,Drummoyne,345.7,-33.856078,151.145278,True,7,small
12 Day Street Drummoyne,Drummoyne,361.4,-33.854271,151.159115,False,5,small
12 Formosa Street Drummoyne,Drummoyne,233.6,-33.857207,151.159869,False,5,small
12 Gears Avenue Drummoyne,Drummoyne,569.4,-33.855223,151.145473,True,6,normal
12 Gipps Street Drummoyne,Drummoyne,435.8,-33.859162,151.151091,False,5,small
12 Market Street Drummoyne,Drummoyne,581.2,-33.858183,151.153411,True,7,normal
12 Moore Street Drummoyne,Drummoyne,793.4,-33.853927,151.147794,True,7,normal
12 Park Avenue Drummoyne,Drummoyne,392.3,-33.855301,151.160336,True,6,small
12 Plunkett Street Drummoyne,Drummoyne,724.4,-33.856382,151.150982,True,6,normal
12 Richards Avenue Drummoyne,Drummoyne,728.7,-33.858847,151.147989,False,5,normal
12 Riverside Mews Drummoyne,Drummoyne,363.7,-33.847102,151.150762,True,7,small
12 The Esplanade Drummoyne,Drummoyne,712.4,-33.845929,151.149139,False,5,normal
12 Therry Street Drummoyne,Drummoyne,520.2,-33.856781,151.154051,False,5,normal
12 Ullathorne Street Drummoyne,Drummoyne,421.5,-33.857501,151.151112,False,5,small
120 Lower St Georges Crescent Drummoyne,Drummoyne,523.1,-33.846304,151.156619,False,5,normal
120 Thompson Street Drummoyne,Drummoyne,742.1,-33.851814,151.148584,False,5,normal
121 Gipps Street Drummoyne,Drummoyne,330.4,-33.85396,151.145483,False,5,small
121 Thompson Street Drummoyne,Drummoyne,277.3,-33.853696,151.149535,False,5,small
122 Gipps Street Drummoyne,Drummoyne,573.1,-33.853622,151.146038,True,6,normal
122 Henley Marine Drive Drummoyne,Drummoyne,462.1,-33.858601,151.153624,True,9,normal
123 Gipps Street Drummoyne,Drummoyne,652.6,-33.853856,151.145386,False,5,normal
123 Thompson Street Drummoyne,Drummoyne,286.4,-33.853661,151.149502,False,5,small
124 Gipps Street Drummoyne,Drummoyne,590.9,-33.85356,151.145979,True,6,normal
124 Lower St Georges Crescent Drummoyne,Drummoyne,499.3,-33.846206,151.156741,False,5,normal
124 Lyons Road Drummoyne,Drummoyne,619.7,-33.854546,151.148721,True,7,normal
124 Thompson Street Drummoyne,Drummoyne,839.0,-33.851611,151.148386,True,7,normal
125 Gipps Street Drummoyne,Drummoyne,664.4,-33.85377,151.145306,False,5,normal
125 Thompson Street Drummoyne,Drummoyne,343.6,-33.853623,151.149466,False,5,small
126 Lyons Road Drummoyne,Drummoyne,598.4,-33.854576,151.14861,True,8,normal
128 Lyons Road Drummoyne,Drummoyne,562.9,-33.854638,151.14855,True,6,normal
129 Gipps Street Drummoyne,Drummoyne,783.2,-33.853606,151.145083,True,7,normal
129 Henley Marine Drive Drummoyne,Drummoyne,998.2,-33.859079,151.154736,True,6,normal
129 Thompson Street Drummoyne,Drummoyne,701.1,-33.853475,151.149327,False,5,normal
129E St Georges Crescent Drummoyne,Drummoyne,400.9,-33.847373,151.154866,True,6,small
13 Bowman Street Drummoyne,Drummoyne,389.0,-33.853409,151.153093,True,6,small
13 College Street Drummoyne,Drummoyne,882.7,-33.855369,151.156103,False,5,normal
13 Cometrowe Street Drummoyne,Drummoyne,684.1,-33.852932,151.150157,False,5,normal
13 Dening Street Drummoyne,Drummoyne,787.4,-33.853608,151.148068,False,5,normal
13 Edwin Street Drummoyne,Drummoyne,345.7,-33.853414,151.155188,False,5,small
13 Formosa Street Drummoyne,Drummoyne,329.1,-33.854794,151.156871,True,6,small
13 Gipps Street Drummoyne,Drummoyne,593.8,-33.859273,151.150436,False,5,normal
13 Moore Street Drummoyne,Drummoyne,340.0,-33.854373,151.147264,True,6,small
13 Napier Street Drummoyne,Drummoyne,760.4,-33.848926,151.155498,False,5,normal
13 Plunkett Street Drummoyne,Drummoyne,271.4,-33.857263,151.150728,False,5,small
13 Polding Street Drummoyne,Drummoyne,727.5,-33.855811,151.150898,True,13,normal
13 Queen Victoria Street Drummoyne,Drummoyne,596.5,-33.851839,151.158472,False,5,normal
13 Richards Avenue Drummoyne,Drummoyne,686.0,-33.859365,151.14827,False,5,normal
13 Tavistock Street Drummoyne,Drummoyne,422.3,-33.849731,151.152728,False,5,small
13 The Parade Drummoyne,Drummoyne,485.3,-33.853389,151.144869,False,5,normal
13 Therry Street Drummoyne,Drummoyne,433.0,-33.857162,151.154353,False,5,small
13 Thompson Street Drummoyne,Drummoyne,651.3,-33.858471,151.15407,False,5,normal
13 Wolseley Street Drummoyne,Drummoyne,795.0,-33.846665,151.153466,True,7,normal
13-15 Millar Street Drummoyne,Drummoyne,5710.7,-33.858527,151.147803,True,20,large
131 Lyons Road Drummoyne,Drummoyne,608.9,-33.854887,151.149228,True,8,normal
131 Thompson Street Drummoyne,Drummoyne,685.9,-33.853388,151.149245,False,5,normal
131A Thompson Street Drummoyne,Drummoyne,688.4,-33.853303,151.149165,False,5,normal
131P Henley Marine Drive Drummoyne,Drummoyne,2445.5,-33.857791,151.158489,True,21,large
132 Henley Marine Drive Drummoyne,Drummoyne,460.5,-33.859178,151.156264,False,5,normal
136 Lyons Road Drummoyne,Drummoyne,600.2,-33.854985,151.148039,True,7,normal
137 Thompson Street Drummoyne,Drummoyne,673.0,-33.853044,151.148922,False,5,normal
138 Gipps Street Drummoyne,Drummoyne,557.1,-33.853058,151.145441,True,9,normal
139 Lyons Road Drummoyne,Drummoyne,598.0,-33.855111,151.148882,True,7,normal
14 Alexandra Street Drummoyne,Drummoyne,567.1,-33.852866,151.159554,False,5,normal
14 Bayswater Street Drummoyne,Drummoyne,457.4,-33.851342,151.152239,False,5,normal
14 Bowman Street Drummoyne,Drummoyne,436.3,-33.852633,151.153384,True,6,small
14 Byrne Avenue Drummoyne,Drummoyne,345.9,-33.855997,151.145252,True,6,small
14 Cambridge Road Drummoyne,Drummoyne,1749.9,-33.844573,151.150926,True,11,normal
14 College Street Drummoyne,Drummoyne,1624.2,-33.854589,151.156346,True,8,normal
14 Day Street Drummoyne,Drummoyne,353.7,-33.854313,151.15905,False,5,small
14 Dening Street Drummoyne,Drummoyne,691.6,-33.853606,151.14891,False,5,normal
14 Edwin Street Drummoyne,Drummoyne,315.9,-33.853096,151.154898,False,5,small
14 Formosa Street Drummoyne,Drummoyne,226.5,-33.857171,151.159846,False,5,small
14 Gears Avenue Drummoyne,Drummoyne,460.0,-33.855139,151.145371,False,5,normal
14 Gipps Street Drummoyne,Drummoyne,431.3,-33.859105,151.151038,False,5,small
14 Lyons Road Drummoyne,Drummoyne,809.2,-33.849604,151.156367,False,5,normal
14 Market Street Drummoyne,Drummoyne,603.1,-33.858285,151.153352,False,5,normal
14 Moore Street Drummoyne,Drummoyne,774.5,-33.853857,151.147682,False,5,normal
14 Park Avenue Drummoyne,Drummoyne,412.0,-33.855384,151.160262,False,5,small
14 Polding Street Drummoyne,Drummoyne,677.2,-33.854731,151.151657,True,9,normal
14 Thompson Street Drummoyne,Drummoyne,284.6,-33.858267,151.154681,False,5,small
14 Tranmere Street Drummoyne,Drummoyne,2232.0,-33.85525,151.154967,True,8,large
140 Victoria Road Drummoyne,Drummoyne,310.0,-33.852676,151.156495,False,5,small
141-145 Victoria Road Drummoyne,Drummoyne,630.3,-33.852901,151.155934,True,6,normal
142 Lyons Road Drummoyne,Drummoyne,680.0,-33.855108,151.147716,True,9,normal
143 Lyons Road Drummoyne,Drummoyne,601.5,-33.855224,151.148622,True,7,normal
143 Thompson Street Drummoyne,Drummoyne,682.9,-33.852871,151.148759,False,5,normal
144 Lyons Road Drummoyne,Drummoyne,542.2,-33.85524,151.147693,True,6,normal
144 Victoria Road Drummoyne,Drummoyne,400.0,-33.852553,151.156379,False,5,small
145 Thompson Street Drummoyne,Drummoyne,360.1,-33.852802,151.148694,False,5,small
146 Victoria Road Drummoyne,Drummoyne,377.1,-33.852491,151.156322,False,5,small
147 Thompson Street Drummoyne,Drummoyne,350.1,-33.852758,151.148653,False,5,small
147 Victoria Road Drummoyne,Drummoyne,562.4,-33.852841,151.155784,True,7,normal
148 Victoria Road Drummoyne,Drummoyne,466.4,-33.852351,151.156174,True,7,normal
15 Alexandra Street Drummoyne,Drummoyne,1066.1,-33.853353,151.158946,False,5,normal
15 Burnell Street Drummoyne,Drummoyne,1190.9,-33.861212,151.149761,False,5,normal
15 College Street Drummoyne,Drummoyne,872.9,-33.855359,151.155936,False,5,normal
15 Cometrowe Street Drummoyne,Drummoyne,674.4,-33.852845,151.150075,False,5,normal
15 Day Street Drummoyne,Drummoyne,417.7,-33.854282,151.160106,False,5,small
15 Edwin Street Drummoyne,Drummoyne,352.6,-33.853451,151.155131,False,5,small
15 Gears Avenue Drummoyne,Drummoyne,620.4,-33.855502,151.145086,True,7,normal
15 Lyons Road Drummoyne,Drummoyne,616.8,-33.851462,151.154484,False,5,normal
15 Plunkett Street Drummoyne,Drummoyne,631.2,-33.857419,151.150576,False,5,normal
15 Polding Street Drummoyne,Drummoyne,679.1,-33.855941,151.150868,False,5,normal
15 Renwick Street Drummoyne,Drummoyne,403.0,-33.854004,151.158161,False,5,small
15 Riverside Mews Drummoyne,Drummoyne,344.4,-33.846921,151.151177,True,8,small
15 St Georges Crescent Drummoyne,Drummoyne,1275.2,-33.85329,151.160639,True,6,normal
15 The Esplanade Drummoyne,Drummoyne,804.8,-33.846104,151.149523,True,7,normal
15 Thompson Street Drummoyne,Drummoyne,655.6,-33.858384,151.153989,False,5,normal
15 Tranmere Street Drummoyne,Drummoyne,674.6,-33.856813,151.155115,False,5,normal
15 Victoria Road Drummoyne,Drummoyne,250.3,-33.85714,151.159733,False,5,small
15 Wrights Road Drummoyne,Drummoyne,462.3,-33.847117,151.15237,False,5,normal
150 Lyons Road Drummoyne,Drummoyne,601.6,-33.855379,151.147498,True,7,normal
150 Victoria Road Drummoyne,Drummoyne,1605.3,-33.852141,151.156076,True,10,normal
151 Lyons Road Drummoyne,Drummoyne,615.8,-33.855524,151.148266,False,5,normal
151 Thompson Street Drummoyne,Drummoyne,683.6,-33.852547,151.148403,True,6,normal
151 Victoria Road Drummoyne,Drummoyne,360.1,-33.852648,151.155598,True,9,small
152 Lyons Road Drummoyne,Drummoyne,348.9,-33.855443,151.147415,True,8,small
153 Thompson Street Drummoyne,Drummoyne,710.1,-33.85244,151.148356,False,5,normal
155 Victoria Road Drummoyne,Drummoyne,203.3,-33.852532,151.155625,False,5,small
155A Victoria Road Drummoyne,Drummoyne,207.4,-33.852504,151.155565,True,6,small
156 Lyons Road Drummoyne,Drummoyne,775.9,-33.855656,151.147136,True,8,normal
157 Lyons Road Drummoyne,Drummoyne,573.9,-33.855741,151.147719,False,5,normal
157 Thompson Street Drummoyne,Drummoyne,697.0,-33.852269,151.148193,False,5,normal
157A Victoria Road Drummoyne,Drummoyne,227.8,-33.852449,151.155546,False,5,small
159 Thompson Street Drummoyne,Drummoyne,675.6,-33.852183,151.148112,False,5,normal
159 Victoria Road Drummoyne,Drummoyne,992.8,-33.852359,151.155404,True,7,normal
15A Renwick Street Drummoyne,Drummoyne,385.6,-33.85394,151.158101,False,5,small
15A-15B Cambridge Road Drummoyne,Drummoyne,653.8,-33.844525,151.150667,False,5,normal
16 Bayswater Street Drummoyne,Drummoyne,478.5,-33.851294,151.152197,False,5,normal
16 Day Street Drummoyne,Drummoyne,340.7,-33.854354,151.158987,False,5,small
16 Dening Street Drummoyne,Drummoyne,1379.4,-33.853475,151.148772,True,7,normal
16 Drummoyne Avenue Drummoyne,Drummoyne,4341.9,-33.842676,151.15176,True,11,large
16 Edwin Street Drummoyne,Drummoyne,380.1,-33.853133,151.154842,False,5,small
16 Henley Street Drummoyne,Drummoyne,709.9,-33.858171,151.152801,False,5,normal
16 Market Street Drummoyne,Drummoyne,586.7,-33.858301,151.153176,True,8,normal
16 Millar Street Drummoyne,Drummoyne,531.5,-33.859477,151.149891,False,5,normal
16 Plunkett Street Drummoyne,Drummoyne,865.5,-33.856492,151.150801,True,8,normal
16 Renwick Street Drummoyne,Drummoyne,533.3,-33.853624,151.158586,False,5,normal
16 The Esplanade Drummoyne,Drummoyne,800.6,-33.84619,151.149652,True,7,normal
16 Thornley Street Drummoyne,Drummoyne,381.7,-33.854443,151.160362,True,10,small
16 Ullathorne Street Drummoyne,Drummoyne,416.8,-33.857321,151.150924,True,7,small
16 Wrights Road Drummoyne,Drummoyne,1188.5,-33.848895,151.154293,True,8,normal
161 Thompson Street Drummoyne,Drummoyne,667.9,-33.8521,151.148033,False,5,normal
162 Lyons Road Drummoyne,Drummoyne,651.9,-33.855731,151.147013,True,7,normal
163 Thompson Street Drummoyne,Drummoyne,784.5,-33.852026,151.147909,True,6,normal
165 Lyons Road Drummoyne,Drummoyne,851.4,-33.855986,151.147453,True,9,normal
165 Thompson Street Drummoyne,Drummoyne,702.2,-33.851917,151.147861,False,5,normal
166 Lyons Road Drummoyne,Drummoyne,685.3,-33.855875,151.146815,True,7,normal
16A Plunkett Street Drummoyne,Drummoyne,620.7,-33.856533,151.150738,True,8,normal
16A Thompson Street Drummoyne,Drummoyne,570.7,-33.85818,151.154598,False,5,normal
17 Bowman Street Drummoyne,Drummoyne,548.5,-33.854222,151.151812,False,5,normal
17 Burnell Street Drummoyne,Drummoyne,1234.1,-33.861346,151.149716,True,7,normal
17 College Street Drummoyne,Drummoyne,897.3,-33.85522,151.155961,False,5,normal
17 Dening Street Drummoyne,Drummoyne,806.9,-33.853436,151.147906,False,5,normal
17 Drummoyne Avenue Drummoyne,Drummoyne,758.0,-33.843784,151.150919,False,5,normal
17 Edwin Street Drummoyne,Drummoyne,345.6,-33.853489,151.155074,False,5,small
17 Formosa Street Drummoyne,Drummoyne,302.5,-33.854691,151.156773,True,6,small
17 Gears Avenue Drummoyne,Drummoyne,472.4,-33.855391,151.145008,True,6,normal
17 Lyons Road Drummoyne,Drummoyne,616.8,-33.851462,151.154484,False,5,normal
17 Moore Street Drummoyne,Drummoyne,746.1,-33.854228,151.147099,True,6,normal
17 Polding Street Drummoyne,Drummoyne,751.3,-33.855995,151.150785,False,5,normal
17 Renwick Street Drummoyne,Drummoyne,427.2,-33.853875,151.15804,False,5,small
17 Riverside Mews Drummoyne,Drummoyne,350.6,-33.846807,151.151026,True,6,small
17 South Street Drummoyne,Drummoyne,239.1,-33.854469,151.151985,False,5,small
17 Tavistock Street Drummoyne,Drummoyne,571.6,-33.849836,151.152569,False,5,normal
17 The Parade Drummoyne,Drummoyne,468.5,-33.853579,151.144804,True,6,normal
17 Therry Street Drummoyne,Drummoyne,417.7,-33.857246,151.154224,False,5,small
17 Thompson Street Drummoyne,Drummoyne,648.8,-33.858298,151.153908,False,5,normal
17 Tranmere Street Drummoyne,Drummoyne,690.5,-33.85674,151.155048,False,5,normal
17 Wrights Road Drummoyne,Drummoyne,427.2,-33.846925,151.152276,False,5,small
171 Thompson Street Drummoyne,Drummoyne,706.8,-33.851664,151.147622,False,5,normal
171 Victoria Road Drummoyne,Drummoyne,285.4,-33.852081,151.155156,True,8,small
173 Thompson Street Drummoyne,Drummoyne,671.8,-33.851605,151.147512,True,6,normal
174 Victoria Road Drummoyne,Drummoyne,278.8,-33.85163,151.155511,False,5,small
175 Thompson Street Drummoyne,Drummoyne,700.2,-33.851519,151.147431,True,6,normal
177 Lyons Road Drummoyne,Drummoyne,601.4,-33.856425,151.146874,True,10,normal
177 Thompson Street Drummoyne,Drummoyne,681.1,-33.85147,151.147294,True,6,normal
177-179 Victoria Road Drummoyne,Drummoyne,318.6,-33.851939,151.155068,False,5,small
178 Victoria Road Drummoyne,Drummoyne,270.6,-33.851532,151.155448,True,6,small
179 Lyons Road Drummoyne,Drummoyne,459.0,-33.856613,151.146785,True,8,normal
179 Thompson Street Drummoyne,Drummoyne,706.0,-33.851347,151.147268,True,6,normal
17A Renwick Street Drummoyne,Drummoyne,388.7,-33.853809,151.157977,False,5,small
18 Burnell Street Drummoyne,Drummoyne,698.1,-33.860678,151.149253,False,5,normal
18 Clements Street Drummoyne,Drummoyne,774.2,-33.860292,151.148808,False,5,normal
18 Edwin Street Drummoyne,Drummoyne,347.4,-33.853173,151.154781,False,5,small
18 Formosa Street Drummoyne,Drummoyne,574.6,-33.856933,151.159675,True,6,normal
18 Gears Avenue Drummoyne,Drummoyne,463.6,-33.854962,151.145205,False,5,normal
18 Gipps Street Drummoyne,Drummoyne,420.7,-33.858796,151.150661,False,5,small
18 Henley Street Drummoyne,Drummoyne,925.1,-33.858074,151.15271,False,5,normal
18 Millar Street Drummoyne,Drummoyne,880.2,-33.859306,151.149901,True,9,normal
18 Park Avenue Drummoyne,Drummoyne,211.6,-33.855465,151.160138,False,5,small
18 Plunkett Street Drummoyne,Drummoyne,388.8,-33.856625,151.150696,True,7,small
18 Polding Street Drummoyne,Drummoyne,581.7,-33.85525,151.150847,True,8,normal
18 Renwick Street Drummoyne,Drummoyne,582.4,-33.85356,151.158523,False,5,normal
18 The Esplanade Drummoyne,Drummoyne,883.0,-33.846468,151.149759,True,12,normal
18 Therry Street Drummoyne,Drummoyne,450.0,-33.856919,151.153839,False,5,normal
18 Thornley Street Drummoyne,Drummoyne,391.2,-33.854475,151.160284,True,9,small
18 Victoria Road Drummoyne,Drummoyne,514.7,-33.856514,151.160052,True,10,normal
18 Westbourne Street Drummoyne,Drummoyne,383.3,-33.847942,151.150485,True,27,small
18 Wrights Road Drummoyne,Drummoyne,353.0,-33.848935,151.154089,False,5,small
180 Victoria Road Drummoyne,Drummoyne,280.2,-33.851499,151.155389,False,5,small
181 Lyons Road Drummoyne,Drummoyne,412.3,-33.856661,151.146759,True,7,small
181 Thompson Street Drummoyne,Drummoyne,700.1,-33.851261,151.147186,True,6,normal
182 Victoria Road Drummoyne,Drummoyne,391.1,-33.851449,151.155341,False,5,small
183 Thompson Street Drummoyne,Drummoyne,740.5,-33.851165,151.147096,True,7,normal
18A Drummoyne Avenue Drummoyne,Drummoyne,965.7,-33.842932,151.151038,True,9,normal
18A Gipps Street Drummoyne,Drummoyne,794.0,-33.858695,151.150492,False,5,normal
19 Burnell Street Drummoyne,Drummoyne,1259.4,-33.86142,151.149616,True,7,normal
19 Cometrowe Street Drummoyne,Drummoyne,662.3,-33.852672,151.149914,False,5,normal
19 Day Street Drummoyne,Drummoyne,494.7,-33.85437,151.159983,False,5,normal
19 Drummoyne Avenue Drummoyne,Drummoyne,570.3,-33.843848,151.150808,False,5,normal
19 Edwin Street Drummoyne,Drummoyne,327.1,-33.853533,151.155008,False,5,small
19 Formosa Street Drummoyne,Drummoyne,312.7,-33.854626,151.156752,False,5,small
19 Gipps Street Drummoyne,Drummoyne,681.6,-33.858998,151.150148,False,5,normal
19 Marlborough Street Drummoyne,Drummoyne,527.1,-33.850521,151.1521,True,6,normal
19 Moore Street Drummoyne,Drummoyne,385.9,-33.854126,151.147079,True,7,small
19 Riverside Mews Drummoyne,Drummoyne,337.5,-33.846903,151.150772,True,37,small
19 St Georges Crescent Drummoyne,Drummoyne,398.3,-33.853015,151.160406,False,5,small
19 Tavistock Street Drummoyne,Drummoyne,721.0,-33.849897,151.152476,False,5,normal
19 The Esplanade Drummoyne,Drummoyne,1191.9,-33.847151,151.149884,True,13,normal
19 Tranmere Street Drummoyne,Drummoyne,794.9,-33.856661,151.154975,False,5,normal
19-23 Lyons Road Drummoyne,Drummoyne,818.2,-33.851535,151.154372,False,5,normal
190 Lyons Road Drummoyne,Drummoyne,238.2,-33.856432,151.146016,False,5,small
190 Victoria Road Drummoyne,Drummoyne,289.0,-33.851204,151.155141,True,7,small
190A Victoria Road Drummoyne,Drummoyne,289.0,-33.851204,151.155141,True,7,small
191 Victoria Road Drummoyne,Drummoyne,568.5,-33.851621,151.154733,True,7,normal
192 Lyons Road Drummoyne,Drummoyne,259.0,-33.856462,151.145969,False,5,small
193 Victoria Road Drummoyne,Drummoyne,551.7,-33.851573,151.15464,True,9,normal
194 Lyons Road Drummoyne,Drummoyne,271.1,-33.856469,151.145877,True,7,small
19A Renwick Street Drummoyne,Drummoyne,340.6,-33.85367,151.157847,False,5,small
1A Bowman Street Drummoyne,Drummoyne,848.8,-33.853,151.153639,True,7,normal
1A Henley Street Drummoyne,Drummoyne,304.1,-33.857849,151.151841,True,7,small
1A Napier Street Drummoyne,Drummoyne,565.8,-33.849073,151.156685,True,6,normal
1A Polding Street Drummoyne,Drummoyne,486.4,-33.854553,151.152594,False,5,normal
1A Raymond Avenue Drummoyne,Drummoyne,688.3,-33.845639,151.147155,True,11,normal
1A Richards Avenue Drummoyne,Drummoyne,423.4,-33.858944,151.148861,True,9,small
1A Therry Street Drummoyne,Drummoyne,602.3,-33.855749,151.15609,True,11,normal
1A Ullathorne Street Drummoyne,Drummoyne,536.6,-33.858234,151.151261,False,5,normal
1B Queen Victoria Street Drummoyne,Drummoyne,546.5,-33.85097,151.159561,True,6,normal
1B Raymond Avenue Drummoyne,Drummoyne,688.3,-33.845639,151.147155,True,11,normal
1R Cambridge Road Drummoyne,Drummoyne,2773.2,-33.845602,151.150568,True,11,large
2 Bowman Street Drummoyne,Drummoyne,563.3,-33.851983,151.154413,True,7,normal
2 Bradley Street Drummoyne,Drummoyne,907.7,-33.854098,151.145264,True,9,normal
2 Bray Street Drummoyne,Drummoyne,704.4,-33.852029,151.149119,True,6,normal
2 Clements Street Drummoyne,Drummoyne,664.3,-33.859731,151.149667,True,7,normal
2 Collingwood Street Drummoyne,Drummoyne,652.8,-33.849619,151.155855,True,9,normal
2 Cometrowe Street Drummoyne,Drummoyne,410.6,-33.852977,151.150938,True,8,small
2 Day Street Drummoyne,Drummoyne,637.5,-33.853494,151.160333,False,5,normal
2 Dempsey Place Drummoyne,Drummoyne,420.2,-33.852663,151.151146,True,6,small
2 Drummoyne Avenue Drummoyne,Drummoyne,2046.4,-33.842525,151.153761,True,15,large
2 Duncan Street Drummoyne,Drummoyne,832.1,-33.858034,151.155313,False,5,normal
2 Edwin Street Drummoyne,Drummoyne,335.5,-33.852872,151.155245,True,6,small
2 Gipps Street Drummoyne,Drummoyne,869.2,-33.859597,151.151499,False,5,normal
2 Henley Street Drummoyne,Drummoyne,717.5,-33.858771,151.153187,False,5,normal
2 Market Street Drummoyne,Drummoyne,573.3,-33.857323,151.154704,True,6,normal
2 Millar Street Drummoyne,Drummoyne,806.0,-33.860163,151.150592,True,6,normal
2 Napier Street Drummoyne,Drummoyne,647.2,-33.848422,151.155424,False,5,normal
2 Plunkett Street Drummoyne,Drummoyne,233.8,-33.856082,151.151585,True,7,small
2 Polding Street Drummoyne,Drummoyne,571.0,-33.854339,151.152494,True,6,normal
2 Queen Victoria Street Drummoyne,Drummoyne,756.6,-33.851093,151.158413,True,8,normal
2 Rawson Avenue Drummoyne,Drummoyne,1080.6,-33.855057,151.153029,True,7,normal
2 Renwick Street Drummoyne,Drummoyne,559.1,-33.854093,151.159016,True,10,normal
2 Roseby Street Drummoyne,Drummoyne,2553.4,-33.854887,151.162188,True,14,large
2 Seymour Street Drummoyne,Drummoyne,1140.6,-33.848578,151.153297,True,7,normal
2 Sisters Crescent Drummoyne,Drummoyne,770.9,-33.856067,151.158189,False,5,normal
2 The Esplanade Drummoyne,Drummoyne,780.6,-33.845526,151.147474,True,6,normal
2 Thompson Street Drummoyne,Drummoyne,1180.1,-33.859215,151.155478,True,7,normal
2 Thornley Street Drummoyne,Drummoyne,412.6,-33.854469,151.160889,True,6,small
2-10 Seymour Street Drummoyne,Drummoyne,1140.6,-33.848578,151.153297,True,7,normal
20 Bowman Street Drummoyne,Drummoyne,574.4,-33.852774,151.153107,True,7,normal
20 Byrne Avenue Drummoyne,Drummoyne,462.3,-33.855825,151.145061,False,5,normal
20 College Street Drummoyne,Drummoyne,733.5,-33.854341,151.156027,False,5,normal
20 Day Street Drummoyne,Drummoyne,200.2,-33.854622,151.158628,True,6,small
20 Dening Street Drummoyne,Drummoyne,705.5,-33.853347,151.148668,False,5,normal
20 Gears Avenue Drummoyne,Drummoyne,476.0,-33.854873,151.145121,False,5,normal
20 Gipps Street Drummoyne,Drummoyne,784.2,-33.858554,151.150359,False,5,normal
20 Lyons Road Drummoyne,Drummoyne,791.0,-33.849776,151.155993,True,7,normal
20 Market Street Drummoyne,Drummoyne,543.4,-33.85909,151.151996,False,5,normal
20 Millar Street Drummoyne,Drummoyne,801.3,-33.859262,151.149691,False,5,normal
20 Moore Street Drummoyne,Drummoyne,770.2,-33.853425,151.147278,False,5,normal
20 Park Avenue Drummoyne,Drummoyne,213.1,-33.855492,151.160097,False,5,small
20 Plunkett Street Drummoyne,Drummoyne,573.5,-33.856637,151.150627,True,10,normal
20 Polding Street Drummoyne,Drummoyne,365.8,-33.855342,151.150797,False,5,small
20 Renwick Street Drummoyne,Drummoyne,536.5,-33.853539,151.158389,False,5,normal
20 St Georges Crescent Drummoyne,Drummoyne,1114.0,-33.85303,151.161612,True,8,normal
20 The Esplanade Drummoyne,Drummoyne,834.3,-33.847381,151.149834,True,7,normal
20 Therry Street Drummoyne,Drummoyne,407.8,-33.856929,151.153752,True,6,small
20 Thompson Street Drummoyne,Drummoyne,621.3,-33.85808,151.154394,False,5,normal
20 Westbourne Street Drummoyne,Drummoyne,411.7,-33.848022,151.150384,True,31,small
20 Wrights Road Drummoyne,Drummoyne,352.9,-33.848838,151.154096,True,7,small
20-24 Tranmere Street Drummoyne,Drummoyne,3468.6,-33.854907,151.15465,True,8,large
200 Lyons Road Drummoyne,Drummoyne,221.3,-33.856596,151.14577,True,7,small
201 Lyons Road Drummoyne,Drummoyne,951.6,-33.857384,151.145594,True,6,normal
202 Lyons Road Drummoyne,Drummoyne,244.1,-33.856626,151.145709,True,8,small
202 Victoria Road Drummoyne,Drummoyne,654.2,-33.850766,151.154625,True,9,normal
202A Lyons Road Drummoyne,Drummoyne,244.1,-33.856626,151.145709,True,8,small
21 Formosa Street Drummoyne,Drummoyne,298.0,-33.854574,151.156703,False,5,small
21 Marlborough Street Drummoyne,Drummoyne,579.1,-33.85044,151.152107,False,5,normal
21 Moore Street Drummoyne,Drummoyne,386.3,-33.854074,151.146948,True,7,small
21 Plunkett Street Drummoyne,Drummoyne,350.2,-33.85754,151.150392,False,5,small
21 St Georges Crescent Drummoyne,Drummoyne,467.3,-33.853,151.160328,True,6,normal
21 The Esplanade Drummoyne,Drummoyne,866.7,-33.847448,151.149744,True,6,normal
21 Thompson Street Drummoyne,Drummoyne,682.7,-33.858041,151.153644,False,5,normal
21 Westbourne Street Drummoyne,Drummoyne,435.9,-33.848853,151.150324,True,6,small
219 Victoria Road Drummoyne,Drummoyne,242.0,-33.850767,151.153803,True,6,small
22 Clements Street Drummoyne,Drummoyne,678.2,-33.860457,151.148602,True,6,normal
22 College Street Drummoyne,Drummoyne,609.3,-33.85425,151.155942,False,5,normal
22 Day Street Drummoyne,Drummoyne,201.1,-33.854661,151.158568,True,6,small
22 Dening Street Drummoyne,Drummoyne,668.9,-33.853261,151.148587,False,5,normal
22 Henley Street Drummoyne,Drummoyne,379.3,-33.857579,151.152248,False,5,small
22 Market Street Drummoyne,Drummoyne,544.1,-33.859146,151.151911,False,5,normal
22 Park Avenue Drummoyne,Drummoyne,202.7,-33.855496,151.160038,True,6,small
22 Thornley Street Drummoyne,Drummoyne,239.8,-33.854699,151.159885,False,5,small
22 Westbourne Street Drummoyne,Drummoyne,555.3,-33.847978,151.150212,True,12,normal
22 Wrights Road Drummoyne,Drummoyne,771.0,-33.848373,151.153864,False,5,normal
221 Victoria Road Drummoyne,Drummoyne,234.3,-33.850733,151.153782,True,6,small
222 Victoria Road Drummoyne,Drummoyne,305.5,-33.850305,151.154244,True,6,small
224 Victoria Road Drummoyne,Drummoyne,388.6,-33.850275,151.154079,True,6,small
225 Victoria Road Drummoyne,Drummoyne,375.8,-33.850763,151.153695,True,15,small
23 Cometrowe Street Drummoyne,Drummoyne,308.9,-33.852564,151.149812,False,5,small
23 Gipps Street Drummoyne,Drummoyne,775.4,-33.858812,151.149973,False,5,normal
23 Marlborough Street Drummoyne,Drummoyne,578.6,-33.850422,151.151986,True,8,normal
23 Moore Street Drummoyne,Drummoyne,761.0,-33.853977,151.146863,True,6,normal
23 Plunkett Street Drummoyne,Drummoyne,297.9,-33.857575,151.150339,False,5,small
23 Renwick Street Drummoyne,Drummoyne,407.5,-33.853582,151.157682,False,5,small
23 Tavistock Street Drummoyne,Drummoyne,458.7,-33.850107,151.152074,False,5,normal
23 The Esplanade Drummoyne,Drummoyne,884.4,-33.847657,151.14952,False,5,normal
23 Thompson Street Drummoyne,Drummoyne,700.4,-33.857956,151.153565,False,5,normal
23 Thornley Street Drummoyne,Drummoyne,818.3,-33.855184,151.160022,True,7,normal
23 Tranmere Street Drummoyne,Drummoyne,1003.5,-33.8564,151.154625,True,7,normal
23 Westbourne Street Drummoyne,Drummoyne,456.6,-33.848866,151.150248,False,5,normal
24 Byrne Avenue Drummoyne,Drummoyne,324.6,-33.855671,151.144944,True,6,small
24 College Street Drummoyne,Drummoyne,621.5,-33.854134,151.15587,True,6,normal
24 Edwin Street Drummoyne,Drummoyne,362.8,-33.853631,151.154076,False,5,small
24 Gipps Street Drummoyne,Drummoyne,605.1,-33.858174,151.150154,False,5,normal
24 Henley Street Drummoyne,Drummoyne,402.7,-33.857532,151.152203,False,5,small
24 Lyons Road Drummoyne,Drummoyne,1029.6,-33.850054,151.155675,False,5,normal
24 Therry Street Drummoyne,Drummoyne,451.8,-33.857031,151.153615,True,8,normal
24 Thornley Street Drummoyne,Drummoyne,260.4,-33.85473,151.159838,False,5,small
24 Victoria Road Drummoyne,Drummoyne,220.7,-33.856313,151.159908,False,5,small
243 Victoria Road Drummoyne,Drummoyne,772.4,-33.849943,151.153202,True,6,normal
245 Victoria Road Drummoyne,Drummoyne,694.8,-33.849848,151.153141,True,6,normal
247 Victoria Road Drummoyne,Drummoyne,700.0,-33.84972,151.153069,True,12,normal
248 Victoria Road Drummoyne,Drummoyne,596.8,-33.849402,151.153651,True,6,normal
25 College Street Drummoyne,Drummoyne,1815.8,-33.854587,151.155297,True,7,normal
25 Dening Street Drummoyne,Drummoyne,801.7,-33.853091,151.147582,False,5,normal
25 Drummoyne Avenue Drummoyne,Drummoyne,976.3,-33.844062,151.150447,False,5,normal
25 Edwin Street Drummoyne,Drummoyne,696.7,-33.85405,151.154221,False,5,normal
25 Formosa Street Drummoyne,Drummoyne,298.4,-33.854507,151.15656,False,5,small
25 Lyons Road Drummoyne,Drummoyne,644.1,-33.851657,151.154133,True,6,normal
25 Renwick Street Drummoyne,Drummoyne,258.0,-33.853492,151.157681,False,5,small
25 Tavistock Street Drummoyne,Drummoyne,423.3,-33.850149,151.152009,False,5,small
25 The Esplanade Drummoyne,Drummoyne,935.5,-33.847911,151.149325,True,6,normal
25 The Parade Drummoyne,Drummoyne,634.5,-33.85399,151.144486,True,11,normal
25 Therry Street Drummoyne,Drummoyne,593.8,-33.857875,151.153117,True,9,normal
25 Thompson Street Drummoyne,Drummoyne,732.7,-33.857848,151.153501,True,7,normal
25 Westbourne Street Drummoyne,Drummoyne,454.2,-33.848903,151.150192,False,5,normal
259-261 Victoria Road Drummoyne,Drummoyne,2001.5,-33.848446,151.152194,True,7,large
26 College Street Drummoyne,Drummoyne,605.6,-33.854086,151.155791,False,5,normal
26 Edwin Street Drummoyne,Drummoyne,322.3,-33.853676,151.154009,False,5,small
26 Formosa Street Drummoyne,Drummoyne,454.1,-33.85675,151.159495,True,9,normal
26 Gears Avenue Drummoyne,Drummoyne,557.5,-33.854454,151.144658,False,5,normal
26 Henley Street Drummoyne,Drummoyne,372.3,-33.857484,151.152158,False,5,small
26 Plunkett Street Drummoyne,Drummoyne,352.2,-33.856756,151.150494,False,5,small
26 Renwick Street Drummoyne,Drummoyne,512.8,-33.853303,151.158271,False,5,normal
26 Tavistock Street Drummoyne,Drummoyne,1005.1,-33.850228,151.150976,False,5,normal
26 Therry Street Drummoyne,Drummoyne,976.1,-33.85751,151.152799,True,9,normal
26 Thompson Street Drummoyne,Drummoyne,544.9,-33.857768,151.154151,True,7,normal
26 Thornley Street Drummoyne,Drummoyne,265.6,-33.854764,151.159786,False,5,small
26 Victoria Road Drummoyne,Drummoyne,217.4,-33.856277,151.159873,False,5,small
26 Wrights Road Drummoyne,Drummoyne,1005.6,-33.847987,151.153693,False,5,normal
26A Marlborough Street Drummoyne,Drummoyne,538.7,-33.84953,151.152169,True,7,normal
26D Marlborough Street Drummoyne,Drummoyne,446.0,-33.849306,151.152051,False,5,small
27 Lyons Road Drummoyne,Drummoyne,644.1,-33.851657,151.154133,True,6,normal
27 Moore Street Drummoyne,Drummoyne,419.5,-33.853793,151.146719,True,8,small
27 Plunkett Street Drummoyne,Drummoyne,712.3,-33.857743,151.150187,True,8,normal
27 Polding Street Drummoyne,Drummoyne,463.2,-33.856173,151.150455,True,10,normal
27 Tavistock Street Drummoyne,Drummoyne,465.6,-33.8502,151.151928,False,5,normal
27 The Esplanade Drummoyne,Drummoyne,825.4,-33.848039,151.149015,True,11,normal
27 Thompson Street Drummoyne,Drummoyne,715.2,-33.857795,151.153339,True,7,normal
27 Westbourne Street Drummoyne,Drummoyne,434.6,-33.848939,151.150137,False,5,small
276 Victoria Road Drummoyne,Drummoyne,1018.5,-33.847887,151.152823,False,5,normal
28 Bowman Street Drummoyne,Drummoyne,517.2,-33.853066,151.152711,True,9,normal
28 Byrne Avenue Drummoyne,Drummoyne,456.4,-33.855554,151.144834,True,6,normal
28 College Street Drummoyne,Drummoyne,644.8,-33.853985,151.155723,True,6,normal
28 Day Street Drummoyne,Drummoyne,595.6,-33.855248,151.157428,True,9,normal
28 Dening Street Drummoyne,Drummoyne,698.1,-33.853008,151.148297,True,6,normal
28 Edwin Street Drummoyne,Drummoyne,336.4,-33.853711,151.153955,False,5,small
28 Gipps Street Drummoyne,Drummoyne,569.0,-33.857994,151.150018,True,6,normal
28 Lyons Road Drummoyne,Drummoyne,513.2,-33.850174,151.155492,False,5,normal
28 Market Street Drummoyne,Drummoyne,542.3,-33.859313,151.151654,False,5,normal
28 Renwick Street Drummoyne,Drummoyne,524.9,-33.85324,151.158209,False,5,normal
28 The Esplanade Drummoyne,Drummoyne,770.5,-33.848181,151.148933,True,12,normal
28 Therry Street Drummoyne,Drummoyne,392.0,-33.857603,151.152679,True,7,small
28 Westbourne Street Drummoyne,Drummoyne,402.1,-33.84832,151.149977,False,5,small
282 Victoria Road Drummoyne,Drummoyne,526.9,-33.847612,151.152657,False,5,normal
283 Victoria Place Drummoyne,Drummoyne,2276.2,-33.846249,151.150547,True,7,large
285 Victoria Place Drummoyne,Drummoyne,740.3,-33.846133,151.150341,True,6,normal
286 Victoria Road Drummoyne,Drummoyne,510.5,-33.847549,151.15262,False,5,normal
287 Victoria Place Drummoyne,Drummoyne,2807.8,-33.846065,151.1501,True,11,large
288 Victoria Road Drummoyne,Drummoyne,537.5,-33.84748,151.152572,True,6,normal
28A Janet Street Drummoyne,Drummoyne,398.2,-33.859077,151.147383,True,9,small
28B Janet Street Drummoyne,Drummoyne,404.2,-33.858955,151.147535,True,10,small
28P St Georges Crescent Drummoyne,Drummoyne,1073.3,-33.85253,151.160995,True,8,normal
29 Bowman Street Drummoyne,Drummoyne,374.9,-33.855266,151.15022,True,6,small
29 Day Street Drummoyne,Drummoyne,280.0,-33.854621,151.159473,True,6,small
29 Dening Street Drummoyne,Drummoyne,796.4,-33.852711,151.147161,True,6,normal
29 Edwin Street Drummoyne,Drummoyne,734.9,-33.854206,151.153967,True,6,normal
29 Gears Avenue Drummoyne,Drummoyne,471.9,-33.854877,151.144521,True,6,normal
29 Marlborough Street Drummoyne,Drummoyne,993.2,-33.84965,151.151549,True,6,normal
29 Renwick Street Drummoyne,Drummoyne,250.4,-33.853411,151.157587,True,7,small
29 St Georges Crescent Drummoyne,Drummoyne,1359.9,-33.852609,151.159991,True,6,normal
29 Tavistock Street Drummoyne,Drummoyne,475.5,-33.850256,151.15184,False,5,normal
290 Victoria Road Drummoyne,Drummoyne,477.0,-33.847451,151.152402,False,5,normal
297 Victoria Place Drummoyne,Drummoyne,1339.1,-33.845812,151.149632,True,7,normal
299 Victoria Place Drummoyne,Drummoyne,1130.5,-33.845647,151.149529,False,5,normal
2A Market Street Drummoyne,Drummoyne,721.3,-33.857371,151.154585,True,7,normal
2A Tranmere Street Drummoyne,Drummoyne,671.9,-33.856245,151.155277,True,6,normal
2A Wolseley Street Drummoyne,Drummoyne,1920.8,-33.845735,151.156413,True,8,normal
3 Alexandra Street Drummoyne,Drummoyne,2080.5,-33.85377,151.159543,True,6,large
3 Arcadia Avenue Drummoyne,Drummoyne,627.7,-33.854491,151.161145,True,6,normal
3 College Street Drummoyne,Drummoyne,394.9,-33.855624,151.156416,False,5,small
3 Day Street Drummoyne,Drummoyne,1389.4,-33.853959,151.1607,True,6,normal
3 Dening Street Drummoyne,Drummoyne,799.6,-33.854125,151.148553,False,5,normal
3 Edwin Street Drummoyne,Drummoyne,328.3,-33.853228,151.155471,False,5,small
3 Henley Street Drummoyne,Drummoyne,430.8,-33.857364,151.151314,False,5,small
3 Hinkler Court Drummoyne,Drummoyne,608.7,-33.847685,151.150074,True,17,normal
3 Millar Street Drummoyne,Drummoyne,914.1,-33.859543,151.149259,False,5,normal
3 Napier Street Drummoyne,Drummoyne,732.0,-33.849127,151.156561,True,7,normal
3 Polding Street Drummoyne,Drummoyne,856.7,-33.854968,151.15233,False,5,normal
3 Queen Victoria Street Drummoyne,Drummoyne,1056.8,-33.851462,151.15908,True,7,normal
3 Renwick Street Drummoyne,Drummoyne,402.5,-33.854394,151.158527,False,5,small
3 Riverside Mews Drummoyne,Drummoyne,436.7,-33.846963,151.150494,True,7,small
3 Seymour Street Drummoyne,Drummoyne,404.3,-33.848716,151.154012,False,5,small
3 The Esplanade Drummoyne,Drummoyne,807.6,-33.845538,151.147641,True,7,normal
3 Therry Street Drummoyne,Drummoyne,551.6,-33.856039,151.155672,True,6,normal
3 Tranmere Street Drummoyne,Drummoyne,1238.2,-33.857455,151.155389,False,5,normal
3 Wolseley Street Drummoyne,Drummoyne,1026.9,-33.846534,151.155562,True,6,normal
3 Wrights Road Drummoyne,Drummoyne,549.9,-33.850175,151.15434,False,5,normal
30 College Street Drummoyne,Drummoyne,455.5,-33.853922,151.155641,True,6,normal
30 Day Street Drummoyne,Drummoyne,482.9,-33.855312,151.157397,True,9,normal
30 Dening Street Drummoyne,Drummoyne,682.0,-33.85283,151.148185,False,5,normal
30 Drummoyne Avenue Drummoyne,Drummoyne,2299.0,-33.843343,151.150023,True,9,large
30 Edwin Street Drummoyne,Drummoyne,348.5,-33.853748,151.153899,False,5,small
30 Formosa Street Drummoyne,Drummoyne,494.6,-33.856639,151.159346,True,6,normal
30 Gipps Street Drummoyne,Drummoyne,591.6,-33.857936,151.149931,False,5,normal
30 Lyons Road Drummoyne,Drummoyne,761.6,-33.850217,151.155428,False,5,normal
30 Millar Street Drummoyne,Drummoyne,749.2,-33.858697,151.149308,True,6,normal
30 Moore Street Drummoyne,Drummoyne,412.3,-33.852959,151.146804,True,7,small
30 Park Avenue Drummoyne,Drummoyne,244.5,-33.855644,151.159814,True,6,small
30 Plunkett Street Drummoyne,Drummoyne,396.4,-33.856787,151.150395,True,8,small
30 Thompson Street Drummoyne,Drummoyne,523.3,-33.857613,151.154041,False,5,normal
30 Thornley Street Drummoyne,Drummoyne,285.5,-33.854833,151.159682,False,5,small
307 Victoria Place Drummoyne,Drummoyne,1430.9,-33.845422,151.149226,True,6,normal
30A Janet Street Drummoyne,Drummoyne,393.6,-33.858984,151.147338,True,10,small
30B Janet Street Drummoyne,Drummoyne,395.1,-33.858903,151.147476,True,9,small
31 Bowman Street Drummoyne,Drummoyne,367.1,-33.855314,151.150185,True,7,small
31 College Street Drummoyne,Drummoyne,2267.9,-33.854303,151.15499,False,5,large
31 Day Street Drummoyne,Drummoyne,268.7,-33.85465,151.159429,True,6,small
31 Gears Avenue Drummoyne,Drummoyne,480.2,-33.854787,151.144437,True,6,normal
31 Gipps Street Drummoyne,Drummoyne,844.9,-33.858373,151.149476,True,6,normal
31 Lyons Road Drummoyne,Drummoyne,2126.1,-33.852021,151.153708,True,9,large
31 Renwick Street Drummoyne,Drummoyne,431.1,-33.853392,151.157507,True,10,small
31 St Georges Crescent Drummoyne,Drummoyne,1378.4,-33.85248,151.159892,True,6,normal
31 Tavistock Street Drummoyne,Drummoyne,440.5,-33.850346,151.151804,True,6,small
31 The Esplanade Drummoyne,Drummoyne,708.0,-33.85137,151.146177,True,8,normal
31 Therry Street Drummoyne,Drummoyne,539.9,-33.858767,151.151859,False,5,normal
31 Thompson Street Drummoyne,Drummoyne,683.9,-33.857495,151.153156,False,5,normal
31 Westbourne Street Drummoyne,Drummoyne,449.4,-33.849012,151.150025,False,5,small
31 Wrights Road Drummoyne,Drummoyne,499.5,-33.846252,151.151833,False,5,normal
312-314 Victoria Place Drummoyne,Drummoyne,2817.4,-33.844877,151.149823,True,16,large
313 Victoria Place Drummoyne,Drummoyne,1191.6,-33.845217,151.14871,True,7,normal
317 Victoria Place Drummoyne,Drummoyne,752.6,-33.845355,151.148422,True,9,normal
317A Victoria Place Drummoyne,Drummoyne,900.8,-33.845087,151.148516,True,10,normal
31A Wrights Road Drummoyne,Drummoyne,499.5,-33.846252,151.151833,False,5,normal
31B Wrights Road Drummoyne,Drummoyne,499.5,-33.846252,151.151833,False,5,normal
32 Alexandra Street Drummoyne,Drummoyne,619.0,-33.852185,151.158806,True,9,normal
32 Byrne Avenue Drummoyne,Drummoyne,449.4,-33.855413,151.144701,True,6,small
32 Day Street Drummoyne,Drummoyne,520.4,-33.855396,151.157357,True,7,normal
32 Edwin Street Drummoyne,Drummoyne,332.7,-33.853752,151.15383,True,6,small
32 Marlborough Street Drummoyne,Drummoyne,808.9,-33.848942,151.151923,True,7,normal
32 Moore Street Drummoyne,Drummoyne,361.6,-33.852928,151.146775,True,7,small
32 Polding Street Drummoyne,Drummoyne,795.0,-33.855714,151.150104,True,7,normal
32 Renwick Street Drummoyne,Drummoyne,503.5,-33.853114,151.158086,False,5,normal
32 The Esplanade Drummoyne,Drummoyne,696.0,-33.851493,151.146038,False,5,normal
32 Therry Street Drummoyne,Drummoyne,393.5,-33.857683,151.15258,True,8,small
32 Thornley Street Drummoyne,Drummoyne,265.0,-33.854868,151.159629,False,5,small
32 Victoria Road Drummoyne,Drummoyne,220.4,-33.856171,151.159771,False,5,small
32 Westbourne Street Drummoyne,Drummoyne,471.0,-33.848104,151.14973,True,8,normal
323 Victoria Place Drummoyne,Drummoyne,942.1,-33.84504,151.148044,True,9,normal
326 Victoria Place Drummoyne,Drummoyne,767.8,-33.844206,151.147787,True,19,normal
327 Victoria Place Drummoyne,Drummoyne,714.7,-33.845047,151.147771,True,8,normal
329 Victoria Place Drummoyne,Drummoyne,746.7,-33.845131,151.147667,True,10,normal
32A Janet Street Drummoyne,Drummoyne,368.5,-33.858921,151.14716,True,6,small
33 Alexandra Street Drummoyne,Drummoyne,561.9,-33.852573,151.158286,False,5,normal
33 Gears Avenue Drummoyne,Drummoyne,474.0,-33.854688,151.14438,False,5,normal
33 Gipps Street Drummoyne,Drummoyne,828.1,-33.858276,151.149385,True,6,normal
33 Moore Street Drummoyne,Drummoyne,746.8,-33.853622,151.146526,True,6,normal
33 Polding Street Drummoyne,Drummoyne,719.7,-33.856418,151.150194,True,6,normal
33 Renwick Street Drummoyne,Drummoyne,395.0,-33.85331,151.157437,True,7,small
33 St Georges Crescent Drummoyne,Drummoyne,659.2,-33.852355,151.159887,False,5,normal
33 Tavistock Street Drummoyne,Drummoyne,437.5,-33.850382,151.151725,False,5,small
33 The Esplanade Drummoyne,Drummoyne,700.4,-33.85158,151.145915,False,5,normal
33 Therry Street Drummoyne,Drummoyne,533.6,-33.858823,151.151774,False,5,normal
33 Thornley Street Drummoyne,Drummoyne,397.7,-33.855482,151.15962,True,6,small
33 Westbourne Street Drummoyne,Drummoyne,438.1,-33.849056,151.149959,False,5,small
33-35 Collingwood Street Drummoyne,Drummoyne,2097.7,-33.847276,151.153749,True,8,large
330 Victoria Place Drummoyne,Drummoyne,318.5,-33.844586,151.14796,True,7,small
331 Victoria Place Drummoyne,Drummoyne,473.6,-33.84523,151.147592,False,5,normal
334-336 Victoria Place Drummoyne,Drummoyne,1636.9,-33.844608,151.147587,True,11,normal
339-343 Victoria Place Drummoyne,Drummoyne,3999.2,-33.845694,151.146586,True,25,large
34 Bayswater Street Drummoyne,Drummoyne,486.8,-33.850667,151.151624,True,6,normal
34 Byrne Avenue Drummoyne,Drummoyne,678.0,-33.855357,151.144577,True,6,normal
34 Day Street Drummoyne,Drummoyne,651.3,-33.85543,151.157263,True,10,normal
34 Drummoyne Avenue Drummoyne,Drummoyne,678.9,-33.843628,151.149979,True,6,normal
34 Henley Street Drummoyne,Drummoyne,486.8,-33.857208,151.151847,False,5,normal
34 Millar Street Drummoyne,Drummoyne,741.7,-33.858509,151.149132,True,6,normal
34 Plunkett Street Drummoyne,Drummoyne,721.2,-33.856869,151.150233,True,6,normal
34 Renwick Street Drummoyne,Drummoyne,532.6,-33.85305,151.158023,False,5,normal
34 The Esplanade Drummoyne,Drummoyne,974.3,-33.851705,151.145842,True,6,normal
34 Westbourne Street Drummoyne,Drummoyne,462.9,-33.848112,151.149655,True,6,normal
34 Wrights Road Drummoyne,Drummoyne,536.0,-33.847499,151.153278,False,5,normal
340 Victoria Place Drummoyne,Drummoyne,647.8,-33.844462,151.147213,True,25,normal
347 Victoria Place Drummoyne,Drummoyne,2832.5,-33.845291,151.145753,True,9,large
35 Cometrowe Street Drummoyne,Drummoyne,654.8,-33.851869,151.149239,False,5,normal
35 Day Street Drummoyne,Drummoyne,233.4,-33.85472,151.159323,False,5,small
35 Dening Street Drummoyne,Drummoyne,763.8,-33.852557,151.146994,True,7,normal
35 Gears Avenue Drummoyne,Drummoyne,479.6,-33.854602,151.144298,False,5,normal
35 Gipps Street Drummoyne,Drummoyne,918.9,-33.858176,151.149292,True,6,normal
35 Moore Street Drummoyne,Drummoyne,748.4,-33.85353,151.146439,True,8,normal
35 Polding Street Drummoyne,Drummoyne,766.6,-33.856464,151.150121,True,6,normal
35 Renwick Street Drummoyne,Drummoyne,399.1,-33.853244,151.157403,True,7,small
35 Therry Street Drummoyne,Drummoyne,546.8,-33.858879,151.151688,False,5,normal
35 Wrights Road Drummoyne,Drummoyne,982.1,-33.846104,151.151742,False,5,normal
350 Victoria Place Drummoyne,Drummoyne,984.6,-33.84475,151.146677,True,11,normal
352 Victoria Place Drummoyne,Drummoyne,687.2,-33.844628,151.146541,True,21,normal
36 Bayswater Street Drummoyne,Drummoyne,424.6,-33.850647,151.151516,True,8,small
36 Dening Street Drummoyne,Drummoyne,718.3,-33.852659,151.148023,False,5,normal
36 Formosa Street Drummoyne,Drummoyne,273.7,-33.856264,151.158803,True,6,small
36 Henley Street Drummoyne,Drummoyne,491.4,-33.857137,151.15178,False,5,normal
36 Janet Street Drummoyne,Drummoyne,565.5,-33.858597,151.147234,True,10,normal
36 Millar Street Drummoyne,Drummoyne,754.3,-33.858426,151.149055,True,6,normal
36 Moore Street Drummoyne,Drummoyne,367.7,-33.852844,151.146685,True,6,small
36 Park Avenue Drummoyne,Drummoyne,417.4,-33.855819,151.159643,True,8,small
36 Plunkett Street Drummoyne,Drummoyne,736.3,-33.856962,151.150177,False,5,normal
36 Polding Street Drummoyne,Drummoyne,806.7,-33.855884,151.149895,True,6,normal
36 The Esplanade Drummoyne,Drummoyne,882.4,-33.851854,151.145514,True,6,normal
36 Therry Street Drummoyne,Drummoyne,711.4,-33.857815,151.152451,True,7,normal
36 Westbourne Street Drummoyne,Drummoyne,454.2,-33.84815,151.149602,True,6,normal
36-46 Victoria Road Drummoyne,Drummoyne,2633.5,-33.855808,151.15946,True,10,large
368 Victoria Place Drummoyne,Drummoyne,787.3,-33.844475,151.145681,True,13,normal
36A Therry Street Drummoyne,Drummoyne,916.1,-33.857843,151.152289,True,7,normal
37 Bowman Street Drummoyne,Drummoyne,341.2,-33.855415,151.150031,True,7,small
37 Broughton Street Drummoyne,Drummoyne,736.8,-33.858367,151.150896,False,5,normal
37 Day Street Drummoyne,Drummoyne,280.3,-33.854865,151.159106,False,5,small
37 Gipps Street Drummoyne,Drummoyne,904.1,-33.858037,151.149198,True,7,normal
37 Tavistock Street Drummoyne,Drummoyne,481.5,-33.850456,151.151534,False,5,normal
37 Therry Street Drummoyne,Drummoyne,539.9,-33.858947,151.151585,False,5,normal
37 Thompson Street Drummoyne,Drummoyne,538.8,-33.857297,151.152918,True,6,normal
37 Wrights Road Drummoyne,Drummoyne,871.3,-33.845951,151.15166,True,10,normal
38 Bowman Street Drummoyne,Drummoyne,451.3,-33.853726,151.151751,True,7,normal
38 Byrne Avenue Drummoyne,Drummoyne,450.5,-33.85518,151.144453,False,5,normal
38 College Street Drummoyne,Drummoyne,509.0,-33.853621,151.155371,True,6,normal
38 Day Street Drummoyne,Drummoyne,479.5,-33.855527,151.157106,False,5,normal
38 Dening Street Drummoyne,Drummoyne,678.2,-33.852572,151.147941,False,5,normal
38 Edwin Street Drummoyne,Drummoyne,323.4,-33.85389,151.153684,False,5,small
38 Formosa Street Drummoyne,Drummoyne,256.5,-33.85617,151.158762,True,7,small
38 Gipps Street Drummoyne,Drummoyne,522.5,-33.857286,151.149375,True,10,normal
38 Marlborough Street Drummoyne,Drummoyne,733.9,-33.848646,151.151687,True,6,normal
38 Millar Street Drummoyne,Drummoyne,755.0,-33.858333,151.148968,True,6,normal
38 Moore Street Drummoyne,Drummoyne,779.8,-33.852752,151.146687,True,6,normal
38 Polding Street Drummoyne,Drummoyne,807.0,-33.855963,151.149773,True,6,normal
38 Renwick Street Drummoyne,Drummoyne,490.1,-33.852924,151.157898,False,5,normal
38 Thompson Street Drummoyne,Drummoyne,487.4,-33.857208,151.15359,False,5,normal
38 Thornley Street Drummoyne,Drummoyne,533.8,-33.855073,151.159266,True,6,normal
38 Wrights Road Drummoyne,Drummoyne,1010.2,-33.84729,151.153149,False,5,normal
38A Moore Street Drummoyne,Drummoyne,805.8,-33.852676,151.146575,False,5,normal
39 Alexandra Street Drummoyne,Drummoyne,1003.8,-33.852391,151.157971,False,5,normal
39 College Street Drummoyne,Drummoyne,638.9,-33.853803,151.154719,False,5,normal
39 Cometrowe Street Drummoyne,Drummoyne,734.6,-33.851691,151.148999,False,5,normal
39 Day Street Drummoyne,Drummoyne,273.0,-33.854899,151.159053,False,5,small
39 Moore Street Drummoyne,Drummoyne,400.9,-33.853373,151.146318,True,8,small
39 Park Avenue Drummoyne,Drummoyne,420.1,-33.856087,151.160071,False,5,small
39 Polding Street Drummoyne,Drummoyne,686.5,-33.856554,151.149924,False,5,normal
39 Tranmere Street Drummoyne,Drummoyne,607.0,-33.85496,151.153384,False,5,normal
39A Moore Street Drummoyne,Drummoyne,374.8,-33.853338,151.146284,True,8,small
39B Renwick Street Drummoyne,Drummoyne,424.2,-33.852966,151.157188,False,5,small
4 Bowman Street Drummoyne,Drummoyne,532.4,-33.851993,151.154283,True,6,normal
4 Bradley Street Drummoyne,Drummoyne,956.6,-33.854184,151.145122,True,6,normal
4 Broughton Street Drummoyne,Drummoyne,682.1,-33.856975,151.152122,False,5,normal
4 Budd Street Drummoyne,Drummoyne,1079.6,-33.855174,151.146066,False,5,normal
4 Burnell Street Drummoyne,Drummoyne,704.0,-33.860198,151.149972,False,5,normal
4 Byrne Avenue Drummoyne,Drummoyne,368.1,-33.856316,151.145555,True,7,small
4 Cometrowe Street Drummoyne,Drummoyne,342.9,-33.85291,151.150876,False,5,small
4 Duncan Street Drummoyne,Drummoyne,588.5,-33.858099,151.155213,False,5,normal
4 Edwin Street Drummoyne,Drummoyne,355.7,-33.852909,151.155181,False,5,small
4 Gears Avenue Drummoyne,Drummoyne,444.2,-33.855845,151.145929,False,5,small
4 Henley Street Drummoyne,Drummoyne,909.0,-33.858554,151.153051,False,5,normal
4 Janet Street Drummoyne,Drummoyne,697.8,-33.86006,151.148465,False,5,normal
4 Market Street Drummoyne,Drummoyne,361.7,-33.857569,151.154451,True,6,small
4 Millar Street Drummoyne,Drummoyne,804.4,-33.86007,151.150504,True,6,normal
4 Moore Street Drummoyne,Drummoyne,1585.3,-33.854293,151.148136,True,7,normal
4 Park Avenue Drummoyne,Drummoyne,279.7,-33.855079,151.160735,False,5,small
4 Polding Street Drummoyne,Drummoyne,418.1,-33.854467,151.152308,False,5,small
4 Queen Victoria Street Drummoyne,Drummoyne,720.8,-33.851203,151.158358,False,5,normal
4 Richards Avenue Drummoyne,Drummoyne,724.3,-33.858573,151.148405,True,6,normal
4 Riverside Mews Drummoyne,Drummoyne,441.7,-33.847044,151.15037,True,35,small
4 Seymour Street Drummoyne,Drummoyne,1140.6,-33.848578,151.153297,True,7,normal
4 Sisters Crescent Drummoyne,Drummoyne,516.6,-33.855931,151.157966,False,5,normal
4 South Street Drummoyne,Drummoyne,317.4,-33.856941,151.154739,False,5,small
4 Tavistock Street Drummoyne,Drummoyne,560.8,-33.849062,151.152734,False,5,normal
4 Thornley Street Drummoyne,Drummoyne,390.6,-33.85447,151.160827,True,6,small
4 Tranmere Street Drummoyne,Drummoyne,673.2,-33.855955,151.155178,False,5,normal
4 Wrights Point Drummoyne,Drummoyne,923.1,-33.842446,151.153925,True,20,normal
40 Byrne Avenue Drummoyne,Drummoyne,688.4,-33.855075,151.144383,True,6,normal
40 College Street Drummoyne,Drummoyne,500.6,-33.85355,151.155285,True,11,normal
40 Day Street Drummoyne,Drummoyne,490.8,-33.855561,151.157055,False,5,normal
40 Dening Street Drummoyne,Drummoyne,702.2,-33.852487,151.14786,False,5,normal
40 Drummoyne Avenue Drummoyne,Drummoyne,4417.2,-33.843667,151.148791,True,18,large
40 Gipps Street Drummoyne,Drummoyne,613.7,-33.857222,151.149342,True,8,normal
40 Henley Street Drummoyne,Drummoyne,516.8,-33.856996,151.151648,False,5,normal
40 Renwick Street Drummoyne,Drummoyne,530.4,-33.852859,151.157834,False,5,normal
40 The Esplanade Drummoyne,Drummoyne,720.4,-33.852016,151.145237,True,6,normal
40 Therry Street Drummoyne,Drummoyne,491.5,-33.858213,151.151932,False,5,normal
40 Thompson Street Drummoyne,Drummoyne,458.9,-33.857155,151.153464,False,5,normal
40 Westbourne Street Drummoyne,Drummoyne,445.6,-33.848356,151.1498,True,7,small
40 Wrights Road Drummoyne,Drummoyne,974.8,-33.847131,151.153161,False,5,normal
40A Janet Street Drummoyne,Drummoyne,464.4,-33.858632,151.146875,True,8,normal
40A Polding Street Drummoyne,Drummoyne,347.3,-33.856112,151.149474,False,5,small
40A Renwick Street Drummoyne,Drummoyne,468.1,-33.852793,151.15777,False,5,normal
40B Janet Street Drummoyne,Drummoyne,409.2,-33.858547,151.147006,True,9,small
40B Polding Street Drummoyne,Drummoyne,357.7,-33.856124,151.149409,True,6,small
40B Renwick Street Drummoyne,Drummoyne,480.0,-33.852731,151.157709,False,5,normal
41 Alexandra Street Drummoyne,Drummoyne,1033.6,-33.852286,151.157864,False,5,normal
41 Broughton Street Drummoyne,Drummoyne,541.2,-33.858435,151.150762,True,8,normal
41 Cometrowe Street Drummoyne,Drummoyne,735.3,-33.851598,151.148912,False,5,normal
41 Moore Street Drummoyne,Drummoyne,746.4,-33.853201,151.146128,True,6,normal
41 Polding Street Drummoyne,Drummoyne,723.1,-33.856607,151.149843,False,5,normal
41 St Georges Crescent Drummoyne,Drummoyne,1548.3,-33.851872,151.159487,False,5,normal
41 Tavistock Street Drummoyne,Drummoyne,454.8,-33.850573,151.151356,False,5,normal
41 Thompson Street Drummoyne,Drummoyne,487.7,-33.857197,151.152774,False,5,normal
42 Byrne Avenue Drummoyne,Drummoyne,677.5,-33.85497,151.144284,True,6,normal
42 College Street Drummoyne,Drummoyne,532.5,-33.852944,151.154698,True,10,normal
42 Day Street Drummoyne,Drummoyne,571.2,-33.855608,151.156986,False,5,normal
42 Drummoyne Avenue Drummoyne,Drummoyne,1807.4,-33.843943,151.148494,True,14,normal
42 Gipps Street Drummoyne,Drummoyne,273.5,-33.857191,151.149264,False,5,small
42 Henley Street Drummoyne,Drummoyne,488.8,-33.856922,151.15158,False,5,normal
42 Marlborough Street Drummoyne,Drummoyne,761.0,-33.848477,151.151561,True,6,normal
42 Renwick Street Drummoyne,Drummoyne,505.9,-33.852667,151.157646,False,5,normal
42 Thompson Street Drummoyne,Drummoyne,489.7,-33.857041,151.153433,False,5,normal
42 Thornley Street Drummoyne,Drummoyne,379.7,-33.8552,151.159075,True,8,small
42 Tranmere Street Drummoyne,Drummoyne,642.5,-33.854129,151.153507,False,5,normal
42 Wrights Road Drummoyne,Drummoyne,495.5,-33.847021,151.15313,True,6,normal
42A Janet Street Drummoyne,Drummoyne,450.7,-33.858559,151.1468,True,8,normal
42B Drummoyne Avenue Drummoyne,Drummoyne,769.0,-33.844366,151.148716,True,6,normal
43 Alexandra Street Drummoyne,Drummoyne,451.8,-33.852149,151.157855,False,5,normal
43 Broughton Street Drummoyne,Drummoyne,435.7,-33.858468,151.150713,True,8,small
43 Collingwood Street Drummoyne,Drummoyne,795.0,-33.846665,151.153466,True,7,normal
43 Dening Street Drummoyne,Drummoyne,959.1,-33.852176,151.14666,True,6,normal
43 Gipps Street Drummoyne,Drummoyne,426.1,-33.857753,151.148889,True,7,small
43 Park Avenue Drummoyne,Drummoyne,222.4,-33.856166,151.15995,True,11,small
43 Renwick Street Drummoyne,Drummoyne,428.5,-33.852837,151.157066,False,5,small
43 St Georges Crescent Drummoyne,Drummoyne,1602.0,-33.851796,151.159331,True,6,normal
43 The Esplanade Drummoyne,Drummoyne,751.3,-33.852267,151.144861,True,6,normal
44 Byrne Avenue Drummoyne,Drummoyne,659.3,-33.854867,151.144186,True,6,normal
44 College Street Drummoyne,Drummoyne,489.1,-33.852849,151.15464,True,6,normal
44 Day Street Drummoyne,Drummoyne,580.6,-33.855783,151.15675,False,5,normal
44 Dening Street Drummoyne,Drummoyne,660.9,-33.852237,151.147623,False,5,normal
44 Gipps Street Drummoyne,Drummoyne,293.9,-33.857156,151.149232,False,5,small
44 Marlborough Street Drummoyne,Drummoyne,739.4,-33.848384,151.151491,True,6,normal
44 Millar Street Drummoyne,Drummoyne,589.1,-33.857795,151.148437,True,9,normal
44 Polding Street Drummoyne,Drummoyne,823.7,-33.856213,151.149239,True,7,normal
44 Renwick Street Drummoyne,Drummoyne,451.0,-33.852645,151.157486,True,7,normal
44 The Esplanade Drummoyne,Drummoyne,736.2,-33.852381,151.144755,False,5,normal
44 Therry Street Drummoyne,Drummoyne,448.7,-33.858318,151.15177,False,5,small
44 Thompson Street Drummoyne,Drummoyne,440.2,-33.856947,151.153371,True,6,small
44 Tranmere Street Drummoyne,Drummoyne,457.1,-33.85407,151.153452,False,5,normal
45 Broughton Street Drummoyne,Drummoyne,539.8,-33.858523,151.150609,True,7,normal
45 College Street Drummoyne,Drummoyne,719.3,-33.853552,151.154362,False,5,normal
45 Dening Street Drummoyne,Drummoyne,616.1,-33.852069,151.146621,False,5,normal
45 Formosa Street Drummoyne,Drummoyne,534.1,-33.853822,151.155996,False,5,normal
45 Polding Street Drummoyne,Drummoyne,775.1,-33.856717,151.149673,False,5,normal
45 Renwick Street Drummoyne,Drummoyne,386.4,-33.852771,151.157004,False,5,small
45 St Georges Crescent Drummoyne,Drummoyne,1715.1,-33.851685,151.159162,True,10,normal
45 The Esplanade Drummoyne,Drummoyne,751.1,-33.852465,151.144632,False,5,normal
45 Thompson Street Drummoyne,Drummoyne,344.6,-33.857033,151.152721,False,5,small
45 Wrights Road Drummoyne,Drummoyne,2249.4,-33.845279,151.151297,True,9,large
46 Bowman Street Drummoyne,Drummoyne,452.9,-33.854019,151.151275,True,7,normal
46 Byrne Avenue Drummoyne,Drummoyne,710.6,-33.854744,151.144071,True,6,normal
46 College Street Drummoyne,Drummoyne,502.3,-33.852778,151.154574,True,6,normal
46 Drummoyne Avenue Drummoyne,Drummoyne,2209.0,-33.844007,151.148182,True,19,large
46 Gipps Street Drummoyne,Drummoyne,605.2,-33.85715,151.149116,False,5,normal
46 Marlborough Street Drummoyne,Drummoyne,853.8,-33.848302,151.151376,True,8,normal
46 Plunkett Street Drummoyne,Drummoyne,407.9,-33.857144,151.149905,True,7,small
46 Renwick Street Drummoyne,Drummoyne,499.5,-33.852582,151.15745,True,7,normal
46 Thompson Street Drummoyne,Drummoyne,452.7,-33.856878,151.153281,False,5,normal
46 Thornley Street Drummoyne,Drummoyne,355.8,-33.855756,151.158276,False,5,small
46 Wrights Road Drummoyne,Drummoyne,533.8,-33.846913,151.153026,False,5,normal
46-48 St Georges Crescent Drummoyne,Drummoyne,2969.9,-33.851248,151.160237,True,18,large
46A Janet Street Drummoyne,Drummoyne,472.4,-33.858353,151.146587,True,7,normal
46B Janet Street Drummoyne,Drummoyne,398.2,-33.858234,151.146721,True,9,small
47 Broughton Street Drummoyne,Drummoyne,547.3,-33.859043,151.149852,True,8,normal
47 Cometrowe Street Drummoyne,Drummoyne,614.7,-33.851179,151.148658,True,22,normal
47 Day Street Drummoyne,Drummoyne,428.4,-33.855643,151.157791,False,5,small
47 Dening Street Drummoyne,Drummoyne,829.3,-33.851993,151.146527,True,6,normal
47 Formosa Street Drummoyne,Drummoyne,328.8,-33.853805,151.155854,True,6,small
47 Gipps Street Drummoyne,Drummoyne,452.7,-33.857582,151.148845,False,5,normal
47 Moore Street Drummoyne,Drummoyne,380.3,-33.853039,151.145976,True,6,small
47 Polding Street Drummoyne,Drummoyne,702.0,-33.856798,151.149608,True,6,normal
47 Wrights Road Drummoyne,Drummoyne,933.2,-33.844889,151.151376,True,10,normal
47A Renwick Street Drummoyne,Drummoyne,405.7,-33.852664,151.156862,True,6,small
48 Alexandra Street Drummoyne,Drummoyne,1036.5,-33.851282,151.157929,False,5,normal
48 Bowman Street Drummoyne,Drummoyne,457.0,-33.854106,151.151184,True,6,normal
48 College Street Drummoyne,Drummoyne,494.1,-33.852711,151.154511,True,6,normal
48 Day Street Drummoyne,Drummoyne,426.0,-33.855875,151.156608,False,5,small
48 Dening Street Drummoyne,Drummoyne,692.8,-33.852052,151.147448,False,5,normal
48 Drummoyne Avenue Drummoyne,Drummoyne,618.6,-33.844638,151.148349,True,10,normal
48 Plunkett Street Drummoyne,Drummoyne,726.5,-33.857159,151.149786,True,6,normal
48 Polding Street Drummoyne,Drummoyne,599.4,-33.856386,151.149074,True,7,normal
48 Renwick Street Drummoyne,Drummoyne,441.4,-33.852481,151.157442,True,7,small
48 Tranmere Street Drummoyne,Drummoyne,836.0,-33.853951,151.15334,False,5,normal
48 Wrights Road Drummoyne,Drummoyne,480.0,-33.846819,151.15303,True,7,normal
49 Broughton Street Drummoyne,Drummoyne,526.9,-33.859104,151.149747,True,7,normal
49 College Street Drummoyne,Drummoyne,886.3,-33.853348,151.154287,False,5,normal
49 Cometrowe Street Drummoyne,Drummoyne,645.7,-33.851251,151.148498,True,9,normal
49 Dening Street Drummoyne,Drummoyne,656.6,-33.851849,151.146514,False,5,normal
49 Formosa Street Drummoyne,Drummoyne,311.0,-33.85373,151.155845,True,6,small
49 Renwick Street Drummoyne,Drummoyne,407.1,-33.852578,151.156823,False,5,small
49 St Georges Crescent Drummoyne,Drummoyne,643.3,-33.851334,151.159281,False,5,normal
49 Thompson Street Drummoyne,Drummoyne,627.2,-33.856854,151.152555,False,5,normal
4P Wrights Point Drummoyne,Drummoyne,323.8,-33.842191,151.153977,True,17,small
5 Arcadia Avenue Drummoyne,Drummoyne,1025.8,-33.854386,151.161093,True,12,normal
5 Bowman Street Drummoyne,Drummoyne,400.7,-33.853243,151.153317,False,5,small
5 Budd Street Drummoyne,Drummoyne,385.0,-33.85566,151.146382,False,5,small
5 College Street Drummoyne,Drummoyne,343.9,-33.855581,151.156376,False,5,small
5 Cometrowe Street Drummoyne,Drummoyne,682.9,-33.85329,151.150484,True,6,normal
5 Day Street Drummoyne,Drummoyne,1172.5,-33.854092,151.160596,True,7,normal
5 Dening Street Drummoyne,Drummoyne,822.2,-33.854038,151.148472,False,5,normal
5 Edwin Street Drummoyne,Drummoyne,332.5,-33.853263,151.155417,False,5,small
5 Formosa Street Drummoyne,Drummoyne,391.8,-33.855016,151.157074,True,6,small
5 Gears Avenue Drummoyne,Drummoyne,623.0,-33.856025,151.145608,True,6,normal
5 Gipps Street Drummoyne,Drummoyne,723.8,-33.859901,151.150817,True,6,normal
5 Henley Street Drummoyne,Drummoyne,429.5,-33.857279,151.151232,False,5,small
5 Market Street Drummoyne,Drummoyne,589.7,-33.857843,151.154859,True,7,normal
5 Moore Street Drummoyne,Drummoyne,722.3,-33.854663,151.14751,True,6,normal
5 Napier Street Drummoyne,Drummoyne,741.8,-33.84911,151.156392,False,5,normal
5 Polding Street Drummoyne,Drummoyne,808.6,-33.855036,151.152227,False,5,normal
5 Queen Victoria Street Drummoyne,Drummoyne,956.4,-33.851564,151.158937,False,5,normal
5 South Street Drummoyne,Drummoyne,862.5,-33.858755,151.15592,False,5,normal
5 Stuart Crescent Drummoyne,Drummoyne,693.5,-33.849107,151.150871,True,6,normal
5 Tavistock Street Drummoyne,Drummoyne,467.5,-33.849546,151.152974,True,7,normal
5 The Esplanade Drummoyne,Drummoyne,827.8,-33.84557,151.147959,True,9,normal
5 Ullathorne Street Drummoyne,Drummoyne,447.1,-33.85779,151.150782,True,7,small
5 Westbourne Street Drummoyne,Drummoyne,701.1,-33.847758,151.151825,False,5,normal
5 Wrights Road Drummoyne,Drummoyne,412.8,-33.84999,151.154125,True,7,small
5-7 Albert Street Drummoyne,Drummoyne,556.5,-33.850208,151.157377,True,8,normal
50 Henley Street Drummoyne,Drummoyne,489.6,-33.856638,151.151313,False,5,normal
50 Janet Street Drummoyne,Drummoyne,720.6,-33.857996,151.146443,False,5,normal
50 Polding Street Drummoyne,Drummoyne,588.1,-33.856462,151.149008,True,6,normal
50 St Georges Crescent Drummoyne,Drummoyne,1584.3,-33.851041,151.160136,True,9,normal
50 The Esplanade Drummoyne,Drummoyne,664.5,-33.852827,151.144057,True,7,normal
50 Thompson Street Drummoyne,Drummoyne,451.1,-33.856721,151.153134,False,5,normal
50 Wrights Road Drummoyne,Drummoyne,2001.9,-33.846698,151.152846,True,9,large
51 Alexandra Street Drummoyne,Drummoyne,455.0,-33.851538,151.157299,True,7,normal
51 College Street Drummoyne,Drummoyne,2238.9,-33.853424,151.153956,True,11,large
51 Formosa Street Drummoyne,Drummoyne,334.0,-33.853688,151.155775,True,7,small
51 Polding Street Drummoyne,Drummoyne,408.6,-33.85683,151.149475,True,9,small
51 St Georges Crescent Drummoyne,Drummoyne,986.0,-33.851213,151.159181,False,5,normal
51 Thompson Street Drummoyne,Drummoyne,670.3,-33.856769,151.152474,False,5,normal
51A Alexandra Street Drummoyne,Drummoyne,506.9,-33.851511,151.157211,False,5,normal
52 College Street Drummoyne,Drummoyne,549.0,-33.852563,151.154372,True,6,normal
52 Gipps Street Drummoyne,Drummoyne,482.4,-33.856911,151.148951,False,5,normal
52 Millar Street Drummoyne,Drummoyne,573.9,-33.857494,151.148193,True,9,normal
52 Plunkett Street Drummoyne,Drummoyne,606.5,-33.857344,151.149699,False,5,normal
52 The Esplanade Drummoyne,Drummoyne,1169.7,-33.853088,151.144023,True,11,normal
52 Therry Street Drummoyne,Drummoyne,488.0,-33.858636,151.151236,False,5,normal
52 Tranmere Street Drummoyne,Drummoyne,2172.7,-33.853749,151.153455,True,10,large
52A St Georges Crescent Drummoyne,Drummoyne,945.6,-33.850965,151.160013,True,10,normal
52A Therry Street Drummoyne,Drummoyne,485.7,-33.858687,151.151159,False,5,normal
53 Cometrowe Street Drummoyne,Drummoyne,622.0,-33.851485,151.148266,False,5,normal
53 Formosa Street Drummoyne,Drummoyne,305.4,-33.853615,151.15579,False,5,small
53 Lyons Road Drummoyne,Drummoyne,761.1,-33.852663,151.152734,True,6,normal
53 Moore Street Drummoyne,Drummoyne,779.4,-33.852867,151.145772,True,7,normal
53 Thompson Street Drummoyne,Drummoyne,628.9,-33.856682,151.152391,False,5,normal
54 Bayswater Street Drummoyne,Drummoyne,397.2,-33.849437,151.150346,False,5,small
54 Day Street Drummoyne,Drummoyne,516.0,-33.855922,151.156314,True,10,normal
54 Gipps Street Drummoyne,Drummoyne,506.7,-33.856777,151.14876,True,7,normal
54 Janet Street Drummoyne,Drummoyne,1081.1,-33.857829,151.14626,True,7,normal
54 Lyons Road Drummoyne,Drummoyne,1075.8,-33.851923,151.152824,True,7,normal
54 Millar Street Drummoyne,Drummoyne,619.3,-33.857429,151.148166,True,11,normal
54 Polding Street Drummoyne,Drummoyne,684.8,-33.856628,151.148815,True,10,normal
54 St Georges Crescent Drummoyne,Drummoyne,1053.8,-33.850891,151.159886,True,10,normal
54 Tranmere Street Drummoyne,Drummoyne,2288.0,-33.853541,151.153253,True,10,large
54A Gipps Street Drummoyne,Drummoyne,310.0,-33.856741,151.148661,False,5,small
55 Alexandra Street Drummoyne,Drummoyne,408.3,-33.85142,151.157119,False,5,small
55 Bowman Street Drummoyne,Drummoyne,404.2,-33.855849,151.149229,True,8,small
55 Cometrowe Street Drummoyne,Drummoyne,567.7,-33.851555,151.14812,True,6,normal
55 Dening Street Drummoyne,Drummoyne,933.8,-33.851647,151.146156,True,9,normal
55 Formosa Street Drummoyne,Drummoyne,319.6,-33.853585,151.155717,True,6,small
55 Gipps Street Drummoyne,Drummoyne,1130.0,-33.857287,151.148465,True,8,normal
55 Moore Street Drummoyne,Drummoyne,743.3,-33.852742,151.145754,False,5,normal
55 St Georges Crescent Drummoyne,Drummoyne,831.7,-33.851029,151.158839,False,5,normal
55 Tranmere Street Drummoyne,Drummoyne,622.7,-33.854498,151.152799,True,6,normal
55 Wrights Road Drummoyne,Drummoyne,2337.4,-33.844231,151.151614,True,10,large
56 Bowman Street Drummoyne,Drummoyne,1004.7,-33.85493,151.149721,True,7,normal
56 College Street Drummoyne,Drummoyne,502.0,-33.85242,151.154238,True,6,normal
56 Day Street Drummoyne,Drummoyne,495.9,-33.856032,151.156301,True,6,normal
56 Gipps Street Drummoyne,Drummoyne,404.9,-33.856649,151.14865,False,5,small
56 Janet Street Drummoyne,Drummoyne,1051.7,-33.857744,151.146141,True,7,normal
56 Plunkett Street Drummoyne,Drummoyne,607.1,-33.857483,151.149486,False,5,normal
56A St Georges Crescent Drummoyne,Drummoyne,1931.5,-33.850465,151.159683,True,16,normal
57 Alexandra Street Drummoyne,Drummoyne,995.5,-33.851353,151.157052,False,5,normal
57 College Street Drummoyne,Drummoyne,512.3,-33.852961,151.153956,False,5,normal
57 Formosa Street Drummoyne,Drummoyne,316.6,-33.85352,151.155701,False,5,small
57 Renwick Street Drummoyne,Drummoyne,361.8,-33.85232,151.156582,False,5,small
58 Bowman Street Drummoyne,Drummoyne,679.2,-33.855095,151.149519,True,6,normal
58 Dening Street Drummoyne,Drummoyne,718.2,-33.851593,151.147038,True,8,normal
58 Gipps Street Drummoyne,Drummoyne,402.3,-33.856577,151.148583,False,5,small
58 Lyons Road Drummoyne,Drummoyne,989.4,-33.852377,151.151991,True,12,normal
58 Plunkett Street Drummoyne,Drummoyne,656.9,-33.857552,151.149379,False,5,normal
58 Renwick Street Drummoyne,Drummoyne,459.2,-33.852158,151.157146,False,5,normal
58 Therry Street Drummoyne,Drummoyne,543.3,-33.858783,151.150855,True,9,normal
58 Thompson Street Drummoyne,Drummoyne,372.3,-33.855559,151.152146,True,6,small
58 Tranmere Street Drummoyne,Drummoyne,548.1,-33.853592,151.152817,False,5,normal
58A Plunkett Street Drummoyne,Drummoyne,540.4,-33.857805,151.14875,True,14,normal
59 Bowman Street Drummoyne,Drummoyne,374.7,-33.855957,151.14915,False,5,small
59 College Street Drummoyne,Drummoyne,550.8,-33.852889,151.153889,False,5,normal
59 Formosa Street Drummoyne,Drummoyne,336.7,-33.853471,151.155655,False,5,small
59 Lyons Road Drummoyne,Drummoyne,757.5,-33.852835,151.152544,True,8,normal
59 St Georges Crescent Drummoyne,Drummoyne,723.9,-33.850908,151.158624,False,5,normal
59 Thompson Street Drummoyne,Drummoyne,578.6,-33.8564,151.152175,False,5,normal
6 Bowman Street Drummoyne,Drummoyne,560.7,-33.852073,151.154218,False,5,normal
6 Cambridge Road Drummoyne,Drummoyne,420.3,-33.845059,151.15099,False,5,small
6 Church Street Drummoyne,Drummoyne,538.7,-33.85416,151.156122,True,7,normal
6 Cometrowe Street Drummoyne,Drummoyne,329.5,-33.852856,151.150824,False,5,small
6 Day Street Drummoyne,Drummoyne,399.6,-33.854139,151.159284,True,6,small
6 Duncan Street Drummoyne,Drummoyne,588.5,-33.858155,151.155128,False,5,normal
6 Gears Avenue Drummoyne,Drummoyne,552.2,-33.855564,151.145769,False,5,normal
6 Gipps Street Drummoyne,Drummoyne,673.5,-33.859409,151.151271,True,6,normal
6 Millar Street Drummoyne,Drummoyne,805.4,-33.859943,151.150481,True,6,normal
6 Park Avenue Drummoyne,Drummoyne,409.0,-33.855096,151.160653,True,6,small
6 Plunkett Street Drummoyne,Drummoyne,708.8,-33.856026,151.151358,True,10,normal
6 Queen Victoria Street Drummoyne,Drummoyne,696.6,-33.851281,151.158248,True,8,normal
6 Renwick Street Drummoyne,Drummoyne,606.5,-33.853948,151.158834,True,11,normal
6 Richards Avenue Drummoyne,Drummoyne,696.0,-33.8586,151.148259,True,6,normal
6 Seymour Street Drummoyne,Drummoyne,1140.6,-33.848578,151.153297,True,7,normal
6 Sisters Crescent Drummoyne,Drummoyne,601.6,-33.855873,151.157868,False,5,normal
6 Tavistock Street Drummoyne,Drummoyne,562.3,-33.84911,151.152651,False,5,normal
6 The Esplanade Drummoyne,Drummoyne,957.5,-33.845572,151.148172,True,11,normal
6 The Parade Drummoyne,Drummoyne,543.0,-33.85295,151.144485,False,5,normal
6 Thompson Street Drummoyne,Drummoyne,612.8,-33.858623,151.154981,False,5,normal
6 Thornley Street Drummoyne,Drummoyne,456.1,-33.854438,151.160751,True,7,normal
6 Tranmere Street Drummoyne,Drummoyne,743.8,-33.855856,151.155112,True,6,normal
6-6A Moore Street Drummoyne,Drummoyne,758.7,-33.85422,151.147931,True,6,normal
60 Alexandra Street Drummoyne,Drummoyne,1142.4,-33.850751,151.157425,True,8,normal
60 Dening Street Drummoyne,Drummoyne,699.6,-33.851499,151.146958,True,6,normal
60 Gipps Street Drummoyne,Drummoyne,392.1,-33.856507,151.148517,False,5,small
60 Lyons Road Drummoyne,Drummoyne,367.3,-33.852363,151.151809,True,11,small
60 Renwick Street Drummoyne,Drummoyne,421.6,-33.852093,151.157083,False,5,small
61 Formosa Street Drummoyne,Drummoyne,321.5,-33.853439,151.15558,True,6,small
61 Lyons Road Drummoyne,Drummoyne,577.8,-33.85284,151.152379,False,5,normal
61 Renwick Street Drummoyne,Drummoyne,365.6,-33.852116,151.15639,False,5,small
61 St Georges Crescent Drummoyne,Drummoyne,706.1,-33.850847,151.158516,False,5,normal
61 Thompson Street Drummoyne,Drummoyne,722.7,-33.856305,151.152003,True,6,normal
61 Tranmere Street Drummoyne,Drummoyne,465.7,-33.854152,151.152681,False,5,normal
62 Gipps Street Drummoyne,Drummoyne,414.6,-33.856435,151.14845,False,5,small
62 Janet Street Drummoyne,Drummoyne,1041.4,-33.857475,151.145929,True,7,normal
62 Plunkett Street Drummoyne,Drummoyne,487.6,-33.858048,151.148654,False,5,normal
62 Thompson Street Drummoyne,Drummoyne,543.5,-33.855362,151.151961,False,5,normal
62B Thompson Street Drummoyne,Drummoyne,722.8,-33.855202,151.151812,False,5,normal
63 Alexandra Street Drummoyne,Drummoyne,964.3,-33.851026,151.156723,False,5,normal
63 Renwick Street Drummoyne,Drummoyne,409.6,-33.852055,151.156333,False,5,small
63 St Georges Crescent Drummoyne,Drummoyne,583.2,-33.850964,151.158205,True,8,normal
63-69 Victoria Road Drummoyne,Drummoyne,1121.0,-33.855332,151.158265,True,6,normal
64 Day Street Drummoyne,Drummoyne,670.2,-33.856228,151.15606,False,5,normal
64 Dening Street Drummoyne,Drummoyne,834.1,-33.851316,151.146765,True,8,normal
64 Lyons Road Drummoyne,Drummoyne,2279.1,-33.852556,151.151553,True,7,large
64 Plunkett Street Drummoyne,Drummoyne,788.5,-33.858113,151.148554,False,5,normal
64 Therry Street Drummoyne,Drummoyne,480.0,-33.859435,151.150087,True,6,normal
64 Tranmere Street Drummoyne,Drummoyne,451.3,-33.85331,151.152565,False,5,normal
64 Victoria Road Drummoyne,Drummoyne,515.5,-33.85501,151.158683,False,5,normal
64A Thompson Street Drummoyne,Drummoyne,623.5,-33.854986,151.151556,True,6,normal
65 Bowman Street Drummoyne,Drummoyne,805.4,-33.856123,151.148941,True,6,normal
65 College Street Drummoyne,Drummoyne,1237.4,-33.852205,151.153291,False,5,normal
65 Formosa Street Drummoyne,Drummoyne,339.7,-33.852778,151.154981,True,9,small
65 Renwick Street Drummoyne,Drummoyne,380.0,-33.851992,151.156274,False,5,small
65 St Georges Crescent Drummoyne,Drummoyne,579.6,-33.850902,151.158177,False,5,normal
65 Thompson Street Drummoyne,Drummoyne,561.0,-33.856079,151.151748,False,5,normal
65 Tranmere Street Drummoyne,Drummoyne,587.4,-33.854131,151.152448,True,6,normal
66 Bowman Street Drummoyne,Drummoyne,348.6,-33.855359,151.149113,True,10,small
66 Gipps Street Drummoyne,Drummoyne,448.2,-33.856131,151.148211,False,5,small
66 Polding Street Drummoyne,Drummoyne,419.4,-33.857416,151.14779,True,15,small
66 Renwick Street Drummoyne,Drummoyne,418.0,-33.851777,151.156774,False,5,small
66 Roseby Street Drummoyne,Drummoyne,416.6,-33.856341,151.160164,True,8,small
66 Thompson Street Drummoyne,Drummoyne,729.4,-33.854881,151.151509,False,5,normal
66A Thompson Street Drummoyne,Drummoyne,407.1,-33.854808,151.151441,False,5,small
66B Thompson Street Drummoyne,Drummoyne,564.0,-33.854751,151.151388,False,5,normal
66P Dening Street Drummoyne,Drummoyne,1412.2,-33.85125,151.146594,True,10,normal
67 Alexandra Street Drummoyne,Drummoyne,1001.9,-33.850874,151.15644,False,5,normal
67 Gipps Street Drummoyne,Drummoyne,453.1,-33.856857,151.148047,True,7,normal
68 Bowman Street Drummoyne,Drummoyne,328.9,-33.855376,151.149088,True,10,small
68 Day Street Drummoyne,Drummoyne,636.2,-33.856305,151.155869,True,6,normal
68 Lyons Road Drummoyne,Drummoyne,1322.0,-33.85277,151.151424,True,9,normal
68 Renwick Street Drummoyne,Drummoyne,416.8,-33.851746,151.156657,False,5,small
68 Thompson Street Drummoyne,Drummoyne,621.8,-33.854666,151.151323,True,6,normal
68 Victoria Road Drummoyne,Drummoyne,459.6,-33.854774,151.158486,True,10,normal
69 Bowman Street Drummoyne,Drummoyne,431.3,-33.856149,151.148856,False,5,small
69 Formosa Street Drummoyne,Drummoyne,319.7,-33.852662,151.154895,False,5,small
69 Gipps Street Drummoyne,Drummoyne,445.4,-33.856806,151.147967,True,8,small
69 St Georges Crescent Drummoyne,Drummoyne,486.9,-33.850757,151.158183,False,5,normal
69 Thompson Street Drummoyne,Drummoyne,580.3,-33.855901,151.151572,True,7,normal
69 Tranmere Street Drummoyne,Drummoyne,1645.1,-33.853984,151.152286,True,7,normal
6A Alexandra Street Drummoyne,Drummoyne,555.1,-33.853187,151.15988,False,5,normal
6B Plunkett Street Drummoyne,Drummoyne,528.8,-33.856114,151.151305,True,10,normal
7 Alexandra Street Drummoyne,Drummoyne,1069.0,-33.853673,151.159271,False,5,normal
7 Barney Street Drummoyne,Drummoyne,1064.0,-33.857475,151.146554,False,5,normal
7 Bayswater Street Drummoyne,Drummoyne,398.8,-33.852235,151.152132,True,8,small
7 Bowman Street Drummoyne,Drummoyne,396.6,-33.853281,151.153259,False,5,small
7 Bradley Street Drummoyne,Drummoyne,1360.0,-33.854923,151.145368,True,10,normal
7 Cometrowe Street Drummoyne,Drummoyne,677.4,-33.853213,151.150367,True,6,normal
7 Formosa Street Drummoyne,Drummoyne,299.5,-33.854936,151.157044,False,5,small
7 Henley Street Drummoyne,Drummoyne,437.5,-33.857193,151.15115,False,5,small
7 Lyons Road Drummoyne,Drummoyne,581.2,-33.849996,151.156708,False,5,normal
7 Market Street Drummoyne,Drummoyne,589.6,-33.857854,151.154731,True,7,normal
7 Moore Street Drummoyne,Drummoyne,737.5,-33.854577,151.147429,True,6,normal
7 Napier Street Drummoyne,Drummoyne,955.9,-33.849194,151.156255,True,6,normal
7 Plunkett Street Drummoyne,Drummoyne,376.4,-33.856644,151.151696,False,5,small
7 Polding Street Drummoyne,Drummoyne,854.6,-33.855103,151.152125,False,5,normal
7 Queen Victoria Street Drummoyne,Drummoyne,841.6,-33.851645,151.158822,False,5,normal
7 Richards Avenue Drummoyne,Drummoyne,704.5,-33.859182,151.148563,True,6,normal
7 South Street Drummoyne,Drummoyne,1420.7,-33.858634,151.155655,True,9,normal
7 Stuart Crescent Drummoyne,Drummoyne,954.1,-33.849154,151.15068,True,13,normal
7 The Esplanade Drummoyne,Drummoyne,718.3,-33.845649,151.148323,True,12,normal
7 Thornley Street Drummoyne,Drummoyne,493.7,-33.854951,151.160782,True,6,normal
7 Ullathorne Street Drummoyne,Drummoyne,360.9,-33.85775,151.150706,True,7,small
7 Wrights Road Drummoyne,Drummoyne,328.1,-33.849908,151.154143,False,5,small
70 Alexandra Street Drummoyne,Drummoyne,434.4,-33.850379,151.157018,False,5,small
70 Cary Street Drummoyne,Drummoyne,424.3,-33.856661,151.160617,False,5,small
70 Day Street Drummoyne,Drummoyne,616.9,-33.856389,151.155815,False,5,normal
70 Gipps Street Drummoyne,Drummoyne,320.2,-33.855994,151.148067,True,7,small
70 Renwick Street Drummoyne,Drummoyne,398.9,-33.851648,151.156646,False,5,small
70C St Georges Crescent Drummoyne,Drummoyne,1225.7,-33.849653,151.159422,True,9,normal
71 Alexandra Street Drummoyne,Drummoyne,511.3,-33.850685,151.156378,False,5,normal
71 Bowman Street Drummoyne,Drummoyne,374.0,-33.856206,151.148814,True,6,small
71 St Georges Crescent Drummoyne,Drummoyne,532.0,-33.850724,151.158133,False,5,normal
71 Thompson Street Drummoyne,Drummoyne,866.6,-33.855763,151.151545,True,6,normal
71 Tranmere Street Drummoyne,Drummoyne,1178.5,-33.85378,151.152286,False,5,normal
71 Victoria Road Drummoyne,Drummoyne,889.9,-33.855114,151.157923,True,9,normal
71P Day Street Drummoyne,Drummoyne,47628.0,-33.85716,151.157465,True,113,large
72 Alexandra Street Drummoyne,Drummoyne,659.6,-33.850327,151.156965,False,5,normal
72 Day Street Drummoyne,Drummoyne,2678.1,-33.856433,151.155554,True,8,large
72 Gipps Street Drummoyne,Drummoyne,341.2,-33.855958,151.148035,True,7,small
72 Renwick Street Drummoyne,Drummoyne,371.4,-33.851586,151.156586,False,5,small
72 Tranmere Street Drummoyne,Drummoyne,603.7,-33.853023,151.152409,True,9,normal
72 Wrights Road Drummoyne,Drummoyne,2492.1,-33.844137,151.152641,True,8,large
74 Alexandra Street Drummoyne,Drummoyne,1094.3,-33.850132,151.15651,False,5,normal
74 Bowman Street Drummoyne,Drummoyne,708.0,-33.855591,151.148827,False,5,normal
74 Renwick Street Drummoyne,Drummoyne,434.3,-33.851522,151.156523,False,5,small
74 Wrights Road Drummoyne,Drummoyne,3142.1,-33.843926,151.152565,True,9,large
75 Bowman Street Drummoyne,Drummoyne,387.2,-33.856262,151.148682,False,5,small
75 Formosa Street Drummoyne,Drummoyne,308.9,-33.852518,151.15476,False,5,small
75 Gipps Street Drummoyne,Drummoyne,505.9,-33.856579,151.147859,False,5,normal
75 Renwick Street Drummoyne,Drummoyne,355.0,-33.851598,151.155903,False,5,small
75 St Georges Crescent Drummoyne,Drummoyne,1698.3,-33.850619,151.157978,False,5,normal
75 Tranmere Street Drummoyne,Drummoyne,682.6,-33.8535,151.151886,True,9,normal
76 Gipps Street Drummoyne,Drummoyne,264.9,-33.855873,151.147907,True,7,small
76 Lyons Road Drummoyne,Drummoyne,477.8,-33.853159,151.151023,True,7,normal
76 Wrights Road Drummoyne,Drummoyne,1107.6,-33.843772,151.152634,True,10,normal
76P Wrights Road Drummoyne,Drummoyne,656.8,-33.843861,151.152831,True,7,normal
77 Formosa Street Drummoyne,Drummoyne,292.3,-33.852474,151.154718,False,5,small
77 Lyons Road Drummoyne,Drummoyne,200.5,-33.853178,151.151707,True,12,small
77 Tranmere Street Drummoyne,Drummoyne,690.8,-33.853281,151.151929,True,7,normal
78 Bowman Street Drummoyne,Drummoyne,681.3,-33.855725,151.148622,False,5,normal
78 Gipps Street Drummoyne,Drummoyne,527.7,-33.855828,151.147838,True,8,normal
78 Lyons Road Drummoyne,Drummoyne,228.0,-33.853196,151.150939,True,7,small
78P Wrights Road Drummoyne,Drummoyne,368.7,-33.843682,151.152346,False,5,small
79 St Georges Crescent Drummoyne,Drummoyne,538.3,-33.850453,151.157786,False,5,normal
7C Drummoyne Avenue Drummoyne,Drummoyne,1311.8,-33.843352,151.152777,True,17,normal
8 Alexandra Street Drummoyne,Drummoyne,1123.1,-33.853113,151.159804,False,5,normal
8 Bradley Street Drummoyne,Drummoyne,1048.5,-33.854317,151.144821,True,9,normal
8 Burnell Street Drummoyne,Drummoyne,700.2,-33.860335,151.149767,False,5,normal
8 Cambridge Road Drummoyne,Drummoyne,449.0,-33.844954,151.15102,True,7,small
8 Clements Street Drummoyne,Drummoyne,725.4,-33.85995,151.149329,False,5,normal
8 Collingwood Street Drummoyne,Drummoyne,995.0,-33.849121,151.155688,False,5,normal
8 Cometrowe Street Drummoyne,Drummoyne,420.0,-33.852798,151.15077,False,5,small
8 Day Street Drummoyne,Drummoyne,301.8,-33.854173,151.159231,True,6,small
8 Duncan Street Drummoyne,Drummoyne,588.5,-33.858211,151.155042,False,5,normal
8 Edwin Street Drummoyne,Drummoyne,353.0,-33.852984,151.155067,False,5,small
8 Gears Avenue Drummoyne,Drummoyne,572.9,-33.855455,151.145668,False,5,normal
8 Lyons Road Drummoyne,Drummoyne,860.5,-33.849272,151.156817,True,10,normal
8 Market Street Drummoyne,Drummoyne,434.7,-33.857617,151.154279,True,9,small
8 Park Avenue Drummoyne,Drummoyne,395.5,-33.855132,151.160556,True,7,small
8 Plunkett Street Drummoyne,Drummoyne,735.6,-33.856152,151.151191,True,6,normal
8 Seymour Street Drummoyne,Drummoyne,1140.6,-33.848578,151.153297,True,7,normal
8 South Street Drummoyne,Drummoyne,419.2,-33.856412,151.15429,True,7,small
8 Therry Street Drummoyne,Drummoyne,457.7,-33.8558,151.155431,False,5,normal
8 Thompson Street Drummoyne,Drummoyne,255.0,-33.858467,151.154878,True,7,small
8 Tranmere Street Drummoyne,Drummoyne,787.0,-33.85577,151.155041,True,7,normal
8 Ullathorne Street Drummoyne,Drummoyne,496.4,-33.857851,151.151533,True,7,normal
8-8A Moore Street Drummoyne,Drummoyne,850.7,-33.854074,151.147966,True,15,normal
80 Bowman Street Drummoyne,Drummoyne,716.8,-33.855791,151.14852,False,5,normal
80 Gipps Street Drummoyne,Drummoyne,417.6,-33.855147,151.147415,False,5,small
80 Lyons Road Drummoyne,Drummoyne,662.2,-33.853393,151.150736,True,16,normal
81 Alexandra Street Drummoyne,Drummoyne,854.1,-33.85025,151.155954,True,7,normal
81 Thompson Street Drummoyne,Drummoyne,410.9,-33.855197,151.151056,False,5,small
82 Bowman Street Drummoyne,Drummoyne,693.9,-33.855859,151.148415,False,5,normal
82 Gipps Street Drummoyne,Drummoyne,411.1,-33.855082,151.147399,True,6,small
82 Renwick Street Drummoyne,Drummoyne,361.7,-33.851136,151.156143,False,5,small
82 Wrights Road Drummoyne,Drummoyne,716.7,-33.843464,151.152453,True,6,normal
83 Formosa Street Drummoyne,Drummoyne,301.6,-33.852324,151.154578,False,5,small
83 Thompson Street Drummoyne,Drummoyne,386.0,-33.855125,151.150988,False,5,small
84 Renwick Street Drummoyne,Drummoyne,371.6,-33.851072,151.156081,False,5,small
84 Thompson Street Drummoyne,Drummoyne,357.3,-33.853422,151.150094,False,5,small
84 Wrights Road Drummoyne,Drummoyne,790.5,-33.843313,151.152484,True,7,normal
85 Gipps Street Drummoyne,Drummoyne,805.3,-33.855514,151.14679,True,6,normal
85 Lyons Road Drummoyne,Drummoyne,1220.6,-33.853357,151.151683,True,14,normal
85 St Georges Crescent Drummoyne,Drummoyne,622.9,-33.85033,151.157584,True,7,normal
85 Thompson Street Drummoyne,Drummoyne,406.4,-33.855054,151.150921,False,5,small
86 Gipps Street Drummoyne,Drummoyne,606.1,-33.854978,151.147209,True,7,normal
86 Renwick Street Drummoyne,Drummoyne,349.8,-33.851008,151.156018,False,5,small
86 Wrights Road Drummoyne,Drummoyne,686.5,-33.843187,151.152405,True,6,normal
87 Formosa Street Drummoyne,Drummoyne,319.6,-33.852232,151.154491,False,5,small
87 Gipps Street Drummoyne,Drummoyne,339.1,-33.855412,151.146771,True,8,small
87 Renwick Street Drummoyne,Drummoyne,418.0,-33.851216,151.155543,False,5,small
87 St Georges Crescent Drummoyne,Drummoyne,589.1,-33.850301,151.157486,True,9,normal
87 Thompson Street Drummoyne,Drummoyne,703.6,-33.855013,151.15078,True,7,normal
87A Thompson Street Drummoyne,Drummoyne,742.4,-33.8549,151.150723,False,5,normal
88 Thompson Street Drummoyne,Drummoyne,344.8,-33.853335,151.150012,False,5,small
89 Gipps Street Drummoyne,Drummoyne,342.7,-33.855385,151.146745,True,8,small
89 Renwick Street Drummoyne,Drummoyne,414.6,-33.851149,151.15548,False,5,small
89 St Georges Crescent Drummoyne,Drummoyne,793.8,-33.850124,151.157521,True,7,normal
89 Thompson Street Drummoyne,Drummoyne,713.7,-33.854803,151.150633,False,5,normal
8A Lyons Road Drummoyne,Drummoyne,617.8,-33.849415,151.156737,True,6,normal
8A Thompson Street Drummoyne,Drummoyne,333.5,-33.858434,151.154901,True,9,small
9 Alexandra Street Drummoyne,Drummoyne,1014.1,-33.853512,151.159238,False,5,normal
9 Arcadia Avenue Drummoyne,Drummoyne,545.3,-33.854048,151.160976,False,5,normal
9 Barney Street Drummoyne,Drummoyne,1071.9,-33.857396,151.146375,True,7,normal
9 Budd Street Drummoyne,Drummoyne,346.4,-33.855709,151.146276,True,8,small
9 Drummoyne Avenue Drummoyne,Drummoyne,1030.1,-33.843279,151.151908,True,10,normal
9 Formosa Street Drummoyne,Drummoyne,316.1,-33.854884,151.156996,False,5,small
9 Market Street Drummoyne,Drummoyne,589.3,-33.857913,151.15463,True,10,normal
9 Marlborough Street Drummoyne,Drummoyne,780.4,-33.851036,151.152548,True,6,normal
9 Millar Street Drummoyne,Drummoyne,841.1,-33.859268,151.149019,False,5,normal
9 Moore Street Drummoyne,Drummoyne,741.9,-33.854537,151.147269,True,7,normal
9 Napier Street Drummoyne,Drummoyne,3157.1,-33.849294,151.155941,True,14,large
9 Plunkett Street Drummoyne,Drummoyne,324.9,-33.856672,151.151652,False,5,small
9 Polding Street Drummoyne,Drummoyne,665.3,-33.855687,151.151072,True,9,normal
9 Richards Avenue Drummoyne,Drummoyne,707.4,-33.859219,151.148468,False,5,normal
9 Riverside Mews Drummoyne,Drummoyne,356.6,-33.84731,151.150391,True,7,small
9 Stuart Crescent Drummoyne,Drummoyne,944.0,-33.849166,151.150539,True,17,normal
9 The Esplanade Drummoyne,Drummoyne,877.9,-33.845723,151.148625,True,10,normal
9 Therry Street Drummoyne,Drummoyne,442.3,-33.85707,151.154494,False,5,small
9 Tranmere Street Drummoyne,Drummoyne,635.1,-33.857013,151.155182,False,5,normal
90 Bowman Street Drummoyne,Drummoyne,617.1,-33.856559,151.14734,True,6,normal
90 Renwick Street Drummoyne,Drummoyne,345.0,-33.850884,151.155845,True,9,small
90 St Georges Crescent Drummoyne,Drummoyne,7497.4,-33.847987,151.156709,True,9,large
91 Gipps Street Drummoyne,Drummoyne,323.1,-33.855333,151.146691,True,6,small
91 Renwick Street Drummoyne,Drummoyne,397.9,-33.851096,151.155389,True,6,small
91 St Georges Crescent Drummoyne,Drummoyne,896.4,-33.849988,151.157463,True,7,normal
92 Bowman Street Drummoyne,Drummoyne,412.1,-33.856623,151.147243,True,6,small
92 Gipps Street Drummoyne,Drummoyne,409.6,-33.854683,151.146989,True,9,small
92 Thompson Street Drummoyne,Drummoyne,663.7,-33.85323,151.149914,False,5,normal
93 St Georges Crescent Drummoyne,Drummoyne,1181.6,-33.849668,151.157335,True,7,normal
94 Gipps Street Drummoyne,Drummoyne,454.9,-33.854646,151.14698,True,10,normal
94 Renwick Street Drummoyne,Drummoyne,327.2,-33.850624,151.155642,False,5,small
94 Thompson Street Drummoyne,Drummoyne,680.6,-33.853144,151.149833,False,5,normal
95 Gipps Street Drummoyne,Drummoyne,286.0,-33.855255,151.146632,True,7,small
95 Lyons Road Drummoyne,Drummoyne,1077.1,-33.853697,151.151262,True,6,normal
96 Gipps Street Drummoyne,Drummoyne,406.7,-33.854588,151.146901,True,9,small
96 Renwick Street Drummoyne,Drummoyne,320.1,-33.850561,151.155579,False,5,small
96 Thompson Street Drummoyne,Drummoyne,650.4,-33.853058,151.149752,False,5,normal
97 Gipps Street Drummoyne,Drummoyne,593.2,-33.855085,151.146531,False,5,normal
97 Lyons Road Drummoyne,Drummoyne,1012.2,-33.853753,151.151102,True,7,normal
98 Gipps Street Drummoyne,Drummoyne,463.2,-33.854562,151.146876,True,9,normal
98 Thompson Street Drummoyne,Drummoyne,690.6,-33.852971,151.149671,False,5,normal
99 Gipps Street Drummoyne,Drummoyne,615.3,-33.855005,151.146457,False,5,normal
99 Lyons Road Drummoyne,Drummoyne,997.3,-33.853868,151.151003,True,6,normal
99 Thompson Street Drummoyne,Drummoyne,812.6,-33.854364,151.150194,False,5,normal
9A Drummoyne Avenue Drummoyne,Drummoyne,676.5,-33.843367,151.151738,True,8,normal
9B Wrights Road Drummoyne,Drummoyne,402.3,-33.849325,151.153807,False,5,small
9C Wrights Road Drummoyne,Drummoyne,798.7,-33.849282,151.153598,True,6,normal
9D Wrights Road Drummoyne,Drummoyne,736.1,-33.849151,151.153609,False,5,normal
1 Betts Avenue Five Dock,Five Dock,559.1,-33.864187,151.135982,True,7,normal
1 Connecticut Avenue Five Dock,Five Dock,537.3,-33.871622,151.135293,True,10,normal
1 Elizabeth Street Five Dock,Five Dock,947.8,-33.865815,151.124141,False,5,normal
1 Erina Avenue Five Dock,Five Dock,1508.4,-33.864183,151.134583,True,7,normal
1 Gildea Avenue Five Dock,Five Dock,635.1,-33.86173,151.132637,False,5,normal
1 Harrabrook Avenue Five Dock,Five Dock,581.9,-33.87259,151.131952,True,11,normal
1 Hill Street Five Dock,Five Dock,1293.0,-33.860446,151.130185,True,8,normal
1 Ingham Avenue Five Dock,Five Dock,533.4,-33.872382,151.135821,True,8,normal
1 Innes Street Five Dock,Five Dock,700.0,-33.863671,151.129227,False,5,normal
1 James Street Five Dock,Five Dock,1223.4,-33.864147,151.123872,True,9,normal
1 Kerin Avenue Five Dock,Five Dock,476.2,-33.863164,151.130149,False,5,normal
1 Lavender Street Five Dock,Five Dock,600.7,-33.871512,151.124572,True,7,normal
1 Mcgrath Avenue Five Dock,Five Dock,581.3,-33.863163,151.127428,True,6,normal
1 Mitchell Street Five Dock,Five Dock,491.5,-33.863477,151.135249,True,6,normal
1 Murralong Avenue Five Dock,Five Dock,555.2,-33.871781,151.131662,True,8,normal
1 Newcastle Street Five Dock,Five Dock,508.0,-33.865638,151.128416,False,5,normal
1 Norman Street Five Dock,Five Dock,464.7,-33.87084,151.136635,True,6,normal
1 Pine Avenue Five Dock,Five Dock,938.2,-33.862454,151.134008,True,7,normal
1 Preston Avenue Five Dock,Five Dock,640.1,-33.864326,151.125115,True,6,normal
1 Queens Road Five Dock,Five Dock,453.4,-33.870737,151.128477,True,7,normal
1 Rodd Road Five Dock,Five Dock,1007.6,-33.864995,151.132507,False,5,normal
1 Taylor Street Five Dock,Five Dock,740.8,-33.869297,151.112013,True,8,normal
1 Udall Avenue Five Dock,Five Dock,691.2,-33.863863,151.12689,True,7,normal
1 Wangal Place Five Dock,Five Dock,713.3,-33.872326,151.127749,True,6,normal
1 Waterview Street Five Dock,Five Dock,2931.5,-33.868624,151.13023,True,18,large
1 York Avenue Five Dock,Five Dock,425.0,-33.871958,151.125336,True,7,small
10 Arlington Street Five Dock,Five Dock,669.5,-33.872389,151.126718,True,6,normal
10 Bennett Avenue Five Dock,Five Dock,429.9,-33.864121,151.135749,False,5,small
10 Betts Avenue Five Dock,Five Dock,520.9,-33.863492,151.136594,True,6,normal
10 Charles Street Five Dock,Five Dock,577.2,-33.862058,151.13189,True,6,normal
10 Great North Road Five Dock,Five Dock,723.4,-33.873159,151.127693,False,5,normal
10 Harris Road Five Dock,Five Dock,549.7,-33.870417,151.122411,True,7,normal
10 Heath Street Five Dock,Five Dock,429.7,-33.868409,151.139012,False,5,small
10 Ingham Avenue Five Dock,Five Dock,500.7,-33.871664,151.13638,False,5,normal
10 James Street Five Dock,Five Dock,556.9,-33.863586,151.124491,True,6,normal
10 Kingsford Avenue Five Dock,Five Dock,397.4,-33.870832,151.130654,True,7,small
10 Murralong Avenue Five Dock,Five Dock,546.0,-33.871397,151.13112,False,5,normal
10 Norman Street Five Dock,Five Dock,555.4,-33.869521,151.136811,False,5,normal
10 Queens Road Five Dock,Five Dock,512.6,-33.870229,151.128441,True,10,normal
10 Ramsay Road Five Dock,Five Dock,512.5,-33.871836,151.132489,True,6,normal
10 Taylor Street Five Dock,Five Dock,734.0,-33.868925,151.112826,False,5,normal
100 First Avenue Five Dock,Five Dock,939.8,-33.867015,151.137536,False,5,normal
100 Ingham Avenue Five Dock,Five Dock,558.4,-33.864569,151.137372,False,5,normal
101 Kings Road Five Dock,Five Dock,520.0,-33.869067,151.122255,False,5,normal
102 Queens Road Five Dock,Five Dock,525.3,-33.869293,151.121494,True,6,normal
104 Queens Road Five Dock,Five Dock,519.6,-33.869227,151.121374,True,6,normal
104 William Street Five Dock,Five Dock,6138.6,-33.868238,151.11948,True,41,large
105 Great North Road Five Dock,Five Dock,411.0,-33.869127,151.129235,False,5,small
105 Kings Road Five Dock,Five Dock,556.2,-33.869108,151.121964,True,6,normal
106 First Avenue Five Dock,Five Dock,476.9,-33.867139,151.137117,False,5,normal
106 Ingham Avenue Five Dock,Five Dock,490.7,-33.864026,151.137352,True,7,normal
106 Kings Road Five Dock,Five Dock,663.8,-33.868315,151.121374,False,5,normal
106A Kings Road Five Dock,Five Dock,662.3,-33.868304,151.121292,False,5,normal
107 Kings Road Five Dock,Five Dock,577.4,-33.869045,151.12187,True,6,normal
108 First Avenue Five Dock,Five Dock,479.4,-33.867125,151.137026,True,6,normal
108 Ingham Avenue Five Dock,Five Dock,465.3,-33.863949,151.137354,False,5,normal
108 Kings Road Five Dock,Five Dock,681.7,-33.868293,151.121211,False,5,normal
109 Kings Road Five Dock,Five Dock,562.4,-33.869028,151.121744,True,6,normal
10A Courland Street Five Dock,Five Dock,431.1,-33.870393,151.124598,True,6,small
11 Arlington Street Five Dock,Five Dock,610.6,-33.871942,151.126106,True,8,normal
11 Augusta Street Five Dock,Five Dock,1049.6,-33.869036,151.137169,True,9,normal
11 Barnstaple Road Five Dock,Five Dock,482.8,-33.865731,151.131555,False,5,normal
11 Charles Street Five Dock,Five Dock,607.7,-33.862549,151.131705,True,6,normal
11 Courland Street Five Dock,Five Dock,642.8,-33.870965,151.124029,False,5,normal
11 Erina Avenue Five Dock,Five Dock,1261.3,-33.864531,151.133879,True,11,normal
11 Great North Road Five Dock,Five Dock,941.5,-33.872852,151.126883,True,10,normal
11 Harris Road Five Dock,Five Dock,513.4,-33.868174,151.12236,False,5,normal
11 Henry Street Five Dock,Five Dock,423.0,-33.866471,151.128486,True,6,small
11 Hill Street Five Dock,Five Dock,870.5,-33.860327,151.129412,True,15,normal
11 Ingham Avenue Five Dock,Five Dock,509.3,-33.872029,151.135765,False,5,normal
11 Minnesota Avenue Five Dock,Five Dock,623.1,-33.870741,151.134471,False,5,normal
11 Murralong Avenue Five Dock,Five Dock,643.8,-33.87197,151.131058,True,6,normal
11 Myler Street Five Dock,Five Dock,410.3,-33.866874,151.121917,True,12,small
11 Park Road Five Dock,Five Dock,482.1,-33.869056,151.132312,True,9,normal
11 Pine Avenue Five Dock,Five Dock,1003.0,-33.86177,151.134088,False,5,normal
11 Preston Avenue Five Dock,Five Dock,681.3,-33.863771,151.12487,True,6,normal
11 Scott Street Five Dock,Five Dock,682.7,-33.865169,151.125448,False,5,normal
11 Trevanion Street Five Dock,Five Dock,1040.4,-33.864847,151.132908,True,6,normal
11 West Street Five Dock,Five Dock,671.5,-33.865072,151.128387,True,7,normal
110 First Avenue Five Dock,Five Dock,980.1,-33.867154,151.136926,True,6,normal
110 Ingham Avenue Five Dock,Five Dock,467.7,-33.863864,151.137369,False,5,normal
110 Kings Road Five Dock,Five Dock,938.5,-33.868232,151.121028,True,6,normal
111 Great North Road Five Dock,Five Dock,230.0,-33.869034,151.129251,False,5,small
111 Kings Road Five Dock,Five Dock,574.4,-33.869011,151.121619,True,6,normal
112 First Avenue Five Dock,Five Dock,782.1,-33.867194,151.136785,True,6,normal
112 Kings Road Five Dock,Five Dock,959.7,-33.868253,151.120918,False,5,normal
112 Queens Road Five Dock,Five Dock,518.8,-33.869212,151.120901,True,6,normal
113 Great North Road Five Dock,Five Dock,223.2,-33.869001,151.129256,False,5,small
113 Kings Road Five Dock,Five Dock,562.1,-33.868994,151.121493,True,6,normal
114 First Avenue Five Dock,Five Dock,790.3,-33.867273,151.136652,False,5,normal
114 Queens Road Five Dock,Five Dock,512.0,-33.869196,151.120782,True,6,normal
115 Great North Road Five Dock,Five Dock,216.5,-33.868955,151.129264,False,5,small
115A Great North Road Five Dock,Five Dock,216.5,-33.868955,151.129264,False,5,small
116A First Avenue Five Dock,Five Dock,1014.9,-33.867368,151.136363,True,9,normal
118 Ingham Avenue Five Dock,Five Dock,609.4,-33.863443,151.137432,True,6,normal
11A Murralong Avenue Five Dock,Five Dock,640.8,-33.871949,151.130905,True,8,normal
11A Preston Avenue Five Dock,Five Dock,681.4,-33.863661,151.124835,True,6,normal
12 Courland Street Five Dock,Five Dock,481.4,-33.870093,151.124624,False,5,normal
12 Elizabeth Street Five Dock,Five Dock,765.2,-33.865342,151.124813,False,5,normal
12 Gildea Avenue Five Dock,Five Dock,536.3,-33.861459,151.131933,True,6,normal
12 Great North Road Five Dock,Five Dock,643.5,-33.873032,151.127683,True,6,normal
12 Harrabrook Avenue Five Dock,Five Dock,724.6,-33.872242,151.131109,True,6,normal
12 Henley Marine Drive Five Dock,Five Dock,878.4,-33.872577,151.134806,False,5,normal
12 Henry Street Five Dock,Five Dock,242.0,-33.866075,151.128384,False,5,small
12 James Street Five Dock,Five Dock,551.7,-33.863478,151.124458,True,6,normal
12 Kingsford Avenue Five Dock,Five Dock,416.7,-33.870902,151.130602,True,7,small
12 Lavender Street Five Dock,Five Dock,422.3,-33.871076,151.125233,True,6,small
12 Mcgrath Avenue Five Dock,Five Dock,565.3,-33.863574,151.128246,True,6,normal
12 Minnesota Avenue Five Dock,Five Dock,454.5,-33.870191,151.134438,False,5,normal
12 Murralong Avenue Five Dock,Five Dock,526.5,-33.87139,151.131005,True,6,normal
12 New Jersey Road Five Dock,Five Dock,1008.7,-33.871877,151.135194,True,10,normal
12 Newcastle Street Five Dock,Five Dock,914.5,-33.865041,151.127491,False,5,normal
12 Norman Street Five Dock,Five Dock,603.6,-33.869423,151.136777,False,5,normal
12 Preston Avenue Five Dock,Five Dock,766.3,-33.863636,151.125436,True,7,normal
12 Queens Road Five Dock,Five Dock,499.8,-33.870229,151.128312,True,10,normal
12 Rodd Road Five Dock,Five Dock,998.3,-33.864558,151.132022,False,5,normal
12 Sutton Street Five Dock,Five Dock,910.0,-33.866846,151.132565,True,7,normal
12 Udall Avenue Five Dock,Five Dock,600.6,-33.862937,151.127053,True,17,normal
12 York Avenue Five Dock,Five Dock,437.2,-33.871655,151.125857,True,6,small
120 Great North Road Five Dock,Five Dock,906.8,-33.867005,151.130456,True,13,normal
120 Ingham Avenue Five Dock,Five Dock,575.4,-33.86332,151.137465,False,5,normal
121 Great North Road Five Dock,Five Dock,384.0,-33.868804,151.129242,True,8,small
121 Kings Road Five Dock,Five Dock,563.0,-33.868926,151.120994,True,6,normal
121A Great North Road Five Dock,Five Dock,384.0,-33.868804,151.129242,True,8,small
122 Ingham Avenue Five Dock,Five Dock,604.1,-33.863207,151.137485,False,5,normal
123 Kings Road Five Dock,Five Dock,566.4,-33.868909,151.12087,True,6,normal
124 Ingham Avenue Five Dock,Five Dock,573.4,-33.863117,151.1375,False,5,normal
124A Great North Road Five Dock,Five Dock,322.8,-33.866807,151.130494,True,7,small
128 Ingham Avenue Five Dock,Five Dock,581.3,-33.862893,151.13754,False,5,normal
129 Kings Road Five Dock,Five Dock,521.4,-33.868887,151.120484,False,5,normal
13 Arlington Street Five Dock,Five Dock,630.3,-33.871844,151.126118,True,8,normal
13 Betts Avenue Five Dock,Five Dock,591.7,-33.863334,151.136149,True,6,normal
13 Charles Street Five Dock,Five Dock,621.0,-33.862529,151.131827,True,6,normal
13 Connecticut Avenue Five Dock,Five Dock,1003.4,-33.871857,151.134415,False,5,normal
13 Corden Avenue Five Dock,Five Dock,693.7,-33.863987,151.123286,True,6,normal
13 East Street Five Dock,Five Dock,606.9,-33.867006,151.128851,False,5,normal
13 Garfield Street Five Dock,Five Dock,793.2,-33.868495,151.127708,False,5,normal
13 Gildea Avenue Five Dock,Five Dock,539.7,-33.8619,151.131662,False,5,normal
13 Harris Road Five Dock,Five Dock,310.5,-33.868076,151.12238,False,5,small
13 Henley Marine Drive Five Dock,Five Dock,568.4,-33.872583,151.135223,False,5,normal
13 Kings Road Five Dock,Five Dock,875.1,-33.869815,151.128111,False,5,normal
13 Kingsford Avenue Five Dock,Five Dock,423.2,-33.87114,151.130686,True,8,small
13 Lancelot Street Five Dock,Five Dock,424.2,-33.86755,151.127076,False,5,small
13 Lavender Street Five Dock,Five Dock,434.4,-33.870846,151.12477,False,5,small
13 Minnesota Avenue Five Dock,Five Dock,735.3,-33.870807,151.134372,True,6,normal
13 Newcastle Street Five Dock,Five Dock,844.4,-33.865715,151.127197,True,6,normal
13 Norman Street Five Dock,Five Dock,960.3,-33.870128,151.136384,True,6,normal
13 Queens Road Five Dock,Five Dock,1042.9,-33.870829,151.127802,True,7,normal
13 Ramsay Road Five Dock,Five Dock,263.7,-33.872475,151.132192,True,6,small
13 Rodd Road Five Dock,Five Dock,488.4,-33.865278,151.131584,False,5,normal
13 Scott Street Five Dock,Five Dock,438.5,-33.865077,151.125356,True,13,small
13 Sutton Street Five Dock,Five Dock,562.8,-33.866584,151.131928,True,6,normal
13 Taylor Street Five Dock,Five Dock,686.8,-33.868635,151.112237,False,5,normal
13 York Avenue Five Dock,Five Dock,428.6,-33.871051,151.125503,True,7,small
130 First Avenue Five Dock,Five Dock,651.2,-33.868413,151.131946,False,5,normal
130 Great North Road Five Dock,Five Dock,559.4,-33.866408,151.130448,False,5,normal
131 Kings Road Five Dock,Five Dock,519.7,-33.868812,151.120379,False,5,normal
131 Queens Road Five Dock,Five Dock,676.5,-33.868635,151.113452,True,6,normal
132 Great North Road Five Dock,Five Dock,607.7,-33.866168,151.130483,True,6,normal
132 Ingham Avenue Five Dock,Five Dock,591.2,-33.862663,151.137562,True,7,normal
133 Great North Road Five Dock,Five Dock,362.4,-33.868311,151.129304,True,11,small
133 Kings Road Five Dock,Five Dock,789.5,-33.868833,151.120248,True,6,normal
134 First Avenue Five Dock,Five Dock,902.5,-33.868537,151.131655,False,5,normal
136 First Avenue Five Dock,Five Dock,924.1,-33.868571,151.131496,False,5,normal
136 Ingham Avenue Five Dock,Five Dock,557.3,-33.862421,151.137604,True,7,normal
138 First Avenue Five Dock,Five Dock,419.1,-33.868602,151.131354,False,5,small
138 Ingham Avenue Five Dock,Five Dock,580.2,-33.862325,151.137621,True,7,normal
14 Arlington Street Five Dock,Five Dock,641.1,-33.872167,151.12673,True,7,normal
14 Augusta Street Five Dock,Five Dock,999.4,-33.868509,151.137777,True,6,normal
14 Barnstaple Road Five Dock,Five Dock,533.7,-33.865988,151.131995,False,5,normal
14 Bennett Avenue Five Dock,Five Dock,431.6,-33.863902,151.13581,True,6,small
14 Charles Street Five Dock,Five Dock,576.9,-33.861998,151.13224,True,6,normal
14 Connecticut Avenue Five Dock,Five Dock,512.5,-33.871304,151.134171,False,5,normal
14 Great North Road Five Dock,Five Dock,667.3,-33.872738,151.127743,True,6,normal
14 Heath Street Five Dock,Five Dock,416.7,-33.868224,151.138937,True,7,small
14 Henley Marine Drive Five Dock,Five Dock,513.8,-33.872512,151.135322,False,5,normal
14 Ingham Avenue Five Dock,Five Dock,505.0,-33.871527,151.136366,True,6,normal
14 James Street Five Dock,Five Dock,546.4,-33.863372,151.124426,True,6,normal
14 Longview Street Five Dock,Five Dock,492.6,-33.870967,151.127228,False,5,normal
14 Mcgrath Avenue Five Dock,Five Dock,555.2,-33.863492,151.128374,True,12,normal
14 Mckinnon Avenue Five Dock,Five Dock,602.6,-33.862846,151.131417,True,6,normal
14 Minnesota Avenue Five Dock,Five Dock,434.8,-33.870208,151.134369,False,5,small
14 Murralong Avenue Five Dock,Five Dock,530.8,-33.871394,151.130891,True,7,normal
14 Norman Street Five Dock,Five Dock,625.8,-33.869316,151.136825,True,6,normal
14 Sutton Street Five Dock,Five Dock,502.1,-33.866726,151.132562,True,6,normal
14 Taylor Street Five Dock,Five Dock,718.3,-33.868711,151.112883,False,5,normal
14 Waterview Street Five Dock,Five Dock,440.7,-33.868184,151.131168,False,5,small
14-16 Rodd Road Five Dock,Five Dock,2083.9,-33.86461,151.13181,True,7,large
14-16 Spencer Street Five Dock,Five Dock,1382.4,-33.869543,151.117895,True,10,normal
142 Great North Road Five Dock,Five Dock,612.3,-33.865484,151.130635,False,5,normal
143 Great North Road Five Dock,Five Dock,420.8,-33.86809,151.129371,False,5,small
145 Great North Road Five Dock,Five Dock,315.8,-33.868029,151.129466,False,5,small
15 Arlington Street Five Dock,Five Dock,760.2,-33.87174,151.126161,True,8,normal
15 Charles Street Five Dock,Five Dock,617.4,-33.862506,151.131961,True,6,normal
15 Connecticut Avenue Five Dock,Five Dock,1007.9,-33.871896,151.134256,False,5,normal
15 Courland Street Five Dock,Five Dock,588.8,-33.870751,151.124066,False,5,normal
15 Elizabeth Street Five Dock,Five Dock,909.6,-33.865078,151.124214,True,7,normal
15 Fairlight Street Five Dock,Five Dock,571.0,-33.869919,151.133876,True,8,normal
15 Great North Road Five Dock,Five Dock,856.2,-33.872625,151.12706,True,6,normal
15 Halley Street Five Dock,Five Dock,568.3,-33.861084,151.132739,False,5,normal
15 Harrabrook Avenue Five Dock,Five Dock,569.9,-33.872841,151.131106,False,5,normal
15 Henley Marine Drive Five Dock,Five Dock,646.6,-33.872498,151.13544,False,5,normal
15 Ingham Avenue Five Dock,Five Dock,661.6,-33.871823,151.135692,False,5,normal
15 Kings Road Five Dock,Five Dock,548.6,-33.86985,151.127743,True,6,normal
15 Lavender Street Five Dock,Five Dock,444.0,-33.870735,151.124792,False,5,small
15 Mcgrath Avenue Five Dock,Five Dock,649.6,-33.863083,151.12852,True,11,normal
15 Minnesota Avenue Five Dock,Five Dock,531.7,-33.870862,151.134275,True,6,normal
15 Murralong Avenue Five Dock,Five Dock,643.9,-33.871948,151.130771,True,12,normal
15 Newcastle Street Five Dock,Five Dock,571.7,-33.865627,151.127117,True,6,normal
15 Park Road Five Dock,Five Dock,482.9,-33.868899,151.132375,False,5,normal
15 Pine Avenue Five Dock,Five Dock,1004.2,-33.861498,151.134115,False,5,normal
15 Preston Avenue Five Dock,Five Dock,681.4,-33.86355,151.124801,True,6,normal
15 Rodd Road Five Dock,Five Dock,510.0,-33.865305,151.131497,False,5,normal
15 Taylor Street Five Dock,Five Dock,671.3,-33.868528,151.112271,False,5,normal
15 Udall Avenue Five Dock,Five Dock,568.5,-33.863034,151.126768,True,7,normal
15 Waterview Street Five Dock,Five Dock,546.9,-33.868012,151.130615,False,5,normal
153 First Avenue Five Dock,Five Dock,900.7,-33.869136,151.131972,True,9,normal
155 First Avenue Five Dock,Five Dock,611.1,-33.869155,151.131821,False,5,normal
155 Great North Road Five Dock,Five Dock,1004.7,-33.867663,151.129282,True,11,normal
159 Great North Road Five Dock,Five Dock,303.0,-33.867513,151.129575,True,7,small
16 Arlington Street Five Dock,Five Dock,660.1,-33.872059,151.126792,True,6,normal
16 Barnstaple Road Five Dock,Five Dock,698.7,-33.865979,151.132209,False,5,normal
16 Bennett Avenue Five Dock,Five Dock,465.2,-33.863785,151.135833,True,6,normal
16 Betts Avenue Five Dock,Five Dock,557.5,-33.863088,151.136671,True,6,normal
16 Connecticut Avenue Five Dock,Five Dock,509.9,-33.871324,151.13409,False,5,normal
16 Elizabeth Street Five Dock,Five Dock,756.6,-33.865132,151.124883,True,7,normal
16 Erina Avenue Five Dock,Five Dock,565.2,-33.863736,151.134185,True,6,normal
16 Garfield Street Five Dock,Five Dock,933.3,-33.867988,151.127927,True,6,normal
16 Gildea Avenue Five Dock,Five Dock,551.2,-33.861511,151.131634,True,6,normal
16 Henry Street Five Dock,Five Dock,392.5,-33.866046,151.128195,False,5,small
16 Ingham Avenue Five Dock,Five Dock,502.1,-33.871467,151.136311,False,5,normal
16 James Street Five Dock,Five Dock,542.8,-33.863281,151.124398,True,6,normal
16 Longview Street Five Dock,Five Dock,507.9,-33.87091,151.127152,True,7,normal
16 Mckinnon Avenue Five Dock,Five Dock,593.8,-33.862869,151.131277,True,6,normal
16 Minnesota Avenue Five Dock,Five Dock,502.5,-33.8702,151.134276,True,8,normal
16 Murralong Avenue Five Dock,Five Dock,548.6,-33.871443,151.130793,True,6,normal
16 Newcastle Street Five Dock,Five Dock,850.1,-33.865021,151.127227,False,5,normal
16 Preston Avenue Five Dock,Five Dock,648.4,-33.863457,151.125364,False,5,normal
16 Ramsay Road Five Dock,Five Dock,506.0,-33.871488,151.132545,False,5,normal
16 Sutton Street Five Dock,Five Dock,409.7,-33.866654,151.132541,False,5,small
16 Taylor Street Five Dock,Five Dock,713.3,-33.868602,151.112911,False,5,normal
16 Trevanion Street Five Dock,Five Dock,637.1,-33.863437,151.133748,False,5,normal
16 Waterview Street Five Dock,Five Dock,865.7,-33.868109,151.131215,True,6,normal
16 West Street Five Dock,Five Dock,422.8,-33.86684,151.128513,False,5,small
16 York Avenue Five Dock,Five Dock,420.4,-33.871462,151.125915,True,7,small
161 First Avenue Five Dock,Five Dock,574.1,-33.869204,151.131597,False,5,normal
165-167 Great North Road Five Dock,Five Dock,1978.5,-33.867358,151.129413,True,17,normal
167-169 First Avenue Five Dock,Five Dock,2531.9,-33.869295,151.131327,True,10,large
17 Arlington Street Five Dock,Five Dock,877.5,-33.871602,151.126132,True,9,normal
17 Betts Avenue Five Dock,Five Dock,574.5,-33.863065,151.136202,True,6,normal
17 Charles Street Five Dock,Five Dock,615.5,-33.862463,151.132091,False,5,normal
17 Corden Avenue Five Dock,Five Dock,587.0,-33.864173,151.123178,False,5,normal
17 Courland Street Five Dock,Five Dock,628.5,-33.870645,151.124086,False,5,normal
17 East Street Five Dock,Five Dock,350.6,-33.866811,151.128869,False,5,small
17 Fairlight Street Five Dock,Five Dock,531.1,-33.869954,151.133769,True,6,normal
17 Great North Road Five Dock,Five Dock,893.0,-33.872512,151.127085,True,6,normal
17 Harrabrook Avenue Five Dock,Five Dock,625.4,-33.872775,151.130962,True,8,normal
17 Harris Road Five Dock,Five Dock,434.8,-33.867902,151.122414,False,5,small
17 Henley Marine Drive Five Dock,Five Dock,529.7,-33.872549,151.135715,False,5,normal
17 Ingham Avenue Five Dock,Five Dock,659.0,-33.871747,151.135613,True,6,normal
17 Lavender Street Five Dock,Five Dock,466.1,-33.870623,151.124714,True,8,normal
17 Mcgrath Avenue Five Dock,Five Dock,641.9,-33.862978,151.128588,True,11,normal
17 Murralong Avenue Five Dock,Five Dock,654.1,-33.871867,151.130603,True,12,normal
17 Myler Street Five Dock,Five Dock,219.8,-33.866874,151.121675,True,9,small
17 Preston Avenue Five Dock,Five Dock,693.7,-33.863401,151.124877,True,14,normal
17 Queens Road Five Dock,Five Dock,962.0,-33.870675,151.127324,True,7,normal
17 Sutton Street Five Dock,Five Dock,874.0,-33.866387,151.132017,False,5,normal
17 Taylor Street Five Dock,Five Dock,740.1,-33.868412,151.112328,True,6,normal
17 Trevanion Street Five Dock,Five Dock,1049.5,-33.864226,151.133006,False,5,normal
17 West Street Five Dock,Five Dock,757.6,-33.864802,151.128429,True,6,normal
171 First Avenue Five Dock,Five Dock,1241.3,-33.869343,151.13098,True,7,normal
17A Henley Marine Drive Five Dock,Five Dock,617.8,-33.872534,151.135839,False,5,normal
17A Queens Road Five Dock,Five Dock,962.0,-33.870675,151.127324,True,7,normal
18 Bennett Avenue Five Dock,Five Dock,425.2,-33.86367,151.135856,True,6,small
18 Betts Avenue Five Dock,Five Dock,531.0,-33.862959,151.136696,True,6,normal
18 Elizabeth Street Five Dock,Five Dock,971.6,-33.865073,151.124984,True,10,normal
18 Ingham Avenue Five Dock,Five Dock,1026.8,-33.871374,151.136278,False,5,normal
18 Longview Street Five Dock,Five Dock,510.3,-33.870911,151.127047,True,6,normal
18 Mcgrath Avenue Five Dock,Five Dock,849.3,-33.863457,151.128663,True,12,normal
18 Mckinnon Avenue Five Dock,Five Dock,595.4,-33.862902,151.131116,True,8,normal
18 Minnesota Avenue Five Dock,Five Dock,521.1,-33.870214,151.134215,True,8,normal
18 Murralong Avenue Five Dock,Five Dock,766.4,-33.871546,151.130656,True,17,normal
18 Queens Road Five Dock,Five Dock,1462.8,-33.869987,151.127889,True,10,normal
18 Ramsay Road Five Dock,Five Dock,713.2,-33.871399,151.132526,True,6,normal
18 Rodd Road Five Dock,Five Dock,1006.6,-33.864701,151.131545,False,5,normal
18 Taylor Street Five Dock,Five Dock,666.0,-33.868487,151.112901,True,6,normal
18 Trevanion Street Five Dock,Five Dock,615.3,-33.863333,151.133763,False,5,normal
18 West Street Five Dock,Five Dock,486.5,-33.866715,151.12853,True,8,normal
18-20 Spencer Street Five Dock,Five Dock,1418.4,-33.869523,151.11769,True,7,normal
19 Arlington Street Five Dock,Five Dock,517.3,-33.871516,151.126189,True,7,normal
19 Betts Avenue Five Dock,Five Dock,573.0,-33.862929,151.136228,True,6,normal
19 Connecticut Avenue Five Dock,Five Dock,496.2,-33.871947,151.134046,False,5,normal
19 Corden Avenue Five Dock,Five Dock,608.2,-33.864289,151.123155,False,5,normal
19 Courland Street Five Dock,Five Dock,645.3,-33.870533,151.124107,False,5,normal
19 Gildea Avenue Five Dock,Five Dock,543.3,-33.861997,151.131167,True,7,normal
19 Halley Street Five Dock,Five Dock,582.6,-33.86113,151.132476,False,5,normal
19 Harrabrook Avenue Five Dock,Five Dock,479.3,-33.872761,151.130825,True,7,normal
19 Harris Road Five Dock,Five Dock,323.8,-33.867833,151.122427,False,5,small
19 Henley Marine Drive Five Dock,Five Dock,756.0,-33.872674,151.136166,True,13,normal
19 Kings Road Five Dock,Five Dock,511.1,-33.869746,151.127539,False,5,normal
19 Lavender Street Five Dock,Five Dock,388.7,-33.870534,151.124789,False,5,small
19 Minnesota Avenue Five Dock,Five Dock,533.2,-33.87086,151.134086,True,7,normal
19 Pine Avenue Five Dock,Five Dock,1029.7,-33.861224,151.134142,False,5,normal
19 Preston Avenue Five Dock,Five Dock,764.8,-33.863306,151.124791,True,13,normal
19 Ramsay Road Five Dock,Five Dock,686.8,-33.87214,151.132094,True,6,normal
19 Rodd Road Five Dock,Five Dock,1009.3,-33.86536,151.131316,False,5,normal
19 Trevanion Street Five Dock,Five Dock,536.5,-33.864108,151.133019,False,5,normal
19 West Street Five Dock,Five Dock,573.2,-33.864732,151.128533,False,5,normal
194 Great North Road Five Dock,Five Dock,847.0,-33.862724,151.130861,True,8,normal
19A Henley Marine Drive Five Dock,Five Dock,442.0,-33.871557,151.136627,True,7,small
1A Erina Avenue Five Dock,Five Dock,4023.4,-33.864178,151.134964,True,16,large
1A Henley Marine Drive Five Dock,Five Dock,2895.7,-33.873404,151.128123,True,14,large
1A Henry Street Five Dock,Five Dock,410.5,-33.86662,151.129388,False,5,small
1A Lancelot Street Five Dock,Five Dock,427.9,-33.867639,151.127795,False,5,small
1B Lancelot Street Five Dock,Five Dock,405.1,-33.867652,151.127692,True,6,small
1F Henley Marine Drive Five Dock,Five Dock,556.9,-33.872918,151.131511,False,5,normal
2 Bennett Avenue Five Dock,Five Dock,471.3,-33.864647,151.135531,True,21,normal
2 Charles Street Five Dock,Five Dock,570.5,-33.862187,151.131137,True,7,normal
2 Courland Street Five Dock,Five Dock,440.0,-33.871043,151.124405,False,5,small
2 Fairlight Street Five Dock,Five Dock,1133.7,-33.869518,151.131933,True,10,normal
2 Gildea Avenue Five Dock,Five Dock,551.0,-33.861324,151.132696,True,6,normal
2 Great North Road Five Dock,Five Dock,1154.8,-33.873589,151.127605,True,6,normal
2 Harrabrook Avenue Five Dock,Five Dock,425.1,-33.872075,151.131777,True,7,small
2 Heath Street Five Dock,Five Dock,459.1,-33.868755,151.139155,True,6,normal
2 Ingham Avenue Five Dock,Five Dock,852.4,-33.872315,151.136385,False,5,normal
2 Innes Street Five Dock,Five Dock,506.4,-33.863704,151.129719,True,7,normal
2 James Street Five Dock,Five Dock,553.4,-33.864033,151.124584,True,8,normal
2 Mckinnon Avenue Five Dock,Five Dock,738.4,-33.862698,151.132312,True,7,normal
2 Minnesota Avenue Five Dock,Five Dock,425.1,-33.86948,151.137217,True,8,small
2 New Jersey Road Five Dock,Five Dock,507.7,-33.872356,151.135347,True,8,normal
2 Newcastle Street Five Dock,Five Dock,748.7,-33.865175,151.12815,True,9,normal
2 Rodd Road Five Dock,Five Dock,517.9,-33.864388,151.132586,False,5,normal
2 Scott Street Five Dock,Five Dock,514.6,-33.866719,151.125746,True,12,normal
2 Sutton Street Five Dock,Five Dock,750.0,-33.867442,151.132371,False,5,normal
2 Udall Avenue Five Dock,Five Dock,768.6,-33.863797,151.127529,True,11,normal
2 Waterview Street Five Dock,Five Dock,877.6,-33.86862,151.131005,True,8,normal
20 Barnstaple Road Five Dock,Five Dock,1030.6,-33.86582,151.132876,True,12,normal
20 Bennett Avenue Five Dock,Five Dock,467.2,-33.863553,151.135879,True,6,normal
20 Elizabeth Street Five Dock,Five Dock,824.2,-33.864917,151.124986,True,11,normal
20 Garfield Street Five Dock,Five Dock,1238.3,-33.867868,151.127535,True,7,normal
20 Harrabrook Avenue Five Dock,Five Dock,964.3,-33.872361,151.130614,True,10,normal
20 Harris Road Five Dock,Five Dock,623.4,-33.869563,151.122609,True,6,normal
20 Henry Street Five Dock,Five Dock,1134.9,-33.866049,151.12785,True,18,normal
20 Ingham Avenue Five Dock,Five Dock,1007.5,-33.871235,151.136199,True,6,normal
20 James Street Five Dock,Five Dock,542.1,-33.863063,151.12431,False,5,normal
20 Kings Road Five Dock,Five Dock,1260.4,-33.869098,151.127404,True,6,normal
20 Lavender Street Five Dock,Five Dock,651.2,-33.870693,151.125283,False,5,normal
20 Longview Street Five Dock,Five Dock,1059.8,-33.870919,151.126914,False,5,normal
20 Murralong Avenue Five Dock,Five Dock,532.8,-33.871411,151.130537,False,5,normal
20 Newcastle Street Five Dock,Five Dock,785.4,-33.865002,151.126965,False,5,normal
20 Norman Street Five Dock,Five Dock,413.5,-33.869051,151.136512,False,5,small
20 Preston Avenue Five Dock,Five Dock,1368.7,-33.863582,151.125672,True,8,normal
20 Queens Road Five Dock,Five Dock,1156.4,-33.870146,151.127631,True,6,normal
20 Ramsay Road Five Dock,Five Dock,575.3,-33.871334,151.132409,False,5,normal
20 Trevanion Street Five Dock,Five Dock,621.5,-33.863233,151.133778,False,5,normal
20 York Avenue Five Dock,Five Dock,418.1,-33.871268,151.125941,True,6,small
204 Great North Road Five Dock,Five Dock,614.5,-33.86196,151.130888,True,6,normal
20B Barnstaple Road Five Dock,Five Dock,7766.0,-33.865322,151.135611,True,7,large
21 Arlington Street Five Dock,Five Dock,583.8,-33.87142,151.126176,True,8,normal
21 Barnstaple Road Five Dock,Five Dock,583.9,-33.865556,151.132128,False,5,normal
21 Corden Avenue Five Dock,Five Dock,597.3,-33.864443,151.123118,True,7,normal
21 East Street Five Dock,Five Dock,597.3,-33.865962,151.129065,True,7,normal
21 Fairlight Street Five Dock,Five Dock,757.9,-33.869994,151.133601,True,6,normal
21 Halley Street Five Dock,Five Dock,609.8,-33.861154,151.132335,False,5,normal
21 Ingham Avenue Five Dock,Five Dock,545.2,-33.87157,151.135602,False,5,normal
21 Kings Road Five Dock,Five Dock,522.1,-33.869732,151.127438,False,5,normal
21 Lancelot Street Five Dock,Five Dock,793.1,-33.867512,151.126592,True,6,normal
21 Lavender Street Five Dock,Five Dock,422.7,-33.870434,151.124781,True,6,small
21 Mcgrath Avenue Five Dock,Five Dock,528.5,-33.862718,151.128713,True,6,normal
21 Minnesota Avenue Five Dock,Five Dock,506.7,-33.870876,151.134018,True,7,normal
21 Murralong Avenue Five Dock,Five Dock,930.8,-33.871885,151.130299,False,5,normal
21 Norman Street Five Dock,Five Dock,502.8,-33.869556,151.136154,False,5,normal
21 Queens Road Five Dock,Five Dock,972.9,-33.870567,151.126992,False,5,normal
210 Great North Road Five Dock,Five Dock,782.6,-33.86145,151.13103,True,6,normal
214 Great North Road Five Dock,Five Dock,489.9,-33.860747,151.131099,True,7,normal
215 Parramatta Road Five Dock,Five Dock,4430.5,-33.87003,151.114908,True,12,large
219 Great North Road Five Dock,Five Dock,333.9,-33.865602,151.129843,True,10,small
22 Arlington Street Five Dock,Five Dock,771.1,-33.871686,151.126879,True,6,normal
22 Barnstaple Road Five Dock,Five Dock,628.2,-33.864535,151.13766,True,12,normal
22 Erina Avenue Five Dock,Five Dock,964.0,-33.863885,151.133554,False,5,normal
22 Garfield Street Five Dock,Five Dock,882.0,-33.867871,151.127233,True,6,normal
22 Gildea Avenue Five Dock,Five Dock,536.3,-33.861591,151.131177,True,7,normal
22 Harrabrook Avenue Five Dock,Five Dock,520.9,-33.872394,151.130463,True,9,normal
22 Harris Road Five Dock,Five Dock,620.2,-33.869444,151.122665,False,5,normal
22 Henley Marine Drive Five Dock,Five Dock,937.2,-33.87109,151.136706,True,6,normal
22 James Street Five Dock,Five Dock,542.0,-33.862944,151.124269,True,6,normal
22 Lavender Street Five Dock,Five Dock,667.6,-33.870583,151.125306,False,5,normal
22 Minnesota Avenue Five Dock,Five Dock,501.7,-33.870244,151.13404,True,6,normal
22 Murralong Avenue Five Dock,Five Dock,533.0,-33.871385,151.130431,False,5,normal
22 Newcastle Street Five Dock,Five Dock,798.9,-33.864992,151.126833,False,5,normal
22 Queens Road Five Dock,Five Dock,554.8,-33.870158,151.127459,False,5,normal
22 Ramsay Road Five Dock,Five Dock,603.6,-33.871219,151.13236,True,7,normal
22 Rodd Road Five Dock,Five Dock,1018.2,-33.864803,151.131207,False,5,normal
22 Spencer Street Five Dock,Five Dock,521.1,-33.86954,151.11742,True,7,normal
22 Sutton Street Five Dock,Five Dock,388.6,-33.866452,151.132586,False,5,small
22 West Street Five Dock,Five Dock,535.4,-33.865815,151.128779,False,5,normal
220 Great North Road Five Dock,Five Dock,690.9,-33.860386,151.131206,False,5,normal
229 Great North Road Five Dock,Five Dock,544.3,-33.865097,151.130014,False,5,normal
22A Harrabrook Avenue Five Dock,Five Dock,475.4,-33.872304,151.130401,True,9,normal
23 Betts Avenue Five Dock,Five Dock,591.6,-33.862625,151.136276,True,8,normal
23 Connecticut Avenue Five Dock,Five Dock,502.1,-33.871986,151.133886,False,5,normal
23 Fairlight Street Five Dock,Five Dock,778.0,-33.870021,151.133488,True,6,normal
23 Garfield Street Five Dock,Five Dock,1792.0,-33.868618,151.127073,True,8,normal
23 Great North Road Five Dock,Five Dock,856.3,-33.872173,151.127157,True,6,normal
23 Harrabrook Avenue Five Dock,Five Dock,459.4,-33.872812,151.130649,True,7,normal
23 Kings Road Five Dock,Five Dock,747.8,-33.869721,151.127321,True,7,normal
23 Lancelot Street Five Dock,Five Dock,430.9,-33.867466,151.126449,False,5,small
23 Mcgrath Avenue Five Dock,Five Dock,557.5,-33.862617,151.128868,True,17,normal
23 Murralong Avenue Five Dock,Five Dock,720.8,-33.87185,151.130137,False,5,normal
23 Newcastle Street Five Dock,Five Dock,454.7,-33.86544,151.126548,False,5,normal
23 Preston Avenue Five Dock,Five Dock,1976.2,-33.863,151.124897,True,12,normal
23 Sutton Street Five Dock,Five Dock,883.8,-33.866103,151.132048,True,6,normal
23A Norman Street Five Dock,Five Dock,491.0,-33.869424,151.136108,False,5,normal
23A Pine Avenue Five Dock,Five Dock,503.0,-33.860932,151.134193,True,6,normal
24 Arlington Street Five Dock,Five Dock,500.4,-33.871581,151.126878,False,5,normal
24 Barnstaple Road Five Dock,Five Dock,532.1,-33.864439,151.137724,True,6,normal
24 Betts Avenue Five Dock,Five Dock,534.1,-33.862521,151.136774,True,7,normal
24 Connecticut Avenue Five Dock,Five Dock,1018.5,-33.871371,151.133724,True,6,normal
24 Garfield Street Five Dock,Five Dock,930.4,-33.867885,151.127074,True,7,normal
24 Harrabrook Avenue Five Dock,Five Dock,1076.2,-33.872301,151.130259,True,9,normal
24 Ingham Avenue Five Dock,Five Dock,492.1,-33.870909,151.136061,True,7,normal
24 Kings Road Five Dock,Five Dock,921.7,-33.86919,151.127067,True,7,normal
24 Mcgrath Avenue Five Dock,Five Dock,638.5,-33.86317,151.128936,True,9,normal
24 Minnesota Avenue Five Dock,Five Dock,552.6,-33.870265,151.133957,True,6,normal
24 Newcastle Street Five Dock,Five Dock,732.8,-33.864956,151.126672,True,6,normal
24 Ramsay Road Five Dock,Five Dock,615.3,-33.871124,151.132304,True,6,normal
24 Sutton Street Five Dock,Five Dock,861.7,-33.866347,151.132654,True,8,normal
24 West Street Five Dock,Five Dock,506.1,-33.865688,151.128806,False,5,normal
24-26 Spencer Street Five Dock,Five Dock,1129.5,-33.869551,151.117249,True,6,normal
241 Great North Road Five Dock,Five Dock,264.8,-33.864435,151.130003,True,9,small
24A Henry Street Five Dock,Five Dock,578.7,-33.866152,151.127402,True,10,normal
25 Courland Street Five Dock,Five Dock,618.4,-33.870203,151.124168,False,5,normal
25 Great North Road Five Dock,Five Dock,907.0,-33.872054,151.127182,True,8,normal
25 Halley Street Five Dock,Five Dock,568.2,-33.86122,151.132068,True,6,normal
25 Harrabrook Avenue Five Dock,Five Dock,480.6,-33.872795,151.130534,True,8,normal
25 Lavender Street Five Dock,Five Dock,583.0,-33.870128,151.124901,False,5,normal
25 Minnesota Avenue Five Dock,Five Dock,549.6,-33.870911,151.133872,True,7,normal
25 Murralong Avenue Five Dock,Five Dock,696.0,-33.871832,151.13,True,7,normal
25 Norman Street Five Dock,Five Dock,693.6,-33.86935,151.136083,False,5,normal
25 Parramatta Road Five Dock,Five Dock,898.9,-33.872167,151.125378,False,5,normal
25 Preston Avenue Five Dock,Five Dock,1894.1,-33.863002,151.125025,True,9,normal
25 Spencer Street Five Dock,Five Dock,622.9,-33.869843,151.116229,False,5,normal
25 Wymston Parade Five Dock,Five Dock,607.4,-33.862458,151.12628,True,6,normal
25-27 Garfield Street Five Dock,Five Dock,2348.0,-33.868642,151.126838,True,9,large
251 Great North Road Five Dock,Five Dock,601.9,-33.86382,151.130063,False,5,normal
255 Great North Road Five Dock,Five Dock,580.0,-33.863558,151.130012,True,6,normal
259 Great North Road Five Dock,Five Dock,559.3,-33.863331,151.129988,True,9,normal
26 Bennett Avenue Five Dock,Five Dock,431.8,-33.863236,151.135941,True,6,small
26 Charles Street Five Dock,Five Dock,5413.2,-33.861668,151.133663,True,13,large
26 Garfield Street Five Dock,Five Dock,942.8,-33.86785,151.126889,False,5,normal
26 Harrabrook Avenue Five Dock,Five Dock,1018.9,-33.872292,151.130065,True,10,normal
26 Harris Road Five Dock,Five Dock,624.8,-33.869218,151.122709,False,5,normal
26 Howley Street Five Dock,Five Dock,920.6,-33.865872,151.138209,True,6,normal
26 Kings Road Five Dock,Five Dock,1301.9,-33.869127,151.126932,True,6,normal
26 Mcgrath Avenue Five Dock,Five Dock,548.5,-33.86306,151.129051,False,5,normal
26 Murralong Avenue Five Dock,Five Dock,519.7,-33.871333,151.130223,False,5,normal
26 Rodd Road Five Dock,Five Dock,523.3,-33.86487,151.130985,False,5,normal
263 Great North Road Five Dock,Five Dock,454.6,-33.86292,151.130028,False,5,normal
265 Great North Road Five Dock,Five Dock,454.7,-33.862865,151.130038,False,5,normal
267 Great North Road Five Dock,Five Dock,464.4,-33.86281,151.130049,False,5,normal
27 Arlington Street Five Dock,Five Dock,758.7,-33.871132,151.126244,True,9,normal
27 Barnstaple Road Five Dock,Five Dock,477.2,-33.865172,151.133374,False,5,normal
27 Connecticut Avenue Five Dock,Five Dock,499.7,-33.872095,151.133445,False,5,normal
27 Great North Road Five Dock,Five Dock,965.4,-33.871976,151.12729,True,9,normal
27 Halley Street Five Dock,Five Dock,592.5,-33.861243,151.131933,True,6,normal
27 Harrabrook Avenue Five Dock,Five Dock,514.7,-33.872764,151.130419,True,7,normal
27 Henley Marine Drive Five Dock,Five Dock,577.8,-33.870037,151.137195,True,6,normal
27 Lancelot Street Five Dock,Five Dock,487.9,-33.867494,151.126248,True,7,normal
27 Minnesota Avenue Five Dock,Five Dock,506.9,-33.870963,151.133792,False,5,normal
27 Park Road Five Dock,Five Dock,757.5,-33.867509,151.132777,False,5,normal
27 Parramatta Road Five Dock,Five Dock,637.9,-33.872122,151.125242,False,5,normal
27 Preston Avenue Five Dock,Five Dock,1413.1,-33.862891,151.125163,False,5,normal
27 Queens Road Five Dock,Five Dock,576.6,-33.870356,151.125797,False,5,normal
27 Ramsay Road Five Dock,Five Dock,655.2,-33.871716,151.131928,False,5,normal
27 Rickard Street Five Dock,Five Dock,448.9,-33.867983,151.138957,True,6,small
27 Waterview Street Five Dock,Five Dock,885.0,-33.86755,151.130602,True,6,normal
27 Wymston Parade Five Dock,Five Dock,639.0,-33.86228,151.126573,True,36,normal
271 Great North Road Five Dock,Five Dock,1822.5,-33.862622,151.130069,True,7,normal
275 Great North Road Five Dock,Five Dock,1077.3,-33.862438,151.13012,False,5,normal
277 Great North Road Five Dock,Five Dock,698.3,-33.862337,151.130139,False,5,normal
28 Arlington Street Five Dock,Five Dock,776.4,-33.871385,151.126922,False,5,normal
28 Halley Street Five Dock,Five Dock,652.7,-33.860657,151.132362,False,5,normal
28 Henley Marine Drive Five Dock,Five Dock,440.0,-33.869912,151.137326,False,5,small
28 Henry Street Five Dock,Five Dock,1034.5,-33.866065,151.127079,True,6,normal
28 Ingham Avenue Five Dock,Five Dock,517.2,-33.870775,151.136015,True,7,normal
28 Kings Road Five Dock,Five Dock,1262.5,-33.869023,151.126821,True,6,normal
28 Lavender Street Five Dock,Five Dock,633.5,-33.870262,151.125369,False,5,normal
28 Murralong Avenue Five Dock,Five Dock,547.4,-33.871307,151.130117,False,5,normal
28 Preston Avenue Five Dock,Five Dock,1326.1,-33.863427,151.126215,True,8,normal
28 Queens Road Five Dock,Five Dock,486.9,-33.870081,151.127173,True,6,normal
28 West Street Five Dock,Five Dock,453.2,-33.865499,151.128869,True,6,normal
28 York Avenue Five Dock,Five Dock,449.2,-33.870914,151.126016,True,6,small
283 Great North Road Five Dock,Five Dock,465.0,-33.861999,151.130204,False,5,normal
287 Great North Road Five Dock,Five Dock,484.8,-33.861891,151.130224,False,5,normal
289 Great North Road Five Dock,Five Dock,458.4,-33.861836,151.130234,False,5,normal
28A Henry Street Five Dock,Five Dock,626.7,-33.866049,151.126962,True,6,normal
29 Barnstaple Road Five Dock,Five Dock,454.7,-33.865122,151.133536,False,5,normal
29 East Street Five Dock,Five Dock,398.4,-33.865554,151.129172,False,5,small
29 Fairlight Street Five Dock,Five Dock,770.5,-33.87008,151.133116,False,5,normal
29 Great North Road Five Dock,Five Dock,964.3,-33.871855,151.127335,True,9,normal
29 Harrabrook Avenue Five Dock,Five Dock,536.5,-33.87274,151.130289,True,8,normal
29 Minnesota Avenue Five Dock,Five Dock,523.6,-33.870973,151.1337,True,7,normal
29 Murralong Avenue Five Dock,Five Dock,667.8,-33.87176,151.129756,True,11,normal
29 Newcastle Street Five Dock,Five Dock,446.4,-33.865399,151.126248,False,5,small
29 Norman Street Five Dock,Five Dock,702.4,-33.869173,151.136021,False,5,normal
29 Preston Avenue Five Dock,Five Dock,1373.2,-33.862862,151.125308,False,5,normal
29 Queens Road Five Dock,Five Dock,617.0,-33.870343,151.1257,False,5,normal
29 Ramsay Road Five Dock,Five Dock,643.1,-33.871611,151.131846,True,6,normal
29 Rickard Street Five Dock,Five Dock,445.1,-33.868091,151.138856,False,5,small
291 Great North Road Five Dock,Five Dock,467.1,-33.861782,151.130245,False,5,normal
293 Great North Road Five Dock,Five Dock,482.0,-33.861738,151.130253,False,5,normal
299 Great North Road Five Dock,Five Dock,470.1,-33.861512,151.130296,False,5,normal
2A Ingham Avenue Five Dock,Five Dock,729.2,-33.87204,151.136462,True,6,normal
2B Courland Street Five Dock,Five Dock,423.7,-33.871266,151.124418,False,5,small
3 Barnstaple Road Five Dock,Five Dock,383.5,-33.865879,151.131033,True,6,small
3 Corden Avenue Five Dock,Five Dock,608.2,-33.863804,151.123938,False,5,normal
3 Elizabeth Street Five Dock,Five Dock,560.1,-33.865703,151.124161,True,7,normal
3 Fairlight Street Five Dock,Five Dock,452.7,-33.869745,151.134532,False,5,normal
3 Gildea Avenue Five Dock,Five Dock,538.4,-33.861775,151.132466,True,6,normal
3 Harrabrook Avenue Five Dock,Five Dock,586.1,-33.872649,151.131809,False,5,normal
3 Henley Marine Drive Five Dock,Five Dock,529.9,-33.872446,151.133127,True,7,normal
3 Ingham Avenue Five Dock,Five Dock,491.5,-33.872289,151.135857,False,5,normal
3 James Street Five Dock,Five Dock,1271.5,-33.863999,151.123756,True,11,normal
3 Kings Road Five Dock,Five Dock,391.0,-33.869989,151.128656,True,6,small
3 Kingsford Avenue Five Dock,Five Dock,498.1,-33.871073,151.131274,True,6,normal
3 Lancelot Street Five Dock,Five Dock,337.0,-33.867611,151.127604,False,5,small
3 Minnesota Avenue Five Dock,Five Dock,560.9,-33.870648,151.134952,True,8,normal
3 Mitchell Street Five Dock,Five Dock,467.9,-33.863472,151.135084,False,5,normal
3 Myler Street Five Dock,Five Dock,782.6,-33.866907,151.122358,True,8,normal
3 Park Road Five Dock,Five Dock,1005.5,-33.869605,151.132273,False,5,normal
3 Preston Avenue Five Dock,Five Dock,681.1,-33.864234,151.124957,True,6,normal
3 Second Avenue Five Dock,Five Dock,562.8,-33.867454,151.130454,True,8,normal
3 Sutton Street Five Dock,Five Dock,873.1,-33.867197,151.131789,True,6,normal
3 Udall Avenue Five Dock,Five Dock,1888.9,-33.863671,151.126632,True,12,normal
3 Walker Street Five Dock,Five Dock,703.6,-33.869307,151.113187,False,5,normal
3 Wangal Place Five Dock,Five Dock,718.2,-33.872268,151.128207,True,13,normal
3 West Street Five Dock,Five Dock,574.8,-33.865793,151.128171,True,6,normal
30 Bennett Avenue Five Dock,Five Dock,446.1,-33.862993,151.135989,True,6,small
30 Connecticut Avenue Five Dock,Five Dock,1302.2,-33.871452,151.133391,True,6,normal
30 Garfield Street Five Dock,Five Dock,852.4,-33.867803,151.126527,False,5,normal
30 Harrabrook Avenue Five Dock,Five Dock,566.2,-33.872333,151.129847,True,6,normal
30 Harris Road Five Dock,Five Dock,620.4,-33.868983,151.122721,True,6,normal
30 Henley Marine Drive Five Dock,Five Dock,496.1,-33.86923,151.137912,False,5,normal
30 Henry Street Five Dock,Five Dock,1558.0,-33.865976,151.126832,True,10,normal
30 Howley Street Five Dock,Five Dock,658.0,-33.865885,151.137892,True,6,normal
30 Ingham Avenue Five Dock,Five Dock,1007.7,-33.870697,151.135913,True,7,normal
30 Minnesota Avenue Five Dock,Five Dock,497.6,-33.870358,151.13375,False,5,normal
30 Newcastle Street Five Dock,Five Dock,676.1,-33.864953,151.126305,False,5,normal
30 Preston Avenue Five Dock,Five Dock,1142.9,-33.863232,151.12635,True,11,normal
30 Queens Road Five Dock,Five Dock,508.7,-33.870105,151.127077,False,5,normal
30 Sutton Street Five Dock,Five Dock,389.6,-33.866038,151.132652,True,6,small
30 West Street Five Dock,Five Dock,453.8,-33.865407,151.128869,False,5,normal
301 Great North Road Five Dock,Five Dock,452.7,-33.861458,151.130307,False,5,normal
305 Great North Road Five Dock,Five Dock,467.0,-33.861349,151.130328,False,5,normal
309 Great North Road Five Dock,Five Dock,490.3,-33.861243,151.130348,False,5,normal
31 Connecticut Avenue Five Dock,Five Dock,1015.8,-33.872171,151.133248,True,6,normal
31 Great North Road Five Dock,Five Dock,1081.8,-33.871713,151.127321,True,13,normal
31 Harrabrook Avenue Five Dock,Five Dock,584.6,-33.872742,151.130181,True,10,normal
31 Harris Road Five Dock,Five Dock,562.0,-33.866884,151.122625,False,5,normal
31 Ingham Avenue Five Dock,Five Dock,504.8,-33.871104,151.135303,True,6,normal
31 Lancelot Street Five Dock,Five Dock,869.3,-33.867409,151.126022,False,5,normal
31 Murralong Avenue Five Dock,Five Dock,717.6,-33.871815,151.129653,True,14,normal
31 Newcastle Street Five Dock,Five Dock,471.9,-33.865387,151.126116,True,8,normal
31 Park Road Five Dock,Five Dock,771.7,-33.867012,151.132851,True,6,normal
31 Pine Avenue Five Dock,Five Dock,1009.8,-33.860216,151.134244,False,5,normal
31 Preston Avenue Five Dock,Five Dock,1392.5,-33.862774,151.125438,True,6,normal
31 Ramsay Road Five Dock,Five Dock,668.5,-33.871327,151.131815,True,6,normal
315 Great North Road Five Dock,Five Dock,475.7,-33.86108,151.130379,False,5,normal
317 Great North Road Five Dock,Five Dock,465.6,-33.861026,151.130389,False,5,normal
319 Great North Road Five Dock,Five Dock,456.7,-33.860973,151.130399,False,5,normal
31A Newcastle Street Five Dock,Five Dock,2183.5,-33.865673,151.126228,True,22,large
32 Bennett Avenue Five Dock,Five Dock,468.7,-33.862876,151.135994,False,5,normal
32 Connecticut Avenue Five Dock,Five Dock,1033.8,-33.871546,151.133183,False,5,normal
32 Garfield Street Five Dock,Five Dock,628.2,-33.86776,151.126374,True,6,normal
32 Great North Road Five Dock,Five Dock,1432.9,-33.871797,151.128278,False,5,normal
32 Halley Street Five Dock,Five Dock,639.6,-33.860702,151.132102,False,5,normal
32 Harris Road Five Dock,Five Dock,1347.9,-33.868447,151.123002,True,10,normal
32 Ingham Avenue Five Dock,Five Dock,1003.4,-33.870558,151.13596,True,6,normal
32 Minnesota Avenue Five Dock,Five Dock,525.7,-33.870338,151.133656,True,6,normal
32 Preston Avenue Five Dock,Five Dock,677.3,-33.863171,151.126434,True,6,normal
32 Queens Road Five Dock,Five Dock,491.6,-33.870021,151.126998,False,5,normal
32 Sutton Street Five Dock,Five Dock,536.9,-33.865926,151.132626,False,5,normal
32 Waterview Street Five Dock,Five Dock,438.3,-33.867185,151.131398,False,5,small
32 West Street Five Dock,Five Dock,627.1,-33.865294,151.128895,False,5,normal
32 York Avenue Five Dock,Five Dock,580.5,-33.870662,151.126077,True,10,normal
321 Great North Road Five Dock,Five Dock,471.0,-33.860919,151.130409,False,5,normal
323 Lyons Road Five Dock,Five Dock,622.5,-33.861087,151.140097,True,24,normal
325 Lyons Road Five Dock,Five Dock,529.0,-33.861201,151.139925,True,7,normal
327 Great North Road Five Dock,Five Dock,891.5,-33.860672,151.130383,True,8,normal
327 Lyons Road Five Dock,Five Dock,585.0,-33.861245,151.139773,True,8,normal
33 Barnstaple Road Five Dock,Five Dock,505.1,-33.86507,151.133708,False,5,normal
33 Fairlight Street Five Dock,Five Dock,768.9,-33.870137,151.132872,False,5,normal
33 Great North Road Five Dock,Five Dock,687.3,-33.871682,151.127604,True,11,normal
33 Halley Street Five Dock,Five Dock,563.4,-33.861317,151.131512,True,6,normal
33 Henley Marine Drive Five Dock,Five Dock,687.4,-33.868966,151.138173,True,6,normal
33 Howley Street Five Dock,Five Dock,652.0,-33.866445,151.138263,True,6,normal
33 Ingham Avenue Five Dock,Five Dock,995.6,-33.870978,151.135397,False,5,normal
33 Kings Road Five Dock,Five Dock,710.2,-33.869643,151.126613,True,6,normal
33 Lancelot Street Five Dock,Five Dock,426.5,-33.867389,151.125876,False,5,small
33 Newcastle Street Five Dock,Five Dock,437.1,-33.865366,151.12601,False,5,small
33 Noble Street Five Dock,Five Dock,529.0,-33.865525,151.137781,False,5,normal
33 Park Road Five Dock,Five Dock,653.0,-33.866913,151.132919,False,5,normal
33 Preston Avenue Five Dock,Five Dock,1364.5,-33.8628,151.125606,False,5,normal
33 Ramsay Road Five Dock,Five Dock,627.3,-33.871223,151.131755,False,5,normal
33 Rickard Street Five Dock,Five Dock,1085.1,-33.868298,151.138691,True,8,normal
335 Great North Road Five Dock,Five Dock,842.6,-33.860253,151.130529,False,5,normal
337 Lyons Road Five Dock,Five Dock,835.2,-33.861573,151.139054,True,7,normal
339 Lyons Road Five Dock,Five Dock,821.8,-33.861627,151.138971,True,6,normal
34 Bennett Avenue Five Dock,Five Dock,455.1,-33.862762,151.136016,False,5,normal
34 East Street Five Dock,Five Dock,769.6,-33.865899,151.129529,False,5,normal
34 Great North Road Five Dock,Five Dock,807.8,-33.871644,151.128377,True,6,normal
34 Henley Marine Drive Five Dock,Five Dock,1184.4,-33.868825,151.138226,True,9,normal
34 Howley Street Five Dock,Five Dock,657.5,-33.865956,151.137701,True,6,normal
34 Murralong Avenue Five Dock,Five Dock,1111.1,-33.87132,151.129703,True,11,normal
34 Newcastle Street Five Dock,Five Dock,609.7,-33.864934,151.126041,False,5,normal
34 Preston Avenue Five Dock,Five Dock,654.6,-33.863171,151.12659,True,6,normal
34 Ramsay Road Five Dock,Five Dock,590.0,-33.870375,151.131731,True,6,normal
34 West Street Five Dock,Five Dock,592.3,-33.865178,151.128955,True,7,normal
341 Lyons Road Five Dock,Five Dock,813.2,-33.861731,151.138858,True,6,normal
35 Arlington Street Five Dock,Five Dock,629.6,-33.870718,151.126437,False,5,normal
35 Barnstaple Road Five Dock,Five Dock,499.3,-33.865003,151.133797,True,6,normal
35 Connecticut Avenue Five Dock,Five Dock,503.0,-33.872185,151.133028,True,7,normal
35 East Street Five Dock,Five Dock,518.1,-33.865219,151.129248,False,5,normal
35 Fairlight Street Five Dock,Five Dock,796.3,-33.870192,151.132766,True,6,normal
35 Halley Street Five Dock,Five Dock,570.4,-33.861341,151.131375,True,6,normal
35 Kings Road Five Dock,Five Dock,740.6,-33.869552,151.126481,True,7,normal
35 Lancelot Street Five Dock,Five Dock,478.3,-33.867408,151.125776,True,6,normal
35 Minnesota Avenue Five Dock,Five Dock,513.3,-33.871041,151.133474,False,5,normal
35 Noble Street Five Dock,Five Dock,537.4,-33.865572,151.137712,True,6,normal
35 Park Road Five Dock,Five Dock,651.3,-33.866804,151.132904,True,6,normal
35 Ramsay Road Five Dock,Five Dock,639.7,-33.871116,151.131683,True,6,normal
35 Rickard Street Five Dock,Five Dock,774.9,-33.868334,151.138564,True,6,normal
355 Lyons Road Five Dock,Five Dock,1700.6,-33.862056,151.137844,True,10,normal
357 Lyons Road Five Dock,Five Dock,553.7,-33.862034,151.13767,True,7,normal
36 Bennett Avenue Five Dock,Five Dock,491.4,-33.862647,151.136046,True,9,normal
36 Great North Road Five Dock,Five Dock,465.2,-33.871419,151.128643,False,5,normal
36 Halley Street Five Dock,Five Dock,625.5,-33.860747,151.131847,False,5,normal
36 Henry Street Five Dock,Five Dock,425.5,-33.86602,151.126441,False,5,small
36 Ingham Avenue Five Dock,Five Dock,981.6,-33.870287,151.135813,True,8,normal
36 Kings Road Five Dock,Five Dock,522.7,-33.869229,151.126196,True,9,normal
36 Minnesota Avenue Five Dock,Five Dock,494.2,-33.870416,151.133511,False,5,normal
36 Ramsay Road Five Dock,Five Dock,578.1,-33.870282,151.131561,False,5,normal
36 Waterview Street Five Dock,Five Dock,458.0,-33.866889,151.131447,True,7,normal
36 West Street Five Dock,Five Dock,505.2,-33.865057,151.128936,False,5,normal
36A Waterview Street Five Dock,Five Dock,434.0,-33.86684,151.131458,True,7,small
37 Arlington Street Five Dock,Five Dock,950.9,-33.870602,151.126418,True,6,normal
37 Barnstaple Road Five Dock,Five Dock,1003.7,-33.864962,151.133933,True,6,normal
37 East Street Five Dock,Five Dock,570.4,-33.865129,151.129252,True,7,normal
37 Fairlight Street Five Dock,Five Dock,773.9,-33.870181,151.132631,True,7,normal
37 Garfield Street Five Dock,Five Dock,470.4,-33.868326,151.126404,False,5,normal
37 Halley Street Five Dock,Five Dock,583.3,-33.861361,151.131225,True,7,normal
37 Henry Street Five Dock,Five Dock,920.5,-33.866543,151.126111,True,9,normal
37 Ingham Avenue Five Dock,Five Dock,507.3,-33.870737,151.135313,False,5,normal
37 Lancelot Street Five Dock,Five Dock,833.5,-33.86739,151.125646,True,6,normal
37 Minnesota Avenue Five Dock,Five Dock,540.9,-33.871061,151.133394,False,5,normal
37 Park Road Five Dock,Five Dock,1045.1,-33.86666,151.132869,True,8,normal
37 Pine Avenue Five Dock,Five Dock,1021.7,-33.859806,151.134236,True,6,normal
37 Ramsay Road Five Dock,Five Dock,634.7,-33.871007,151.13169,False,5,normal
37 Rickard Street Five Dock,Five Dock,848.7,-33.868371,151.138454,True,6,normal
371 Lyons Road Five Dock,Five Dock,370.9,-33.862363,151.136445,True,6,small
373 Lyons Road Five Dock,Five Dock,372.3,-33.862456,151.136356,False,5,small
375 Lyons Road Five Dock,Five Dock,525.7,-33.862399,151.136273,False,5,normal
38 Connecticut Avenue Five Dock,Five Dock,511.9,-33.871766,151.132745,False,5,normal
38 Great North Road Five Dock,Five Dock,476.4,-33.871334,151.12875,False,5,normal
38 Halley Street Five Dock,Five Dock,692.9,-33.860769,151.131719,False,5,normal
38 Harrabrook Avenue Five Dock,Five Dock,777.2,-33.872394,151.129364,False,5,normal
38 Henley Marine Drive Five Dock,Five Dock,792.1,-33.868694,151.138738,True,6,normal
38 Henry Street Five Dock,Five Dock,412.3,-33.866008,151.126356,False,5,small
38 Howley Street Five Dock,Five Dock,980.0,-33.865958,151.137383,True,8,normal
38 Kings Road Five Dock,Five Dock,429.8,-33.869142,151.126128,True,7,small
38 Minnesota Avenue Five Dock,Five Dock,1031.2,-33.870403,151.13339,True,6,normal
38 Preston Avenue Five Dock,Five Dock,550.4,-33.862956,151.127529,False,5,normal
38 Waterview Street Five Dock,Five Dock,436.7,-33.866765,151.131493,False,5,small
38 West Street Five Dock,Five Dock,944.5,-33.864899,151.128987,True,6,normal
383 Lyons Road Five Dock,Five Dock,506.7,-33.862543,151.135692,True,18,normal
385 Lyons Road Five Dock,Five Dock,483.6,-33.862704,151.135489,False,5,normal
389 Lyons Road Five Dock,Five Dock,503.6,-33.862811,151.135229,True,6,normal
39 Barnstaple Road Five Dock,Five Dock,484.1,-33.864927,151.134047,True,6,normal
39 Fairlight Street Five Dock,Five Dock,830.1,-33.870244,151.132528,True,6,normal
39 Garfield Street Five Dock,Five Dock,495.8,-33.868315,151.126319,False,5,normal
39 Halley Street Five Dock,Five Dock,676.8,-33.861295,151.130989,True,6,normal
39 Harrabrook Avenue Five Dock,Five Dock,555.9,-33.872881,151.128808,False,5,normal
39 Henry Street Five Dock,Five Dock,516.9,-33.866436,151.126026,False,5,normal
39 Howley Street Five Dock,Five Dock,917.6,-33.866514,151.137908,False,5,normal
39 Kings Road Five Dock,Five Dock,1128.1,-33.869617,151.126106,True,9,normal
39 Lancelot Street Five Dock,Five Dock,468.6,-33.86737,151.125501,True,6,normal
39 Noble Street Five Dock,Five Dock,563.3,-33.865604,151.137463,False,5,normal
39 Park Road Five Dock,Five Dock,858.3,-33.86641,151.133026,False,5,normal
39 Pine Avenue Five Dock,Five Dock,990.2,-33.859664,151.134251,True,6,normal
39 Ramsay Road Five Dock,Five Dock,560.5,-33.870864,151.131638,True,6,normal
391 Lyons Road Five Dock,Five Dock,469.2,-33.86284,151.135101,False,5,normal
393 Lyons Road Five Dock,Five Dock,773.9,-33.86292,151.134952,True,6,normal
395 Lyons Road Five Dock,Five Dock,622.7,-33.863069,151.134761,True,7,normal
397 Lyons Road Five Dock,Five Dock,855.5,-33.863123,151.134627,True,6,normal
39A Henry Street Five Dock,Five Dock,510.8,-33.866505,151.125941,True,7,normal
3A West Street Five Dock,Five Dock,609.1,-33.865722,151.128197,True,7,normal
4 Arlington Street Five Dock,Five Dock,659.0,-33.872698,151.126627,True,8,normal
4 Barnstaple Road Five Dock,Five Dock,476.2,-33.866409,151.130661,True,6,normal
4 Bennett Avenue Five Dock,Five Dock,447.5,-33.864484,151.135625,False,5,small
4 Betts Avenue Five Dock,Five Dock,533.5,-33.863892,151.136498,False,5,normal
4 Connecticut Avenue Five Dock,Five Dock,994.2,-33.871126,151.134897,False,5,normal
4 Courland Street Five Dock,Five Dock,450.3,-33.870948,151.124431,True,7,normal
4 Cross Street Five Dock,Five Dock,528.4,-33.86899,151.126127,True,10,normal
4 Gildea Avenue Five Dock,Five Dock,558.4,-33.86135,151.132552,True,6,normal
4 Great North Road Five Dock,Five Dock,530.7,-33.873438,151.127695,True,7,normal
4 Harrabrook Avenue Five Dock,Five Dock,426.8,-33.872105,151.131689,True,6,small
4 Henry Street Five Dock,Five Dock,609.7,-33.866137,151.128992,False,5,normal
4 Innes Street Five Dock,Five Dock,493.2,-33.863598,151.129755,True,6,normal
4 James Street Five Dock,Five Dock,572.8,-33.863908,151.124588,True,6,normal
4 Kerin Avenue Five Dock,Five Dock,590.1,-33.862592,151.12945,False,5,normal
4 Kingsford Avenue Five Dock,Five Dock,487.7,-33.87071,151.130984,True,6,normal
4 Lavender Street Five Dock,Five Dock,643.4,-33.871584,151.125094,True,7,normal
4 Longview Street Five Dock,Five Dock,742.7,-33.871102,151.127735,True,6,normal
4 Minnesota Avenue Five Dock,Five Dock,537.8,-33.869527,151.137144,False,5,normal
4 Mitchell Street Five Dock,Five Dock,488.2,-33.863042,151.13536,True,7,normal
4 Murralong Avenue Five Dock,Five Dock,408.6,-33.871295,151.131411,True,6,small
4 Newcastle Street Five Dock,Five Dock,988.7,-33.865115,151.128024,True,7,normal
4 Preston Avenue Five Dock,Five Dock,739.9,-33.86415,151.125608,False,5,normal
4 Regatta Road Five Dock,Five Dock,607.6,-33.869363,151.116339,False,5,normal
4 Sutton Street Five Dock,Five Dock,758.1,-33.867321,151.132399,False,5,normal
4 Udall Avenue Five Dock,Five Dock,570.9,-33.863681,151.127403,False,5,normal
4 Waterview Street Five Dock,Five Dock,437.9,-33.868513,151.131024,True,7,small
4 York Avenue Five Dock,Five Dock,441.0,-33.872022,151.125782,True,6,small
40 East Street Five Dock,Five Dock,347.9,-33.865284,151.129685,True,6,small
40 Garfield Street Five Dock,Five Dock,672.6,-33.867682,151.125797,True,6,normal
40 Great North Road Five Dock,Five Dock,482.9,-33.871248,151.128863,False,5,normal
40 Mcgrath Avenue Five Dock,Five Dock,873.2,-33.862103,151.129524,False,5,normal
40 Preston Avenue Five Dock,Five Dock,546.5,-33.862932,151.12767,False,5,normal
405 Lyons Road Five Dock,Five Dock,438.1,-33.863248,151.134221,False,5,small
407 Lyons Road Five Dock,Five Dock,438.6,-33.863275,151.134146,False,5,small
409 Lyons Road Five Dock,Five Dock,483.2,-33.863305,151.134066,False,5,normal
41 Arlington Street Five Dock,Five Dock,622.6,-33.87039,151.126513,False,5,normal
41 Barnstaple Road Five Dock,Five Dock,496.7,-33.8649,151.134135,True,6,normal
41 East Street Five Dock,Five Dock,417.4,-33.864855,151.129307,False,5,small
41 Garfield Street Five Dock,Five Dock,423.2,-33.868355,151.126215,True,7,small
41 Great North Road Five Dock,Five Dock,1004.6,-33.870985,151.128228,True,9,normal
41 Howley Street Five Dock,Five Dock,925.9,-33.866556,151.137751,False,5,normal
41 Kings Road Five Dock,Five Dock,473.4,-33.86948,151.126003,True,6,normal
41 Lancelot Street Five Dock,Five Dock,431.4,-33.867326,151.125412,False,5,small
41 Murralong Avenue Five Dock,Five Dock,731.3,-33.872029,151.128919,False,5,normal
41 Ramsay Road Five Dock,Five Dock,531.0,-33.870685,151.131457,True,6,normal
41 Rickard Street Five Dock,Five Dock,872.7,-33.868445,151.138228,True,6,normal
411 Lyons Road Five Dock,Five Dock,434.8,-33.863335,151.133986,False,5,small
412 Lyons Road Five Dock,Five Dock,882.1,-33.862718,151.134126,False,5,normal
415 Lyons Road Five Dock,Five Dock,480.9,-33.863666,151.133055,False,5,normal
42 Garfield Street Five Dock,Five Dock,658.7,-33.867717,151.125638,True,6,normal
42 Great North Road Five Dock,Five Dock,616.2,-33.871194,151.128998,True,6,normal
42 Halley Street Five Dock,Five Dock,864.6,-33.860753,151.131429,True,6,normal
42 Harrabrook Avenue Five Dock,Five Dock,807.5,-33.872411,151.129029,True,6,normal
42 Henry Street Five Dock,Five Dock,550.7,-33.865986,151.126142,True,7,normal
42 Mcgrath Avenue Five Dock,Five Dock,927.5,-33.861975,151.129455,True,7,normal
42 Murralong Avenue Five Dock,Five Dock,1383.7,-33.871381,151.129122,True,7,normal
42 Waterview Street Five Dock,Five Dock,877.6,-33.866592,151.131562,True,6,normal
42 West Street Five Dock,Five Dock,544.7,-33.864632,151.129026,True,8,normal
422 Lyons Road Five Dock,Five Dock,4405.4,-33.863115,151.132868,True,10,large
424P Lyons Road Five Dock,Five Dock,7744.7,-33.863382,151.13212,True,6,large
43 Barnstaple Road Five Dock,Five Dock,810.0,-33.864871,151.13423,True,6,normal
43 East Street Five Dock,Five Dock,416.8,-33.86479,151.129318,False,5,small
43 Harrabrook Avenue Five Dock,Five Dock,415.5,-33.873013,151.128503,False,5,small
43 Minnesota Avenue Five Dock,Five Dock,1061.9,-33.871138,151.133076,False,5,normal
43 Murralong Avenue Five Dock,Five Dock,702.3,-33.871986,151.128818,False,5,normal
43 Noble Street Five Dock,Five Dock,456.7,-33.865642,151.137278,True,7,normal
43 Park Road Five Dock,Five Dock,929.7,-33.866111,151.132945,True,7,normal
43 Queens Road Five Dock,Five Dock,1633.1,-33.870139,151.123299,True,7,normal
43 Rickard Street Five Dock,Five Dock,1183.8,-33.868496,151.138048,True,9,normal
431 Lyons Road Five Dock,Five Dock,592.7,-33.864034,151.13214,False,5,normal
433 Lyons Road Five Dock,Five Dock,566.8,-33.864061,151.132055,False,5,normal
44 Great North Road Five Dock,Five Dock,942.5,-33.871113,151.129131,True,8,normal
44 Harrabrook Avenue Five Dock,Five Dock,416.1,-33.87243,151.128902,True,6,small
44 Minnesota Avenue Five Dock,Five Dock,822.4,-33.870502,151.132979,True,6,normal
44 Murralong Avenue Five Dock,Five Dock,604.7,-33.871406,151.128881,True,7,normal
44 Waterview Street Five Dock,Five Dock,891.8,-33.866465,151.131591,True,6,normal
443-447 Lyons Road Five Dock,Five Dock,1942.0,-33.86434,151.131159,True,11,normal
45 Barnstaple Road Five Dock,Five Dock,1243.0,-33.864812,151.134423,True,6,normal
45 Garfield Street Five Dock,Five Dock,559.3,-33.868306,151.126088,True,11,normal
45 Harrabrook Avenue Five Dock,Five Dock,604.4,-33.873073,151.128375,True,6,normal
45 Ingham Avenue Five Dock,Five Dock,1041.5,-33.870137,151.135135,True,6,normal
45 Pine Avenue Five Dock,Five Dock,1028.8,-33.859257,151.134342,False,5,normal
45 Preston Avenue Five Dock,Five Dock,622.9,-33.862729,151.126529,False,5,normal
45 Rickard Street Five Dock,Five Dock,603.8,-33.868354,151.137839,False,5,normal
451 Lyons Road West Five Dock,Five Dock,216.8,-33.864308,151.129718,False,5,small
452 Lyons Road West Five Dock,Five Dock,514.5,-33.863913,151.129828,True,6,normal
453 Lyons Road West Five Dock,Five Dock,570.3,-33.864361,151.129486,True,6,normal
455 Lyons Road West Five Dock,Five Dock,513.4,-33.864377,151.129366,False,5,normal
457 Lyons Road West Five Dock,Five Dock,545.2,-33.864378,151.129256,False,5,normal
458 Lyons Road West Five Dock,Five Dock,1049.2,-33.863981,151.129272,True,21,normal
46 Harrabrook Avenue Five Dock,Five Dock,405.4,-33.872474,151.128834,False,5,small
46 Harris Road Five Dock,Five Dock,513.6,-33.866366,151.123326,True,8,normal
46 Henry Street Five Dock,Five Dock,643.1,-33.865976,151.12589,True,8,normal
46 Howley Street Five Dock,Five Dock,485.9,-33.866225,151.136895,True,7,normal
46 Lancelot Street Five Dock,Five Dock,936.3,-33.866653,151.124065,False,5,normal
46 Mcgrath Avenue Five Dock,Five Dock,817.6,-33.861775,151.129599,False,5,normal
46 Preston Avenue Five Dock,Five Dock,851.2,-33.862803,151.128063,True,9,normal
460 Lyons Road West Five Dock,Five Dock,569.5,-33.863738,151.129011,True,7,normal
461 Lyons Road West Five Dock,Five Dock,513.5,-33.864452,151.129029,False,5,normal
462 Lyons Road West Five Dock,Five Dock,596.7,-33.863828,151.128962,True,6,normal
465 Lyons Road West Five Dock,Five Dock,668.0,-33.864382,151.128726,True,6,normal
467 Lyons Road West Five Dock,Five Dock,589.6,-33.864401,151.128583,False,5,normal
469 Lyons Road West Five Dock,Five Dock,654.2,-33.864455,151.128398,False,5,normal
47 Barnstaple Road Five Dock,Five Dock,2825.1,-33.864564,151.134705,True,7,large
47 Fairlight Street Five Dock,Five Dock,1192.3,-33.87032,151.132089,True,6,normal
47 Garfield Street Five Dock,Five Dock,504.5,-33.868239,151.125875,False,5,normal
47 Great North Road Five Dock,Five Dock,398.9,-33.870777,151.128709,False,5,small
47 Henry Street Five Dock,Five Dock,679.7,-33.8663,151.125393,False,5,normal
47 Howley Street Five Dock,Five Dock,984.9,-33.866681,151.13728,False,5,normal
47 Minnesota Avenue Five Dock,Five Dock,520.3,-33.871189,151.132871,False,5,normal
47 Pine Avenue Five Dock,Five Dock,619.0,-33.859138,151.134346,True,7,normal
47 Preston Avenue Five Dock,Five Dock,630.5,-33.862734,151.126687,True,7,normal
470 Lyons Road West Five Dock,Five Dock,530.0,-33.863862,151.128583,True,6,normal
473 Lyons Road West Five Dock,Five Dock,1072.4,-33.864607,151.12813,True,9,normal
474 Lyons Road West Five Dock,Five Dock,534.7,-33.863875,151.128424,True,6,normal
477 Lyons Road West Five Dock,Five Dock,812.4,-33.864598,151.127892,True,6,normal
48 Halley Street Five Dock,Five Dock,423.1,-33.860923,151.131076,False,5,small
48 Harris Road Five Dock,Five Dock,447.3,-33.866266,151.123281,False,5,small
48 Henry Street Five Dock,Five Dock,478.7,-33.865951,151.125792,True,6,normal
48 Kings Road Five Dock,Five Dock,565.4,-33.868958,151.125487,True,7,normal
48 Lancelot Street Five Dock,Five Dock,1295.3,-33.866587,151.123911,True,6,normal
48 Minnesota Avenue Five Dock,Five Dock,782.1,-33.870564,151.132725,True,6,normal
48 Preston Avenue Five Dock,Five Dock,641.5,-33.862745,151.128216,True,8,normal
481 Lyons Road West Five Dock,Five Dock,760.0,-33.864551,151.127698,False,5,normal
482 Lyons Road West Five Dock,Five Dock,540.4,-33.863945,151.12811,False,5,normal
485 Lyons Road West Five Dock,Five Dock,982.2,-33.864658,151.127432,False,5,normal
488 Lyons Road West Five Dock,Five Dock,561.7,-33.86394,151.127847,True,6,normal
49 Barnstaple Road Five Dock,Five Dock,707.1,-33.864389,151.135854,True,8,normal
49 Great North Road Five Dock,Five Dock,484.7,-33.870681,151.12872,True,8,normal
49 Harrabrook Avenue Five Dock,Five Dock,761.0,-33.873099,151.128115,False,5,normal
49 Henry Street Five Dock,Five Dock,730.3,-33.866282,151.125258,False,5,normal
49 Howley Street Five Dock,Five Dock,962.9,-33.866723,151.137123,False,5,normal
49 Ingham Avenue Five Dock,Five Dock,1000.3,-33.869901,151.134916,False,5,normal
49 Minnesota Avenue Five Dock,Five Dock,1033.6,-33.871231,151.132749,True,6,normal
49 Noble Street Five Dock,Five Dock,564.8,-33.86566,151.136943,True,6,normal
49 Park Road Five Dock,Five Dock,539.0,-33.865853,151.133159,False,5,normal
49 Parramatta Road Five Dock,Five Dock,1275.5,-33.87145,151.123927,True,9,normal
49 Pine Avenue Five Dock,Five Dock,691.8,-33.858878,151.134379,True,7,normal
49 Rickard Street Five Dock,Five Dock,625.4,-33.868704,151.137112,True,6,normal
492 Lyons Road West Five Dock,Five Dock,618.4,-33.863963,151.127622,False,5,normal
493 Lyons Road West Five Dock,Five Dock,866.7,-33.864664,151.126896,False,5,normal
494 Lyons Road West Five Dock,Five Dock,606.2,-33.864038,151.127518,False,5,normal
495 Lyons Road West Five Dock,Five Dock,799.5,-33.864666,151.126763,False,5,normal
498 Lyons Road West Five Dock,Five Dock,710.7,-33.864096,151.127094,True,6,normal
499 Lyons Road West Five Dock,Five Dock,764.0,-33.864591,151.126512,False,5,normal
4A Connecticut Avenue Five Dock,Five Dock,1033.6,-33.871119,151.134699,True,7,normal
5 Arlington Street Five Dock,Five Dock,594.7,-33.872253,151.126043,True,9,normal
5 Barnstaple Road Five Dock,Five Dock,584.4,-33.865862,151.131126,False,5,normal
5 Bennett Avenue Five Dock,Five Dock,469.5,-33.864503,151.135203,True,6,normal
5 Betts Avenue Five Dock,Five Dock,554.6,-33.86389,151.13604,True,6,normal
5 Corden Avenue Five Dock,Five Dock,561.0,-33.863831,151.123799,False,5,normal
5 Courland Street Five Dock,Five Dock,563.4,-33.871264,151.123934,True,6,normal
5 Elizabeth Street Five Dock,Five Dock,575.4,-33.865645,151.124172,True,7,normal
5 Fairlight Street Five Dock,Five Dock,964.6,-33.869797,151.134431,True,6,normal
5 Garfield Street Five Dock,Five Dock,2273.4,-33.868926,151.128785,True,15,large
5 Henry Street Five Dock,Five Dock,678.7,-33.866539,151.128812,False,5,normal
5 Kerin Avenue Five Dock,Five Dock,495.4,-33.863153,151.129872,True,6,normal
5 Kings Road Five Dock,Five Dock,436.0,-33.869956,151.128585,False,5,small
5 Kingsford Avenue Five Dock,Five Dock,495.6,-33.871101,151.131154,True,6,normal
5 Lancelot Street Five Dock,Five Dock,339.6,-33.867598,151.127522,False,5,small
5 Minnesota Avenue Five Dock,Five Dock,530.2,-33.870699,151.134866,False,5,normal
5 Mitchell Street Five Dock,Five Dock,494.8,-33.863409,151.134992,False,5,normal
5 Myler Street Five Dock,Five Dock,376.4,-33.866898,151.122136,True,10,small
5 New Jersey Road Five Dock,Five Dock,517.6,-33.872181,151.134563,False,5,normal
5 Pine Avenue Five Dock,Five Dock,940.9,-33.86218,151.134047,False,5,normal
5 Preston Avenue Five Dock,Five Dock,681.1,-33.864095,151.125012,False,5,normal
5 Udall Avenue Five Dock,Five Dock,588.1,-33.863642,151.126897,False,5,normal
5 Walker Street Five Dock,Five Dock,715.1,-33.869201,151.11321,False,5,normal
5 West Street Five Dock,Five Dock,687.6,-33.86541,151.128341,True,6,normal
5-7A Park Road Five Dock,Five Dock,2526.5,-33.869342,151.132261,True,10,large
50 Garfield Street Five Dock,Five Dock,529.0,-33.867587,151.125049,True,6,normal
50 Great North Road Five Dock,Five Dock,1847.4,-33.870702,151.129413,True,9,normal
50 Mcgrath Avenue Five Dock,Five Dock,775.0,-33.861558,151.129656,False,5,normal
50 Preston Avenue Five Dock,Five Dock,594.9,-33.862711,151.128369,True,6,normal
50 Queens Road Five Dock,Five Dock,725.8,-33.870015,151.125852,True,6,normal
501 Lyons Road West Five Dock,Five Dock,742.0,-33.864595,151.126377,False,5,normal
502 Lyons Road West Five Dock,Five Dock,713.1,-33.8641,151.1268,False,5,normal
504 Lyons Road West Five Dock,Five Dock,971.2,-33.864042,151.126656,True,6,normal
506 Lyons Road West Five Dock,Five Dock,971.2,-33.86408,151.126502,False,5,normal
507 Lyons Road West Five Dock,Five Dock,659.1,-33.864609,151.125973,False,5,normal
508 Lyons Road West Five Dock,Five Dock,1225.6,-33.86399,151.126357,True,6,normal
509 Lyons Road West Five Dock,Five Dock,562.5,-33.864638,151.125742,True,6,normal
50A Kings Road Five Dock,Five Dock,1074.2,-33.86881,151.125394,True,8,normal
51 Fairlight Street Five Dock,Five Dock,508.9,-33.870278,151.131866,True,9,normal
51 Henry Street Five Dock,Five Dock,629.2,-33.866264,151.125125,False,5,normal
51 Ingham Avenue Five Dock,Five Dock,1036.0,-33.869745,151.134965,False,5,normal
51 Park Road Five Dock,Five Dock,541.1,-33.865771,151.133204,True,6,normal
51 Pine Avenue Five Dock,Five Dock,851.3,-33.858757,151.134379,True,7,normal
51-55 Parramatta Road Five Dock,Five Dock,3507.9,-33.871222,151.123562,True,13,large
514 Lyons Road West Five Dock,Five Dock,1126.4,-33.863969,151.125939,True,10,normal
515 Lyons Road West Five Dock,Five Dock,479.6,-33.864654,151.125351,True,7,normal
52 Harrabrook Avenue Five Dock,Five Dock,791.4,-33.872486,151.128535,True,6,normal
52 Minnesota Avenue Five Dock,Five Dock,801.7,-33.870646,151.132517,True,7,normal
52 Rickard Street Five Dock,Five Dock,941.1,-33.868262,151.136581,True,6,normal
520 Lyons Road West Five Dock,Five Dock,582.8,-33.864267,151.124657,False,5,normal
522 Lyons Road West Five Dock,Five Dock,636.7,-33.864285,151.124537,False,5,normal
526 Lyons Road West Five Dock,Five Dock,592.9,-33.864322,151.124082,False,5,normal
528 Lyons Road West Five Dock,Five Dock,593.0,-33.864334,151.123937,False,5,normal
53 Barnstaple Road Five Dock,Five Dock,681.8,-33.864268,151.136343,True,6,normal
53 Fairlight Street Five Dock,Five Dock,478.3,-33.870198,151.131718,True,6,normal
53 Garfield Street Five Dock,Five Dock,509.8,-33.8682,151.125576,False,5,normal
53 Harris Road Five Dock,Five Dock,308.1,-33.865895,151.122776,True,7,small
53 Pine Avenue Five Dock,Five Dock,200.7,-33.858659,151.134534,False,5,small
531 Lyons Road West Five Dock,Five Dock,694.1,-33.864741,151.124431,True,10,normal
537 Lyons Road West Five Dock,Five Dock,860.6,-33.864915,151.123846,True,6,normal
539 Lyons Road West Five Dock,Five Dock,828.1,-33.864825,151.123724,False,5,normal
53A Barnstaple Road Five Dock,Five Dock,681.8,-33.864268,151.136343,True,6,normal
54 Garfield Street Five Dock,Five Dock,507.2,-33.867582,151.124841,False,5,normal
54 Harris Road Five Dock,Five Dock,444.6,-33.866017,151.12333,True,10,small
54 Minnesota Avenue Five Dock,Five Dock,1005.4,-33.870821,151.132313,False,5,normal
54 Preston Avenue Five Dock,Five Dock,571.3,-33.862571,151.128549,True,6,normal
54 Rickard Street Five Dock,Five Dock,967.9,-33.86831,151.136433,True,6,normal
55 Barnstaple Road Five Dock,Five Dock,501.1,-33.864232,151.136488,False,5,normal
55 Henry Street Five Dock,Five Dock,883.9,-33.86634,151.124782,True,7,normal
55 Howley Street Five Dock,Five Dock,814.2,-33.866844,151.136708,True,8,normal
55 Rickard Street Five Dock,Five Dock,1093.8,-33.868881,151.136797,False,5,normal
56 Rickard Street Five Dock,Five Dock,983.6,-33.868356,151.136284,True,6,normal
57 Barnstaple Road Five Dock,Five Dock,681.9,-33.86419,151.136609,True,6,normal
57 Rickard Street Five Dock,Five Dock,565.5,-33.868916,151.136671,False,5,normal
57-63 Fairlight Street Five Dock,Five Dock,13148.2,-33.870772,151.130106,True,41,large
58 Harrabrook Avenue Five Dock,Five Dock,500.5,-33.872583,151.128127,False,5,normal
58 Harris Road Five Dock,Five Dock,1003.1,-33.865387,151.123587,True,9,normal
58 Noble Street Five Dock,Five Dock,1116.8,-33.864883,151.13767,True,6,normal
58 Rickard Street Five Dock,Five Dock,803.3,-33.868437,151.136156,False,5,normal
59 Great North Road Five Dock,Five Dock,240.8,-33.870478,151.128921,True,7,small
59 Henry Street Five Dock,Five Dock,1239.9,-33.866276,151.124552,True,6,normal
59 Rickard Street Five Dock,Five Dock,525.4,-33.868961,151.136585,True,7,normal
5A Garfield Street Five Dock,Five Dock,1721.7,-33.868637,151.128563,False,5,normal
6 Augusta Street Five Dock,Five Dock,529.9,-33.868816,151.137921,True,7,normal
6 Bennett Avenue Five Dock,Five Dock,436.6,-33.864348,151.135705,False,5,small
6 Bevin Avenue Five Dock,Five Dock,597.7,-33.86592,151.122288,False,5,normal
6 Charles Street Five Dock,Five Dock,573.7,-33.862123,151.13151,True,6,normal
6 Connecticut Avenue Five Dock,Five Dock,894.3,-33.871039,151.134501,True,12,normal
6 Cross Street Five Dock,Five Dock,408.5,-33.868908,151.126156,True,8,small
6 Elizabeth Street Five Dock,Five Dock,579.9,-33.86574,151.124705,False,5,normal
6 Gildea Avenue Five Dock,Five Dock,543.9,-33.861401,151.132398,False,5,normal
6 Great North Road Five Dock,Five Dock,575.5,-33.873362,151.127654,True,10,normal
6 Harris Road Five Dock,Five Dock,502.3,-33.870637,151.122415,False,5,normal
6 Illinois Road Five Dock,Five Dock,393.3,-33.872358,151.133947,False,5,small
6 Kingsford Avenue Five Dock,Five Dock,477.6,-33.870757,151.130858,True,7,normal
6 Longview Street Five Dock,Five Dock,692.2,-33.871033,151.127604,True,6,normal
6 Mcgrath Avenue Five Dock,Five Dock,551.9,-33.863604,151.127872,True,6,normal
6 Mckinnon Avenue Five Dock,Five Dock,597.3,-33.862752,151.131972,True,6,normal
6 Murralong Avenue Five Dock,Five Dock,539.7,-33.871318,151.131313,True,6,normal
6 Newcastle Street Five Dock,Five Dock,998.0,-33.865036,151.127885,True,6,normal
6 Norman Street Five Dock,Five Dock,587.1,-33.869733,151.136849,True,6,normal
6 Preston Avenue Five Dock,Five Dock,745.8,-33.864026,151.125569,False,5,normal
6 Queens Road Five Dock,Five Dock,776.0,-33.870308,151.128635,True,7,normal
6 Taylor Street Five Dock,Five Dock,762.5,-33.86914,151.11277,False,5,normal
6 Udall Avenue Five Dock,Five Dock,567.4,-33.863502,151.127239,True,19,normal
60 Harris Road Five Dock,Five Dock,1002.4,-33.865243,151.123606,False,5,normal
60 Henry Street Five Dock,Five Dock,742.1,-33.865592,151.123572,False,5,normal
60 Ingham Avenue Five Dock,Five Dock,1367.0,-33.86819,151.135963,True,8,normal
60 Mcgrath Avenue Five Dock,Five Dock,749.4,-33.860998,151.129662,True,10,normal
61 Harris Road Five Dock,Five Dock,1070.0,-33.865486,151.122814,False,5,normal
61 Henry Street Five Dock,Five Dock,1337.4,-33.866207,151.124376,False,5,normal
61 Ingham Avenue Five Dock,Five Dock,578.1,-33.863605,151.136827,True,6,normal
62 Garfield Street Five Dock,Five Dock,569.5,-33.867516,151.124354,False,5,normal
62 Henry Street Five Dock,Five Dock,746.2,-33.865574,151.123442,False,5,normal
62 Noble Street Five Dock,Five Dock,454.1,-33.86512,151.13735,False,5,normal
63 Henry Street Five Dock,Five Dock,1354.0,-33.86618,151.12418,False,5,normal
63 Rickard Street Five Dock,Five Dock,506.3,-33.868984,151.135747,False,5,normal
64 Garfield Street Five Dock,Five Dock,573.9,-33.867479,151.124252,True,6,normal
64 Mcgrath Avenue Five Dock,Five Dock,828.0,-33.860778,151.12978,False,5,normal
65 Henry Street Five Dock,Five Dock,1337.5,-33.866153,151.123983,False,5,normal
65-67 Great North Road Five Dock,Five Dock,486.6,-33.870309,151.12897,True,8,normal
66 Garfield Street Five Dock,Five Dock,690.9,-33.867484,151.124121,False,5,normal
67 Henry Street Five Dock,Five Dock,1337.3,-33.866171,151.123776,True,6,normal
68 Garfield Street Five Dock,Five Dock,655.0,-33.867467,151.123989,False,5,normal
68 Ingham Avenue Five Dock,Five Dock,865.8,-33.867369,151.136128,True,8,normal
69 Garfield Street Five Dock,Five Dock,1717.8,-33.868221,151.124219,True,7,normal
69 Ingham Avenue Five Dock,Five Dock,550.5,-33.86317,151.136909,True,6,normal
69A Ingham Avenue Five Dock,Five Dock,532.1,-33.863038,151.136935,True,6,normal
6A Connecticut Avenue Five Dock,Five Dock,654.2,-33.871255,151.134601,False,5,normal
6A Lavender Street Five Dock,Five Dock,636.0,-33.87146,151.125154,True,6,normal
7 Connecticut Avenue Five Dock,Five Dock,497.0,-33.871725,151.134968,False,5,normal
7 Corden Avenue Five Dock,Five Dock,561.1,-33.863856,151.12367,False,5,normal
7 Cross Street Five Dock,Five Dock,582.9,-33.868713,151.125689,True,6,normal
7 Erina Avenue Five Dock,Five Dock,961.1,-33.864509,151.134114,True,6,normal
7 Gildea Avenue Five Dock,Five Dock,546.6,-33.861837,151.132111,True,6,normal
7 Henley Marine Drive Five Dock,Five Dock,619.8,-33.872468,151.134135,True,7,normal
7 Kerin Avenue Five Dock,Five Dock,488.2,-33.863107,151.129724,True,6,normal
7 Kingsford Avenue Five Dock,Five Dock,491.0,-33.871136,151.131008,True,6,normal
7 Lancelot Street Five Dock,Five Dock,536.9,-33.867578,151.127347,False,5,normal
7 Myler Street Five Dock,Five Dock,312.7,-33.866891,151.122073,True,11,small
7 Norman Street Five Dock,Five Dock,1029.7,-33.87056,151.136507,False,5,normal
7 Preston Avenue Five Dock,Five Dock,681.2,-33.86399,151.124938,True,6,normal
7 Scott Street Five Dock,Five Dock,1375.6,-33.865319,151.125208,True,11,normal
7 Udall Avenue Five Dock,Five Dock,569.1,-33.863536,151.126866,False,5,normal
7 West Street Five Dock,Five Dock,679.6,-33.865302,151.128409,False,5,normal
70 Ingham Avenue Five Dock,Five Dock,822.1,-33.86722,151.136158,True,6,normal
71 Garfield Street Five Dock,Five Dock,1738.6,-33.868153,151.124029,True,6,normal
73 Garfield Street Five Dock,Five Dock,1710.1,-33.868127,151.12383,True,6,normal
73 Great North Road Five Dock,Five Dock,212.6,-33.870129,151.128953,False,5,small
73 Ingham Avenue Five Dock,Five Dock,532.3,-33.862821,151.137009,False,5,normal
75 Great North Road Five Dock,Five Dock,242.1,-33.870083,151.12903,False,5,small
75 Ramsay Road Five Dock,Five Dock,226.7,-33.869611,151.129631,True,7,small
76 Kings Road Five Dock,Five Dock,1445.8,-33.868555,151.123604,True,8,normal
76 Queens Road Five Dock,Five Dock,714.4,-33.869559,151.123686,False,5,normal
77 Great North Road Five Dock,Five Dock,223.4,-33.870037,151.129041,False,5,small
77 Kings Road Five Dock,Five Dock,683.3,-33.869184,151.123484,False,5,normal
77 Ramsay Road Five Dock,Five Dock,330.8,-33.86958,151.129585,True,8,small
78 Queens Road Five Dock,Five Dock,709.2,-33.86954,151.12355,False,5,normal
79 Garfield Street Five Dock,Five Dock,1679.5,-33.868018,151.123456,False,5,normal
79 Ingham Avenue Five Dock,Five Dock,545.2,-33.862507,151.137035,True,6,normal
79 Kings Road Five Dock,Five Dock,716.7,-33.869165,151.123349,False,5,normal
79 Queens Road Five Dock,Five Dock,783.5,-33.869272,151.118366,False,5,normal
7A Garfield Street Five Dock,Five Dock,615.7,-33.868591,151.128222,False,5,normal
8 Barnstaple Road Five Dock,Five Dock,617.3,-33.866257,151.131129,True,6,normal
8 Bennett Avenue Five Dock,Five Dock,469.4,-33.864232,151.135745,True,6,normal
8 Betts Avenue Five Dock,Five Dock,546.9,-33.863624,151.136568,True,6,normal
8 Charles Street Five Dock,Five Dock,568.9,-33.862093,151.131687,True,6,normal
8 Connecticut Avenue Five Dock,Five Dock,518.3,-33.871168,151.134378,False,5,normal
8 Courland Street Five Dock,Five Dock,461.2,-33.870694,151.124541,True,6,normal
8 Cross Street Five Dock,Five Dock,843.5,-33.86881,151.12611,True,8,normal
8 Erina Avenue Five Dock,Five Dock,703.6,-33.863447,151.134613,True,6,normal
8 Gildea Avenue Five Dock,Five Dock,543.1,-33.861406,151.132229,True,6,normal
8 Harrabrook Avenue Five Dock,Five Dock,719.4,-33.872203,151.131421,False,5,normal
8 Heath Street Five Dock,Five Dock,432.3,-33.868494,151.139043,False,5,small
8 Henry Street Five Dock,Five Dock,586.5,-33.866104,151.128729,False,5,normal
8 Illinois Road Five Dock,Five Dock,1055.3,-33.87218,151.134066,True,13,normal
8 James Street Five Dock,Five Dock,562.2,-33.863693,151.124523,True,6,normal
8 Kingsford Avenue Five Dock,Five Dock,489.6,-33.870765,151.130751,True,6,normal
8 Minnesota Avenue Five Dock,Five Dock,1038.2,-33.870046,151.134706,True,8,normal
8 Newcastle Street Five Dock,Five Dock,991.5,-33.865028,151.127758,True,6,normal
8 Queens Road Five Dock,Five Dock,540.9,-33.870224,151.128508,True,11,normal
8 Scott Street Five Dock,Five Dock,493.7,-33.865555,151.125921,True,8,normal
8 Taylor Street Five Dock,Five Dock,745.0,-33.869033,151.112798,False,5,normal
8 Trevanion Street Five Dock,Five Dock,934.4,-33.864529,151.133661,False,5,normal
80 Queens Road Five Dock,Five Dock,653.1,-33.869523,151.123418,False,5,normal
81 Ingham Avenue Five Dock,Five Dock,527.8,-33.862381,151.137084,True,8,normal
82 Kings Road Five Dock,Five Dock,671.4,-33.868682,151.123136,False,5,normal
82 Queens Road Five Dock,Five Dock,727.8,-33.869505,151.123287,False,5,normal
83 Kings Road Five Dock,Five Dock,734.3,-33.869197,151.123071,False,5,normal
84 Ingham Avenue Five Dock,Five Dock,953.2,-33.866059,151.136729,True,6,normal
85 Garfield Street Five Dock,Five Dock,539.4,-33.867869,151.123055,False,5,normal
85 Kings Road Five Dock,Five Dock,620.7,-33.869118,151.122928,True,7,normal
87 Garfield Street Five Dock,Five Dock,501.1,-33.867856,151.122954,False,5,normal
9 Arlington Street Five Dock,Five Dock,620.5,-33.87204,151.126093,True,8,normal
9 Augusta Street Five Dock,Five Dock,1000.1,-33.869207,151.137206,True,8,normal
9 Bennett Avenue Five Dock,Five Dock,469.2,-33.864263,151.135276,False,5,normal
9 Charles Street Five Dock,Five Dock,617.1,-33.862571,151.131575,True,6,normal
9 Coronation Avenue Five Dock,Five Dock,547.3,-33.868208,151.131953,True,9,normal
9 Courland Street Five Dock,Five Dock,624.8,-33.871095,151.123969,True,6,normal
9 Erina Avenue Five Dock,Five Dock,910.5,-33.864531,151.134032,True,6,normal
9 Gildea Avenue Five Dock,Five Dock,540.2,-33.861861,151.131974,True,6,normal
9 Harrabrook Avenue Five Dock,Five Dock,579.6,-33.872637,151.131414,False,5,normal
9 Kingsford Avenue Five Dock,Five Dock,497.6,-33.87118,151.130878,True,7,normal
9 Lavender Street Five Dock,Five Dock,432.9,-33.871072,151.124641,True,7,small
9 Mcgrath Avenue Five Dock,Five Dock,549.6,-33.863083,151.127996,True,6,normal
9 Minnesota Avenue Five Dock,Five Dock,859.9,-33.870777,151.134605,True,6,normal
9 Murralong Avenue Five Dock,Five Dock,632.4,-33.871918,151.131177,False,5,normal
9 New Jersey Road Five Dock,Five Dock,520.4,-33.872038,151.134498,True,7,normal
9 Pine Avenue Five Dock,Five Dock,1042.0,-33.8619,151.13399,True,7,normal
9 Preston Avenue Five Dock,Five Dock,681.3,-33.863882,151.124904,True,6,normal
9 Queens Road Five Dock,Five Dock,738.9,-33.870737,151.128157,True,7,normal
9 Rodd Road Five Dock,Five Dock,1002.8,-33.865204,151.131827,False,5,normal
9 Scott Street Five Dock,Five Dock,669.5,-33.865252,151.125432,False,5,normal
9 Trevanion Street Five Dock,Five Dock,784.7,-33.864974,151.13293,False,5,normal
9 Waterview Street Five Dock,Five Dock,898.2,-33.868381,151.130473,True,6,normal
90 Great North Road Five Dock,Five Dock,325.5,-33.868673,151.129989,False,5,small
92 Ingham Avenue Five Dock,Five Dock,894.3,-33.865209,151.137014,True,6,normal
92 Queens Road Five Dock,Five Dock,529.6,-33.869343,151.122081,False,5,normal
92A Great North Road Five Dock,Five Dock,255.3,-33.868595,151.130007,False,5,small
93 First Avenue Five Dock,Five Dock,890.5,-33.867301,151.138526,False,5,normal
94 Queens Road Five Dock,Five Dock,510.2,-33.869354,151.121946,True,6,normal
95 First Avenue Five Dock,Five Dock,601.8,-33.867368,151.138392,True,6,normal
95 Great North Road Five Dock,Five Dock,309.9,-33.86941,151.129172,False,5,small
96A Ingham Avenue Five Dock,Five Dock,398.4,-33.864833,151.137177,False,5,small
97 First Avenue Five Dock,Five Dock,583.1,-33.867399,151.138292,True,6,normal
97 Great North Road Five Dock,Five Dock,292.6,-33.869354,151.129185,False,5,small
98 First Avenue Five Dock,Five Dock,910.8,-33.86696,151.137723,False,5,normal
98 Great North Road Five Dock,Five Dock,363.1,-33.868229,151.13009,False,5,small
98 Kings Road Five Dock,Five Dock,1343.2,-33.868348,151.121678,True,6,normal
98 Queens Road Five Dock,Five Dock,526.2,-33.869325,151.12173,True,6,normal
99 First Avenue Five Dock,Five Dock,590.4,-33.867407,151.138184,False,5,normal
1 Bertram Street Mortlake,Mortlake,708.8,-33.844133,151.10761,True,6,normal
1 Herbert Street Mortlake,Mortlake,543.6,-33.84607,151.10872,False,5,normal
1 Hilly Street Mortlake,Mortlake,410.5,-33.842864,151.107284,True,6,small
11 Herbert Street Mortlake,Mortlake,650.1,-33.845603,151.108728,True,6,normal
11-15 Bertram Street Mortlake,Mortlake,1792.6,-33.843579,151.107427,True,15,normal
122 Tennyson Road Mortlake,Mortlake,368.5,-33.839283,151.106576,False,5,small
124 Tennyson Road Mortlake,Mortlake,433.7,-33.83921,151.106552,False,5,small
128 Tennyson Road Mortlake,Mortlake,483.2,-33.839054,151.106401,True,9,normal
16 Herbert Street Mortlake,Mortlake,511.6,-33.845742,151.108051,False,5,normal
17-19 Hilly Street Mortlake,Mortlake,668.0,-33.839238,151.106192,True,8,normal
18 Bertram Street Mortlake,Mortlake,660.3,-33.843465,151.106802,False,5,normal
2 Emily Street Mortlake,Mortlake,1012.3,-33.845873,151.10893,True,7,normal
2 Mcdonald Street Mortlake,Mortlake,482.4,-33.842681,151.106751,True,7,normal
20 Bertram Street Mortlake,Mortlake,484.0,-33.843428,151.106695,True,6,normal
20 Edwin Street Mortlake,Mortlake,477.8,-33.842186,151.106328,True,9,normal
22 Bertram Street Mortlake,Mortlake,973.8,-33.843412,151.106581,True,6,normal
24 Bertram Street Mortlake,Mortlake,973.8,-33.843412,151.106581,True,6,normal
24 Mcdonald Street Mortlake,Mortlake,204.8,-33.842554,151.105899,False,5,small
25 Hilly Street Mortlake,Mortlake,256.1,-33.83909,151.106061,False,5,small
26 Bertram Street Mortlake,Mortlake,479.3,-33.843474,151.106394,False,5,normal
26 Hilly Street Mortlake,Mortlake,361.2,-33.837744,151.105111,True,16,small
26B Hilly Street Mortlake,Mortlake,363.0,-33.837896,151.105169,True,17,small
26C Hilly Street Mortlake,Mortlake,373.9,-33.838006,151.105224,True,18,small
26D Hilly Street Mortlake,Mortlake,377.4,-33.838039,151.105235,True,18,small
26E Hilly Street Mortlake,Mortlake,380.3,-33.838151,151.105261,True,14,small
28 Bertram Street Mortlake,Mortlake,492.3,-33.843395,151.106311,False,5,normal
28A Hilly Street Mortlake,Mortlake,341.9,-33.837824,151.104882,True,15,small
28B Hilly Street Mortlake,Mortlake,349.5,-33.837862,151.104882,True,16,small
28F Hilly Street Mortlake,Mortlake,359.6,-33.838125,151.104965,True,14,small
28I Hilly Street Mortlake,Mortlake,461.4,-33.838355,151.105054,True,8,normal
3 Bertram Street Mortlake,Mortlake,709.3,-33.844031,151.107552,False,5,normal
30 Tennyson Road Mortlake,Mortlake,873.1,-33.844165,151.108105,True,18,normal
31 Bertram Street Mortlake,Mortlake,215.6,-33.842969,151.106842,True,8,small
32 Tennyson Road Mortlake,Mortlake,873.1,-33.844165,151.108105,True,18,normal
33W Hilly Street Mortlake,Mortlake,4376.2,-33.837591,151.105874,True,99,large
34 Bertram Street Mortlake,Mortlake,481.4,-33.843418,151.106002,False,5,normal
38 Hilly Street Mortlake,Mortlake,2000.8,-33.83674,151.104601,False,5,large
38 Tennyson Road Mortlake,Mortlake,1654.8,-33.843784,151.107799,True,10,normal
39 Hilly Street Mortlake,Mortlake,430.4,-33.837205,151.105455,True,27,small
4 Bennett Street Mortlake,Mortlake,3380.4,-33.841541,151.104889,True,7,large
4 Emily Street Mortlake,Mortlake,736.2,-33.845699,151.108878,True,6,normal
4 Mcdonald Street Mortlake,Mortlake,535.0,-33.842645,151.106547,False,5,normal
42 Bertram Street Mortlake,Mortlake,485.7,-33.843327,151.105604,True,7,normal
42 Edwin Street Mortlake,Mortlake,914.2,-33.842232,151.1052,True,7,normal
42 Tennyson Road Mortlake,Mortlake,522.0,-33.843484,151.107832,False,5,normal
43 Hilly Street Mortlake,Mortlake,377.0,-33.837031,151.105379,True,9,small
44 Edwin Street Mortlake,Mortlake,874.7,-33.842223,151.105091,True,7,normal
46 Bertram Street Mortlake,Mortlake,387.6,-33.8433,151.105432,True,6,small
46 Edwin Street Mortlake,Mortlake,901.0,-33.842188,151.105004,True,7,normal
47 Bertram Street Mortlake,Mortlake,453.7,-33.842876,151.106197,False,5,normal
49 Bertram Street Mortlake,Mortlake,455.2,-33.842862,151.106099,False,5,normal
51 Bertram Street Mortlake,Mortlake,448.3,-33.842848,151.106002,False,5,small
53 Hilly Street Mortlake,Mortlake,451.7,-33.836529,151.105181,True,18,normal
57 Bertram Street Mortlake,Mortlake,456.6,-33.842807,151.105711,False,5,normal
57 Hilly Street Mortlake,Mortlake,323.3,-33.836356,151.105236,True,21,small
58 Tennyson Road Mortlake,Mortlake,405.5,-33.842774,151.107621,True,7,small
6 Edwin Street Mortlake,Mortlake,412.2,-33.841944,151.107057,False,5,small
61 Bertram Street Mortlake,Mortlake,456.0,-33.84278,151.105515,False,5,normal
61 Hilly Street Mortlake,Mortlake,344.9,-33.836158,151.105298,True,20,small
63 Bertram Street Mortlake,Mortlake,444.5,-33.842766,151.105418,False,5,small
63 Hilly Street Mortlake,Mortlake,378.5,-33.836096,151.105353,True,19,small
67 Hilly Street Mortlake,Mortlake,536.3,-33.835902,151.105333,True,8,normal
69 Hilly Street Mortlake,Mortlake,488.9,-33.835779,151.105271,True,9,normal
78 Tennyson Road Mortlake,Mortlake,792.1,-33.841485,151.10722,True,6,normal
81 Hilly Street Mortlake,Mortlake,371.3,-33.836078,151.10517,True,28,small
82 Tennyson Road Mortlake,Mortlake,1945.2,-33.841279,151.106879,True,7,normal
83 Hilly Street Mortlake,Mortlake,416.7,-33.83601,151.105147,True,16,small
84 Tennyson Road Mortlake,Mortlake,1945.2,-33.841279,151.106879,True,7,normal
85 Hilly Street Mortlake,Mortlake,371.0,-33.835917,151.105085,True,6,small
89 Hilly Street Mortlake,Mortlake,349.5,-33.835728,151.104958,True,16,small
9 Tennyson Road Mortlake,Mortlake,498.7,-33.845077,151.10766,False,5,normal
91 Hilly Street Mortlake,Mortlake,338.6,-33.835665,151.104921,True,19,small
1 Averill Street Rhodes,Rhodes,1698.7,-33.825507,151.091815,True,7,normal
10 Cavell Avenue Rhodes,Rhodes,1016.9,-33.825554,151.089498,False,5,normal
10 Leeds Street Rhodes,Rhodes,3816.4,-33.824872,151.091153,True,6,large
101A Llewellyn Street Rhodes,Rhodes,918.0,-33.8248,151.093918,True,15,normal
10A Cavell Avenue Rhodes,Rhodes,1016.9,-33.825554,151.089498,False,5,normal
11 Averill Street Rhodes,Rhodes,1896.9,-33.825209,151.090189,True,7,normal
12 Llewellyn Street Rhodes,Rhodes,934.1,-33.82838,151.090834,True,6,normal
13 Cropley Street Rhodes,Rhodes,1119.7,-33.827949,151.09125,True,6,normal
14 Cavell Avenue Rhodes,Rhodes,1785.0,-33.825208,151.089348,True,7,normal
14 Llewellyn Street Rhodes,Rhodes,1019.5,-33.828396,151.091004,False,5,normal
15 Cavell Avenue Rhodes,Rhodes,606.7,-33.827288,151.089848,True,7,normal
15-17 Blaxland Road Rhodes,Rhodes,2866.0,-33.830431,151.087819,True,13,large
16 Cavell Avenue Rhodes,Rhodes,1409.0,-33.825036,151.089475,True,6,normal
16 Leeds Street Rhodes,Rhodes,2190.9,-33.82471,151.0903,True,7,large
16 Walker Street Rhodes,Rhodes,1039.8,-33.830123,151.086503,False,5,normal
16A Leeds Street Rhodes,Rhodes,2190.9,-33.82471,151.0903,True,7,large
16B Leeds Street Rhodes,Rhodes,2190.9,-33.82471,151.0903,True,7,large
18 Cavell Avenue Rhodes,Rhodes,791.6,-33.824929,151.089524,True,6,normal
19 Leeds Street Rhodes,Rhodes,1725.6,-33.824062,151.09036,True,6,normal
1B Alfred Street Rhodes,Rhodes,6024.5,-33.834363,151.08692,False,5,large
2 Leeds Street Rhodes,Rhodes,2569.8,-33.824799,151.092149,True,24,large
20 Llewellyn Street Rhodes,Rhodes,1022.8,-33.828296,151.091484,False,5,normal
21 Llewellyn Street Rhodes,Rhodes,963.9,-33.828909,151.090322,False,5,normal
23 Cavell Avenue Rhodes,Rhodes,1009.6,-33.826763,151.090007,False,5,normal
23 Cropley Street Rhodes,Rhodes,1097.1,-33.827244,151.091526,False,5,normal
25 Blaxland Road Rhodes,Rhodes,1568.2,-33.83011,151.087916,True,7,normal
25 Cavell Avenue Rhodes,Rhodes,977.6,-33.826569,151.089848,True,17,normal
25 Cropley Street Rhodes,Rhodes,1112.6,-33.827101,151.091572,False,5,normal
26B Llewellyn Street Rhodes,Rhodes,534.7,-33.82827,151.092058,False,5,normal
27 Cavell Avenue Rhodes,Rhodes,1024.0,-33.826331,151.089924,True,12,normal
27 Cropley Street Rhodes,Rhodes,1031.5,-33.826963,151.091616,False,5,normal
28 Cavell Avenue Rhodes,Rhodes,1169.5,-33.824474,151.08982,True,20,normal
28 Llewellyn Street Rhodes,Rhodes,1046.3,-33.828094,151.092071,True,6,normal
29 Cavell Avenue Rhodes,Rhodes,1007.5,-33.826181,151.090118,False,5,normal
29 Marquet Street Rhodes,Rhodes,3606.4,-33.829228,151.086072,False,5,large
2B Cavell Avenue Rhodes,Rhodes,740.1,-33.827623,151.089149,True,7,normal
3 Cropley Street Rhodes,Rhodes,1159.1,-33.827907,151.090261,False,5,normal
3 Denham Street Rhodes,Rhodes,1163.0,-33.826217,151.090608,True,6,normal
31 Blaxland Road Rhodes,Rhodes,642.3,-33.829568,151.087928,False,5,normal
31 Cavell Avenue Rhodes,Rhodes,1020.3,-33.826046,151.090145,False,5,normal
33 Cavell Avenue Rhodes,Rhodes,999.3,-33.825909,151.090172,False,5,normal
33 Llewellyn Street Rhodes,Rhodes,1134.6,-33.82897,151.091481,True,10,normal
34 Llewellyn Street Rhodes,Rhodes,1183.5,-33.827685,151.091894,True,7,normal
35 Llewellyn Street Rhodes,Rhodes,1097.3,-33.828924,151.091676,True,10,normal
37 Cavell Avenue Rhodes,Rhodes,1005.4,-33.825573,151.090023,True,15,normal
38 Llewellyn Street Rhodes,Rhodes,1030.8,-33.827359,151.092001,False,5,normal
39 Llewellyn Street Rhodes,Rhodes,1029.8,-33.828809,151.09205,True,8,normal
4 Averill Street Rhodes,Rhodes,719.5,-33.825898,151.091038,False,5,normal
4 Cavell Avenue Rhodes,Rhodes,1188.6,-33.826099,151.089392,False,5,normal
4 Leeds Street Rhodes,Rhodes,3907.6,-33.82487,151.091855,True,33,large
41 Llewellyn Street Rhodes,Rhodes,783.7,-33.82878,151.09224,True,8,normal
42 Llewellyn Street Rhodes,Rhodes,1013.4,-33.827095,151.092086,False,5,normal
424 Concord Road Rhodes,Rhodes,717.4,-33.830697,151.087753,True,6,normal
43 Blaxland Road Rhodes,Rhodes,795.2,-33.828521,151.088151,False,5,normal
43B Blaxland Road Rhodes,Rhodes,795.2,-33.828521,151.088151,False,5,normal
44 Llewellyn Street Rhodes,Rhodes,1429.2,-33.826946,151.092136,True,7,normal
448 Concord Road Rhodes,Rhodes,456.2,-33.828666,151.088747,True,6,normal
45 Blaxland Road Rhodes,Rhodes,1003.7,-33.828416,151.088326,True,6,normal
45 Llewellyn Street Rhodes,Rhodes,1251.0,-33.828634,151.092706,True,10,normal
450 Concord Road Rhodes,Rhodes,1057.2,-33.828434,151.088777,True,6,normal
454 Concord Road Rhodes,Rhodes,590.0,-33.82814,151.089009,False,5,normal
458 Concord Road Rhodes,Rhodes,1023.4,-33.827863,151.088981,True,6,normal
45A Blaxland Road Rhodes,Rhodes,960.7,-33.828311,151.088393,True,6,normal
46 Llewellyn Street Rhodes,Rhodes,1025.3,-33.826812,151.092251,False,5,normal
467 Concord Road Rhodes,Rhodes,1114.9,-33.828504,151.089459,True,20,normal
47 Llewellyn Street Rhodes,Rhodes,1227.8,-33.828447,151.092769,True,16,normal
48 Llewellyn Street Rhodes,Rhodes,1020.0,-33.826629,151.092223,True,7,normal
482 Concord Road Rhodes,Rhodes,708.5,-33.825978,151.091405,False,5,normal
485A Concord Road Rhodes,Rhodes,576.9,-33.826831,151.091605,True,9,normal
489 Concord Road Rhodes,Rhodes,1020.0,-33.826572,151.091712,True,7,normal
49 Blaxland Road Rhodes,Rhodes,1436.7,-33.828035,151.088411,False,5,normal
49 Llewellyn Street Rhodes,Rhodes,1613.2,-33.828322,151.092897,True,20,normal
491 Concord Road Rhodes,Rhodes,988.2,-33.826508,151.091896,True,7,normal
495 Concord Road Rhodes,Rhodes,998.4,-33.826263,151.09211,False,5,normal
499 Concord Road Rhodes,Rhodes,958.6,-33.82603,151.092284,False,5,normal
5 Rider Boulevard Rhodes,Rhodes,5824.9,-33.832379,151.086308,True,7,large
501 Concord Road Rhodes,Rhodes,904.9,-33.825912,151.092366,False,5,normal
51 Blaxland Road Rhodes,Rhodes,686.3,-33.827833,151.088294,False,5,normal
51 Llewellyn Street Rhodes,Rhodes,458.7,-33.82819,151.092858,True,50,normal
51A Llewellyn Street Rhodes,Rhodes,1161.7,-33.828199,151.092947,True,56,normal
53 Blaxland Road Rhodes,Rhodes,924.4,-33.827762,151.088497,True,7,normal
53 Llewellyn Street Rhodes,Rhodes,1663.0,-33.827999,151.093036,True,16,normal
53A Blaxland Road Rhodes,Rhodes,1013.7,-33.827627,151.088536,True,6,normal
55 Blaxland Road Rhodes,Rhodes,987.1,-33.827505,151.088522,False,5,normal
55 Llewellyn Street Rhodes,Rhodes,1543.3,-33.827822,151.093014,True,8,normal
57 Blaxland Road Rhodes,Rhodes,1480.2,-33.827359,151.088552,False,5,normal
57 Llewellyn Street Rhodes,Rhodes,1525.9,-33.827704,151.092939,True,8,normal
59 Blaxland Road Rhodes,Rhodes,1471.1,-33.827189,151.088587,False,5,normal
6 Cropley Street Rhodes,Rhodes,992.0,-33.827498,151.090741,True,6,normal
6 Leeds Street Rhodes,Rhodes,2239.7,-33.824834,151.091555,True,9,large
61 Llewellyn Street Rhodes,Rhodes,1331.3,-33.827433,151.092862,True,7,normal
65 Blaxland Road Rhodes,Rhodes,979.9,-33.826548,151.088703,True,7,normal
69 Llewellyn Street Rhodes,Rhodes,1213.7,-33.827,151.093141,True,8,normal
7 Leeds Street Rhodes,Rhodes,7893.2,-33.824044,151.091549,True,12,large
71 Blaxland Road Rhodes,Rhodes,1490.4,-33.826171,151.088799,False,5,normal
73 Blaxland Road Rhodes,Rhodes,1473.0,-33.826007,151.088872,True,6,normal
73 Llewellyn Street Rhodes,Rhodes,1257.0,-33.826701,151.093223,True,12,normal
75 Blaxland Road Rhodes,Rhodes,1501.9,-33.825833,151.088906,True,6,normal
77 Blaxland Road Rhodes,Rhodes,1463.5,-33.825664,151.088901,False,5,normal
79 Blaxland Road Rhodes,Rhodes,1467.0,-33.82551,151.088972,True,6,normal
8 Averill Street Rhodes,Rhodes,1180.2,-33.825875,151.090677,True,6,normal
8 Cavell Avenue Rhodes,Rhodes,2095.3,-33.825722,151.089367,True,7,large
8 Cropley Street Rhodes,Rhodes,1021.1,-33.827348,151.090721,True,8,normal
8 Leeds Street Rhodes,Rhodes,3816.4,-33.824872,151.091153,True,6,large
81 Llewellyn Street Rhodes,Rhodes,1228.9,-33.826293,151.093651,True,14,normal
83 Blaxland Road Rhodes,Rhodes,1135.4,-33.825153,151.088958,True,7,normal
85 Llewellyn Street Rhodes,Rhodes,996.4,-33.826027,151.093793,True,8,normal
87 Blaxland Road Rhodes,Rhodes,1074.6,-33.824812,151.088997,False,5,normal
89 Blaxland Road Rhodes,Rhodes,1289.2,-33.82462,151.089028,True,6,normal
9-11 Leeds Street Rhodes,Rhodes,3504.6,-33.824254,151.091435,True,7,large
93 Llewellyn Street Rhodes,Rhodes,1274.1,-33.825452,151.09402,True,21,normal
95 Llewellyn Street Rhodes,Rhodes,1344.4,-33.825337,151.093969,True,18,normal
97 Llewellyn Street Rhodes,Rhodes,1480.6,-33.825178,151.093978,True,13,normal
Concord Road Rhodes,Rhodes,318.6,-33.829414,151.089099,True,10,small
1 Alice Avenue Russell Lea,Russell Lea,557.5,-33.860019,151.13959,True,8,normal
1 Atkins Avenue Russell Lea,Russell Lea,534.8,-33.856207,151.142935,True,6,normal
1 Boronia Avenue Russell Lea,Russell Lea,441.6,-33.858354,151.140273,True,7,small
1 Bouvardia Street Russell Lea,Russell Lea,536.0,-33.856438,151.140776,True,7,normal
1 Byrne Avenue Russell Lea,Russell Lea,728.1,-33.856722,151.145182,True,8,normal
1 Clare Crescent Russell Lea,Russell Lea,711.7,-33.860591,151.138144,True,7,normal
1 Dalmeny Avenue Russell Lea,Russell Lea,736.7,-33.863268,151.139284,True,7,normal
1 Lamrock Avenue Russell Lea,Russell Lea,467.5,-33.863139,151.139733,True,7,normal
1 Lucas Avenue Russell Lea,Russell Lea,793.2,-33.858438,151.137138,True,9,normal
1 Mcculloch Street Russell Lea,Russell Lea,550.5,-33.863206,151.14125,True,7,normal
1 Potter Street Russell Lea,Russell Lea,589.4,-33.860705,151.142609,True,6,normal
1 Reims Street Russell Lea,Russell Lea,771.5,-33.858323,151.142208,True,8,normal
1 Robert Avenue Russell Lea,Russell Lea,549.8,-33.863397,151.140438,True,7,normal
1 Russell Street Russell Lea,Russell Lea,834.5,-33.859869,151.141108,True,8,normal
1 Tait Street Russell Lea,Russell Lea,842.9,-33.857333,151.143919,True,10,normal
1 The Crescent Russell Lea,Russell Lea,489.3,-33.861888,151.141481,True,15,normal
10 Dalmeny Avenue Russell Lea,Russell Lea,473.9,-33.862367,151.139373,True,6,normal
10 Hampden Road Russell Lea,Russell Lea,818.4,-33.856672,151.144387,False,5,normal
10 Lamrock Avenue Russell Lea,Russell Lea,520.7,-33.862828,151.140275,True,6,normal
10 Lea Avenue Russell Lea,Russell Lea,735.4,-33.860926,151.136138,False,5,normal
10 Lenore Street Russell Lea,Russell Lea,978.7,-33.858314,151.14516,False,5,normal
10 Liege Street Russell Lea,Russell Lea,604.2,-33.856828,151.14258,False,5,normal
10 Mcculloch Street Russell Lea,Russell Lea,484.3,-33.862671,151.141859,True,6,normal
10 Mons Street Russell Lea,Russell Lea,559.7,-33.858669,151.141916,True,6,normal
10 Pine Avenue Russell Lea,Russell Lea,1038.6,-33.860872,151.134889,False,5,normal
10 Rowley Road Russell Lea,Russell Lea,793.7,-33.857016,151.137864,False,5,normal
10 Russell Street Russell Lea,Russell Lea,1005.0,-33.859223,151.141198,True,6,normal
10 Tait Street Russell Lea,Russell Lea,421.3,-33.857496,151.142882,False,5,small
10 Undine Street Russell Lea,Russell Lea,881.2,-33.859301,151.145466,True,6,normal
10 Warwillah Road Russell Lea,Russell Lea,799.8,-33.857811,151.136816,True,8,normal
100 Clements Street Russell Lea,Russell Lea,618.1,-33.861198,151.144297,True,7,normal
102 Hampden Road Russell Lea,Russell Lea,1268.1,-33.854682,151.138005,True,10,normal
103A Henley Marine Drive Russell Lea,Russell Lea,513.9,-33.861896,151.146126,True,8,normal
104 Henley Marine Drive Russell Lea,Russell Lea,463.6,-33.862085,151.146551,False,5,normal
104-106 Hampden Road Russell Lea,Russell Lea,317.1,-33.854883,151.137849,False,5,small
105 Hampden Road Russell Lea,Russell Lea,409.8,-33.855334,151.138202,True,6,small
109 Hampden Road Russell Lea,Russell Lea,475.5,-33.855327,151.137898,True,6,normal
11 Boronia Avenue Russell Lea,Russell Lea,466.6,-33.858879,151.140155,True,7,normal
11 Bouvardia Street Russell Lea,Russell Lea,414.4,-33.85633,151.140335,False,5,small
11 Brent Street Russell Lea,Russell Lea,767.5,-33.861018,151.143502,False,5,normal
11 Clements Street Russell Lea,Russell Lea,748.1,-33.861245,151.147835,True,10,normal
11 Dalmeny Avenue Russell Lea,Russell Lea,476.5,-33.86277,151.138985,False,5,normal
11 Hampden Road Russell Lea,Russell Lea,601.5,-33.857266,151.144241,True,6,normal
11 Janet Street Russell Lea,Russell Lea,648.7,-33.860047,151.147654,False,5,normal
11 Lenore Street Russell Lea,Russell Lea,748.9,-33.859132,151.145139,True,6,normal
11 Mons Street Russell Lea,Russell Lea,525.4,-33.859006,151.141474,True,6,normal
11 Mooculta Street Russell Lea,Russell Lea,1002.0,-33.860126,151.13546,False,5,normal
11 Murray Street Russell Lea,Russell Lea,459.4,-33.858244,151.138767,False,5,normal
11 Potter Street Russell Lea,Russell Lea,538.8,-33.86102,151.142213,False,5,normal
11 Robert Avenue Russell Lea,Russell Lea,576.2,-33.862803,151.140544,True,6,normal
11 Russell Street Russell Lea,Russell Lea,822.6,-33.859776,151.140422,True,6,normal
11 Seabrook Avenue Russell Lea,Russell Lea,648.4,-33.86228,151.144054,False,5,normal
11 Sibbick Street Russell Lea,Russell Lea,683.6,-33.860656,151.13768,True,7,normal
11 Tait Street Russell Lea,Russell Lea,751.8,-33.857764,151.143478,True,7,normal
11 Undine Street Russell Lea,Russell Lea,651.2,-33.859708,151.14593,False,5,normal
111 Hampden Road Russell Lea,Russell Lea,450.7,-33.855257,151.13779,False,5,normal
113 Hampden Road Russell Lea,Russell Lea,439.9,-33.855242,151.137684,False,5,small
115 Hampden Road Russell Lea,Russell Lea,455.6,-33.855249,151.137562,True,6,normal
117 Hampden Road Russell Lea,Russell Lea,534.7,-33.855201,151.137458,False,5,normal
12 Alice Avenue Russell Lea,Russell Lea,701.4,-33.8602,151.140477,True,10,normal
12 Atkins Avenue Russell Lea,Russell Lea,812.5,-33.856162,151.143698,True,11,normal
12 Boronia Avenue Russell Lea,Russell Lea,464.3,-33.858814,151.139703,True,7,normal
12 Clare Crescent Russell Lea,Russell Lea,561.2,-33.860819,151.138937,True,6,normal
12 Dalmeny Avenue Russell Lea,Russell Lea,457.6,-33.862279,151.139306,False,5,normal
12 Hampden Road Russell Lea,Russell Lea,858.0,-33.856617,151.144272,False,5,normal
12 Lamrock Avenue Russell Lea,Russell Lea,521.9,-33.862722,151.140296,True,6,normal
12 Lucas Avenue Russell Lea,Russell Lea,390.9,-33.857985,151.137867,False,5,small
12 Mooculta Street Russell Lea,Russell Lea,848.9,-33.860055,151.13618,False,5,normal
12 Myalora Street Russell Lea,Russell Lea,1013.8,-33.860005,151.137425,True,6,normal
12 Robert Avenue Russell Lea,Russell Lea,562.2,-33.862633,151.141104,True,6,normal
12 Rowley Road Russell Lea,Russell Lea,409.1,-33.856998,151.137736,False,5,small
12 Sibbick Street Russell Lea,Russell Lea,930.7,-33.858507,151.138841,True,8,normal
12 Speed Avenue Russell Lea,Russell Lea,479.3,-33.862368,151.142658,False,5,normal
12 Undine Street Russell Lea,Russell Lea,873.5,-33.859386,151.14534,True,6,normal
12 Warwillah Road Russell Lea,Russell Lea,846.1,-33.857648,151.136902,True,9,normal
121 Hampden Road Russell Lea,Russell Lea,522.4,-33.855162,151.137176,False,5,normal
12A Rowley Road Russell Lea,Russell Lea,414.8,-33.856987,151.137654,False,5,small
13 Bouvardia Street Russell Lea,Russell Lea,415.8,-33.856316,151.140238,False,5,small
13 Byrne Avenue Russell Lea,Russell Lea,512.0,-33.856236,151.144475,True,6,normal
13 Clare Crescent Russell Lea,Russell Lea,725.8,-33.860281,151.139087,True,6,normal
13 Clements Street Russell Lea,Russell Lea,1188.1,-33.861401,151.147659,True,9,normal
13 Dalmeny Avenue Russell Lea,Russell Lea,473.1,-33.862668,151.138936,False,5,normal
13 Janet Street Russell Lea,Russell Lea,659.9,-33.859961,151.147571,False,5,normal
13 Lamrock Avenue Russell Lea,Russell Lea,479.1,-33.862479,151.139686,True,6,normal
13 Lea Avenue Russell Lea,Russell Lea,872.5,-33.861375,151.136606,True,6,normal
13 Lenore Street Russell Lea,Russell Lea,742.4,-33.8592,151.145043,True,6,normal
13 Lucas Avenue Russell Lea,Russell Lea,410.8,-33.857671,151.137268,True,7,small
13 Mcculloch Street Russell Lea,Russell Lea,531.6,-33.86245,151.141384,True,6,normal
13 Potter Street Russell Lea,Russell Lea,528.4,-33.861079,151.142127,False,5,normal
13 Russell Street Russell Lea,Russell Lea,829.4,-33.859796,151.140279,False,5,normal
13 Sibbick Street Russell Lea,Russell Lea,602.7,-33.860521,151.137725,True,6,normal
13 Speed Avenue Russell Lea,Russell Lea,480.8,-33.862356,151.142176,True,6,normal
13 Undine Street Russell Lea,Russell Lea,643.5,-33.859776,151.145828,False,5,normal
13 Warwillah Road Russell Lea,Russell Lea,428.4,-33.85761,151.136283,False,5,small
14 Bay Road Russell Lea,Russell Lea,1052.0,-33.853983,151.142099,True,9,normal
14 Bouvardia Street Russell Lea,Russell Lea,427.0,-33.855835,151.140139,False,5,small
14 Clare Crescent Russell Lea,Russell Lea,560.8,-33.860777,151.139065,True,6,normal
14 Edenholme Road Russell Lea,Russell Lea,382.0,-33.856585,151.140183,False,5,small
14 Hampden Road Russell Lea,Russell Lea,838.8,-33.856563,151.144157,False,5,normal
14 Lamrock Avenue Russell Lea,Russell Lea,603.4,-33.862603,151.140306,True,6,normal
14 Lea Avenue Russell Lea,Russell Lea,998.8,-33.860975,151.135848,False,5,normal
14 Lucas Avenue Russell Lea,Russell Lea,485.7,-33.85791,151.137887,True,6,normal
14 Mcculloch Street Russell Lea,Russell Lea,485.6,-33.86246,151.1419,True,6,normal
14 Myalora Street Russell Lea,Russell Lea,1008.4,-33.859881,151.137438,True,6,normal
14 Potter Street Russell Lea,Russell Lea,458.3,-33.860702,151.141765,False,5,normal
14 Robert Avenue Russell Lea,Russell Lea,553.1,-33.862508,151.141129,True,6,normal
14 Russell Street Russell Lea,Russell Lea,1010.1,-33.859176,151.140897,True,6,normal
14 Seabrook Avenue Russell Lea,Russell Lea,879.1,-33.861927,151.143512,False,5,normal
14 Speed Avenue Russell Lea,Russell Lea,479.4,-33.862274,151.142697,True,6,normal
14 Undine Street Russell Lea,Russell Lea,436.3,-33.859456,151.145237,True,6,small
15 Atkins Avenue Russell Lea,Russell Lea,730.7,-33.855385,151.14343,True,16,normal
15 Clare Crescent Russell Lea,Russell Lea,596.0,-33.860233,151.139258,True,7,normal
15 Janet Street Russell Lea,Russell Lea,647.6,-33.859915,151.147426,False,5,normal
15 Lea Avenue Russell Lea,Russell Lea,858.2,-33.861416,151.136462,False,5,normal
15 Mcculloch Street Russell Lea,Russell Lea,556.4,-33.862324,151.14141,True,6,normal
15 Mooculta Street Russell Lea,Russell Lea,994.3,-33.859853,151.135487,False,5,normal
15 Rowley Road Russell Lea,Russell Lea,785.4,-33.857465,151.137109,True,6,normal
15 Warwillah Road Russell Lea,Russell Lea,386.4,-33.857524,151.136251,True,9,small
16 Bouvardia Street Russell Lea,Russell Lea,424.8,-33.855821,151.140041,False,5,small
16 Clare Crescent Russell Lea,Russell Lea,560.7,-33.860735,151.13919,True,6,normal
16 Edenholme Road Russell Lea,Russell Lea,382.1,-33.856571,151.140085,False,5,small
16 Lucas Avenue Russell Lea,Russell Lea,732.7,-33.857788,151.137817,True,9,normal
16 Mcculloch Street Russell Lea,Russell Lea,486.3,-33.862354,151.141921,True,6,normal
16 Mons Street Russell Lea,Russell Lea,531.1,-33.858602,151.141491,False,5,normal
16 Murray Street Russell Lea,Russell Lea,581.7,-33.857845,151.139679,True,8,normal
16 Myalora Street Russell Lea,Russell Lea,1004.3,-33.859755,151.13745,True,6,normal
16 Potter Street Russell Lea,Russell Lea,458.3,-33.860764,151.141682,False,5,normal
16 Robert Avenue Russell Lea,Russell Lea,560.8,-33.862383,151.141154,True,6,normal
16 Russell Street Russell Lea,Russell Lea,1019.7,-33.859152,151.140737,True,6,normal
16 Seabrook Avenue Russell Lea,Russell Lea,961.3,-33.861965,151.143397,True,6,normal
16 Undine Street Russell Lea,Russell Lea,844.2,-33.859553,151.145093,True,6,normal
16A Undine Street Russell Lea,Russell Lea,844.2,-33.859553,151.145093,True,6,normal
17 Atkins Avenue Russell Lea,Russell Lea,573.2,-33.855447,151.143522,True,12,normal
17 Bay Road Russell Lea,Russell Lea,1045.5,-33.854673,151.141243,True,6,normal
17 Byrne Avenue Russell Lea,Russell Lea,682.7,-33.855962,151.144485,False,5,normal
17 Clare Crescent Russell Lea,Russell Lea,548.5,-33.86014,151.138984,False,5,normal
17 Edenholme Road Russell Lea,Russell Lea,1175.1,-33.856911,151.139648,True,9,normal
17 Hampden Road Russell Lea,Russell Lea,599.7,-33.85706,151.143907,True,6,normal
17 Janet Street Russell Lea,Russell Lea,642.9,-33.859788,151.147406,False,5,normal
17 Lamrock Avenue Russell Lea,Russell Lea,715.8,-33.86226,151.139585,True,7,normal
17 Lenore Street Russell Lea,Russell Lea,725.9,-33.859314,151.144836,False,5,normal
17 Liege Street Russell Lea,Russell Lea,598.7,-33.856979,151.141691,False,5,normal
17 Mooculta Street Russell Lea,Russell Lea,1038.8,-33.859714,151.135501,False,5,normal
17 Rowley Road Russell Lea,Russell Lea,522.9,-33.857414,151.136979,False,5,normal
17 Russell Street Russell Lea,Russell Lea,824.4,-33.859675,151.140029,False,5,normal
17 Seabrook Avenue Russell Lea,Russell Lea,648.5,-33.862486,151.143745,False,5,normal
17A Rowley Road Russell Lea,Russell Lea,547.7,-33.857399,151.13687,False,5,normal
18 Clare Crescent Russell Lea,Russell Lea,562.4,-33.860691,151.139322,True,6,normal
18 Edenholme Road Russell Lea,Russell Lea,375.1,-33.856538,151.139976,True,6,small
18 Hampden Road Russell Lea,Russell Lea,1310.2,-33.856402,151.143833,True,6,normal
18 Lea Avenue Russell Lea,Russell Lea,828.9,-33.861149,151.135326,False,5,normal
18 Lenore Street Russell Lea,Russell Lea,954.7,-33.858609,151.144768,False,5,normal
18 Liege Street Russell Lea,Russell Lea,613.7,-33.85662,151.142114,False,5,normal
18 Mons Street Russell Lea,Russell Lea,536.0,-33.858555,151.141334,True,6,normal
18 Pine Avenue Russell Lea,Russell Lea,1023.1,-33.86035,151.134942,False,5,normal
18 Potter Street Russell Lea,Russell Lea,458.3,-33.860839,151.141581,False,5,normal
18 Speed Avenue Russell Lea,Russell Lea,479.4,-33.862051,151.142721,False,5,normal
18 Tait Street Russell Lea,Russell Lea,816.2,-33.857802,151.142526,True,8,normal
18 Undine Street Russell Lea,Russell Lea,840.3,-33.859648,151.144954,True,6,normal
19 Byrne Avenue Russell Lea,Russell Lea,552.5,-33.855886,151.144369,True,6,normal
19 Clare Crescent Russell Lea,Russell Lea,521.7,-33.860132,151.138832,False,5,normal
19 Clements Street Russell Lea,Russell Lea,530.3,-33.861116,151.147443,True,7,normal
19 Janet Street Russell Lea,Russell Lea,644.7,-33.859703,151.147324,False,5,normal
19 Lenore Street Russell Lea,Russell Lea,706.3,-33.859385,151.144736,False,5,normal
19 Mons Street Russell Lea,Russell Lea,565.9,-33.858909,151.140892,True,6,normal
19 Mooculta Street Russell Lea,Russell Lea,993.2,-33.859576,151.135514,False,5,normal
19 Myalora Street Russell Lea,Russell Lea,931.1,-33.85938,151.13666,True,8,normal
19 Potter Street Russell Lea,Russell Lea,497.0,-33.861256,151.141867,False,5,normal
19 Sibbick Street Russell Lea,Russell Lea,673.6,-33.860199,151.137819,False,5,normal
19 Speed Avenue Russell Lea,Russell Lea,563.8,-33.862019,151.142288,True,6,normal
19 Tait Street Russell Lea,Russell Lea,418.6,-33.858115,151.142971,True,9,small
19A Rowley Road Russell Lea,Russell Lea,463.0,-33.857364,151.136762,True,6,normal
1A Dalmeny Avenue Russell Lea,Russell Lea,634.3,-33.86338,151.139532,True,6,normal
1A Lenore Street Russell Lea,Russell Lea,554.7,-33.858532,151.145785,True,6,normal
1A Mooculta Street Russell Lea,Russell Lea,612.9,-33.860962,151.135437,True,6,normal
1A Myalora Street Russell Lea,Russell Lea,504.9,-33.861408,151.136847,True,7,normal
2 Atkins Avenue Russell Lea,Russell Lea,554.3,-33.856377,151.143276,True,6,normal
2 Boronia Avenue Russell Lea,Russell Lea,442.1,-33.858285,151.139828,True,6,small
2 Bouvardia Street Russell Lea,Russell Lea,587.4,-33.855949,151.140886,True,7,normal
2 Dalmeny Avenue Russell Lea,Russell Lea,611.4,-33.862849,151.139539,True,9,normal
2 Edenholme Road Russell Lea,Russell Lea,477.0,-33.856683,151.140724,True,7,normal
2 Lenore Street Russell Lea,Russell Lea,982.4,-33.857867,151.145551,True,7,normal
2 Mons Street Russell Lea,Russell Lea,764.4,-33.85875,151.142584,True,12,normal
2 Mooculta Street Russell Lea,Russell Lea,752.3,-33.860651,151.136068,True,7,normal
2 Myalora Street Russell Lea,Russell Lea,1243.2,-33.860587,151.137368,True,6,normal
2 Pine Avenue Russell Lea,Russell Lea,978.8,-33.862122,151.134764,True,7,normal
2 Reims Street Russell Lea,Russell Lea,692.8,-33.858061,151.141599,True,8,normal
2 Russell Street Russell Lea,Russell Lea,913.7,-33.859342,151.141736,True,11,normal
2 Speed Avenue Russell Lea,Russell Lea,548.9,-33.862915,151.142525,True,6,normal
2 Tait Street Russell Lea,Russell Lea,649.1,-33.857066,151.143356,True,9,normal
2 The Crescent Russell Lea,Russell Lea,423.0,-33.861726,151.141418,True,14,small
20 Bouvardia Street Russell Lea,Russell Lea,419.3,-33.855793,151.139849,False,5,small
20 Clare Crescent Russell Lea,Russell Lea,580.7,-33.860626,151.139443,True,6,normal
20 Edenholme Road Russell Lea,Russell Lea,315.4,-33.856544,151.139898,False,5,small
20 Lamrock Avenue Russell Lea,Russell Lea,712.8,-33.862293,151.140326,True,6,normal
20 Mcculloch Street Russell Lea,Russell Lea,615.2,-33.862123,151.141981,True,7,normal
20 Myalora Street Russell Lea,Russell Lea,841.8,-33.859483,151.137413,True,9,normal
20 Pine Avenue Russell Lea,Russell Lea,1005.1,-33.860187,151.134958,False,5,normal
20 Rowley Road Russell Lea,Russell Lea,799.9,-33.856904,151.137221,True,6,normal
20 Sibbick Street Russell Lea,Russell Lea,817.0,-33.857468,151.138915,False,5,normal
20 Undine Street Russell Lea,Russell Lea,842.4,-33.859732,151.14483,True,6,normal
207 Lyons Road Russell Lea,Russell Lea,1012.1,-33.857638,151.145327,True,9,normal
208 Lyons Road Russell Lea,Russell Lea,745.4,-33.856948,151.145275,False,5,normal
209 Lyons Road Russell Lea,Russell Lea,1012.1,-33.857638,151.145327,True,9,normal
21 Atkins Avenue Russell Lea,Russell Lea,539.9,-33.855608,151.14376,True,6,normal
21 Clare Crescent Russell Lea,Russell Lea,588.9,-33.860127,151.138698,False,5,normal
21 Clements Street Russell Lea,Russell Lea,705.6,-33.861031,151.147408,True,11,normal
21 Hampden Road Russell Lea,Russell Lea,386.1,-33.856914,151.143541,False,5,small
21 Janet Street Russell Lea,Russell Lea,652.6,-33.859617,151.147242,False,5,normal
21 Lamrock Avenue Russell Lea,Russell Lea,772.0,-33.862047,151.139696,False,5,normal
21 Lea Avenue Russell Lea,Russell Lea,872.5,-33.861547,151.136071,False,5,normal
21 Mooculta Street Russell Lea,Russell Lea,1017.7,-33.859439,151.135528,False,5,normal
21 Potter Street Russell Lea,Russell Lea,486.6,-33.861316,151.141781,False,5,normal
21 Rowley Road Russell Lea,Russell Lea,386.9,-33.857339,151.136397,True,7,small
21 Sibbick Street Russell Lea,Russell Lea,702.7,-33.86009,151.137838,False,5,normal
211 Lyons Road Russell Lea,Russell Lea,1012.1,-33.857638,151.145327,True,9,normal
213 Lyons Road Russell Lea,Russell Lea,484.8,-33.857657,151.145204,True,9,normal
215 Lyons Road Russell Lea,Russell Lea,531.1,-33.857693,151.145133,True,9,normal
217 Lyons Road Russell Lea,Russell Lea,508.1,-33.857731,151.14506,True,9,normal
218 Lyons Road Russell Lea,Russell Lea,284.7,-33.857151,151.14496,True,7,small
219 Lyons Road Russell Lea,Russell Lea,501.1,-33.857802,151.145023,True,9,normal
22 Bay Road Russell Lea,Russell Lea,869.6,-33.853874,151.141399,True,7,normal
22 Bouvardia Street Russell Lea,Russell Lea,426.5,-33.855779,151.139751,False,5,small
22 Hampden Road Russell Lea,Russell Lea,608.1,-33.856358,151.143511,True,7,normal
22 Lamrock Avenue Russell Lea,Russell Lea,703.8,-33.862188,151.140316,False,5,normal
22 Lea Avenue Russell Lea,Russell Lea,874.1,-33.861255,151.134955,True,7,normal
22 Lenore Street Russell Lea,Russell Lea,479.2,-33.858701,151.14464,True,7,normal
22 Mooculta Street Russell Lea,Russell Lea,872.0,-33.859477,151.13624,False,5,normal
22 Murray Street Russell Lea,Russell Lea,776.2,-33.857781,151.139267,True,7,normal
22 North Court Road Russell Lea,Russell Lea,1256.8,-33.857624,151.140399,True,10,normal
22 Pine Avenue Russell Lea,Russell Lea,1020.1,-33.860051,151.134972,False,5,normal
22 Rowley Road Russell Lea,Russell Lea,833.5,-33.856903,151.137055,False,5,normal
22 Russell Street Russell Lea,Russell Lea,1022.6,-33.859078,151.140249,True,6,normal
221 Lyons Road Russell Lea,Russell Lea,998.9,-33.857854,151.14492,True,9,normal
223 Lyons Road Russell Lea,Russell Lea,1005.0,-33.857894,151.144765,True,9,normal
225 Lyons Road Russell Lea,Russell Lea,497.8,-33.858038,151.144721,True,7,normal
227 Lyons Road Russell Lea,Russell Lea,485.0,-33.858084,151.14466,True,7,normal
229 Lyons Road Russell Lea,Russell Lea,981.3,-33.858172,151.144593,True,8,normal
23 Byrne Avenue Russell Lea,Russell Lea,557.7,-33.855719,151.144212,True,6,normal
23 Clare Crescent Russell Lea,Russell Lea,603.2,-33.860159,151.138552,True,8,normal
23 Dalmeny Avenue Russell Lea,Russell Lea,468.0,-33.862129,151.138753,True,6,normal
23 Lamrock Avenue Russell Lea,Russell Lea,772.2,-33.861936,151.139679,True,6,normal
23 Lea Avenue Russell Lea,Russell Lea,1005.7,-33.861604,151.1359,False,5,normal
23 Lenore Street Russell Lea,Russell Lea,681.8,-33.859545,151.144555,True,6,normal
23 Mooculta Street Russell Lea,Russell Lea,997.1,-33.859277,151.135483,True,7,normal
23 Potter Street Russell Lea,Russell Lea,621.9,-33.861371,151.14167,True,7,normal
23 Russell Street Russell Lea,Russell Lea,826.7,-33.859681,151.139609,True,7,normal
23 Tait Street Russell Lea,Russell Lea,424.9,-33.85821,151.142858,True,7,small
230 Lyons Road Russell Lea,Russell Lea,622.9,-33.857379,151.14475,True,6,normal
230A Lyons Road Russell Lea,Russell Lea,622.9,-33.857379,151.14475,True,6,normal
230B Lyons Road Russell Lea,Russell Lea,622.9,-33.857379,151.14475,True,6,normal
233 Lyons Road Russell Lea,Russell Lea,964.1,-33.858358,151.144352,True,8,normal
234 Lyons Road Russell Lea,Russell Lea,765.9,-33.857501,151.144315,True,8,normal
235 Lyons Road Russell Lea,Russell Lea,496.3,-33.85841,151.144238,True,7,normal
238 Lyons Road Russell Lea,Russell Lea,388.8,-33.857736,151.144254,True,11,small
238A Lyons Road Russell Lea,Russell Lea,373.3,-33.857757,151.144204,True,11,small
24 Bay Road Russell Lea,Russell Lea,856.4,-33.853862,151.141221,True,6,normal
24 Bouvardia Street Russell Lea,Russell Lea,435.4,-33.855765,151.139653,False,5,small
24 Lamrock Avenue Russell Lea,Russell Lea,710.9,-33.862101,151.140368,True,6,normal
24 Lea Avenue Russell Lea,Russell Lea,538.5,-33.861424,151.134802,False,5,normal
24 Lenore Street Russell Lea,Russell Lea,962.3,-33.858746,151.144517,True,6,normal
24 Liege Street Russell Lea,Russell Lea,379.7,-33.856509,151.141867,False,5,small
24 Pine Avenue Russell Lea,Russell Lea,1017.8,-33.859915,151.134985,False,5,normal
24 Rowley Road Russell Lea,Russell Lea,819.4,-33.856858,151.136891,True,6,normal
24 Sibbick Street Russell Lea,Russell Lea,872.6,-33.85723,151.138937,False,5,normal
24 Undine Street Russell Lea,Russell Lea,857.5,-33.859915,151.144561,True,6,normal
243 Lyons Road Russell Lea,Russell Lea,968.3,-33.858618,151.143972,True,7,normal
247 Lyons Road Russell Lea,Russell Lea,924.7,-33.858806,151.14373,True,7,normal
25 Brent Street Russell Lea,Russell Lea,898.0,-33.860476,151.142982,False,5,normal
25 Clements Street Russell Lea,Russell Lea,661.5,-33.86091,151.147171,False,5,normal
25 Dalmeny Avenue Russell Lea,Russell Lea,672.8,-33.861983,151.138728,True,10,normal
25 Lamrock Avenue Russell Lea,Russell Lea,747.6,-33.861825,151.139712,True,6,normal
25 Mons Street Russell Lea,Russell Lea,945.0,-33.858712,151.140585,True,12,normal
25 Potter Street Russell Lea,Russell Lea,436.2,-33.861439,151.141317,True,6,small
25 Rowley Road Russell Lea,Russell Lea,400.0,-33.85731,151.136238,False,5,small
25 Russell Street Russell Lea,Russell Lea,788.8,-33.859586,151.139499,False,5,normal
25 Tait Street Russell Lea,Russell Lea,388.5,-33.858242,151.142818,True,7,small
25 Undine Street Russell Lea,Russell Lea,664.4,-33.860188,151.145206,False,5,normal
250 Lyons Road Russell Lea,Russell Lea,490.3,-33.858179,151.143671,True,7,normal
251 Lyons Road Russell Lea,Russell Lea,966.5,-33.858996,151.143488,True,7,normal
259 Lyons Road Russell Lea,Russell Lea,897.8,-33.859378,151.14301,True,7,normal
25A The Parade Russell Lea,Russell Lea,618.3,-33.854811,151.143331,True,6,normal
26 Bay Road Russell Lea,Russell Lea,862.7,-33.853834,151.141028,True,6,normal
26 Clare Crescent Russell Lea,Russell Lea,560.3,-33.859751,151.139066,True,7,normal
26 Lamrock Avenue Russell Lea,Russell Lea,678.7,-33.861994,151.14036,False,5,normal
26 Rowley Road Russell Lea,Russell Lea,809.6,-33.856922,151.136713,False,5,normal
26 Undine Street Russell Lea,Russell Lea,758.5,-33.860012,151.144418,True,6,normal
260 Lyons Road Russell Lea,Russell Lea,448.4,-33.858443,151.143322,True,8,small
264 Lyons Road Russell Lea,Russell Lea,461.9,-33.858543,151.143182,True,10,normal
265 Lyons Road Russell Lea,Russell Lea,458.9,-33.859562,151.142728,True,7,normal
266 Lyons Road Russell Lea,Russell Lea,427.4,-33.858593,151.143127,True,7,small
267 Lyons Road Russell Lea,Russell Lea,347.0,-33.859783,151.142535,True,7,small
27 Atkins Avenue Russell Lea,Russell Lea,608.8,-33.855943,151.14397,True,17,normal
27 Bouvardia Street Russell Lea,Russell Lea,416.0,-33.856204,151.139459,False,5,small
27 Byrne Avenue Russell Lea,Russell Lea,469.2,-33.855491,151.143997,True,6,normal
27 Clements Street Russell Lea,Russell Lea,701.9,-33.860827,151.147092,False,5,normal
27 Edenholme Road Russell Lea,Russell Lea,567.3,-33.856821,151.138984,False,5,normal
27 Hampden Road Russell Lea,Russell Lea,598.1,-33.856769,151.143216,False,5,normal
27 Mons Street Russell Lea,Russell Lea,426.7,-33.858613,151.140575,True,10,small
27 Potter Street Russell Lea,Russell Lea,449.4,-33.861508,151.141191,True,6,small
27 Rowley Road Russell Lea,Russell Lea,794.4,-33.857326,151.136116,True,6,normal
27 Sibbick Street Russell Lea,Russell Lea,435.9,-33.858595,151.138137,True,7,small
27 Tait Street Russell Lea,Russell Lea,618.0,-33.858219,151.142484,False,5,normal
270 Lyons Road Russell Lea,Russell Lea,424.6,-33.858706,151.143034,True,7,small
271 Lyons Road Russell Lea,Russell Lea,307.5,-33.859854,151.142444,True,7,small
272 Lyons Road Russell Lea,Russell Lea,703.8,-33.858758,151.142927,True,8,normal
273 Lyons Road Russell Lea,Russell Lea,445.0,-33.8599,151.142499,True,12,small
274 Lyons Road Russell Lea,Russell Lea,612.1,-33.858839,151.142909,True,7,normal
27A Byrne Avenue Russell Lea,Russell Lea,486.8,-33.855542,151.144089,False,5,normal
28 Bouvardia Street Russell Lea,Russell Lea,426.0,-33.855736,151.139459,False,5,small
28 Burnell Street Russell Lea,Russell Lea,729.3,-33.861166,151.148519,False,5,normal
28 Edenholme Road Russell Lea,Russell Lea,382.5,-33.856487,151.139502,False,5,small
28 Lamrock Avenue Russell Lea,Russell Lea,689.2,-33.861915,151.140409,True,6,normal
28 Lenore Street Russell Lea,Russell Lea,940.7,-33.858977,151.144279,False,5,normal
28 Liege Street Russell Lea,Russell Lea,384.0,-33.856423,151.141726,True,6,small
28 Mons Street Russell Lea,Russell Lea,613.1,-33.858179,151.141288,True,6,normal
28 Rowley Road Russell Lea,Russell Lea,813.7,-33.856812,151.136562,True,6,normal
28 Russell Street Russell Lea,Russell Lea,872.1,-33.859013,151.139806,True,6,normal
28 Sibbick Street Russell Lea,Russell Lea,454.4,-33.854834,151.139296,True,6,normal
282 Lyons Road Russell Lea,Russell Lea,1544.3,-33.859267,151.142092,True,10,normal
29 Atkins Avenue Russell Lea,Russell Lea,704.1,-33.856055,151.144054,True,19,normal
29 Bouvardia Street Russell Lea,Russell Lea,415.1,-33.856246,151.139351,False,5,small
29 Brent Street Russell Lea,Russell Lea,930.6,-33.860281,151.142771,True,6,normal
29 Burnell Street Russell Lea,Russell Lea,1153.8,-33.861708,151.149063,True,6,normal
29 Edenholme Road Russell Lea,Russell Lea,471.2,-33.856802,151.138857,False,5,normal
29 Lamrock Avenue Russell Lea,Russell Lea,734.4,-33.861616,151.139817,False,5,normal
29 Lea Avenue Russell Lea,Russell Lea,565.1,-33.861715,151.135566,False,5,normal
29 Rowley Road Russell Lea,Russell Lea,780.6,-33.857271,151.135966,False,5,normal
29 Russell Street Russell Lea,Russell Lea,682.7,-33.859547,151.139219,True,6,normal
29 Undine Street Russell Lea,Russell Lea,641.4,-33.860324,151.145,False,5,normal
295 Lyons Road Russell Lea,Russell Lea,458.4,-33.860426,151.141643,False,5,normal
296 Lyons Road Russell Lea,Russell Lea,526.9,-33.859573,151.141975,True,6,normal
296A Lyons Road Russell Lea,Russell Lea,526.9,-33.859573,151.141975,True,6,normal
297 Lyons Road Russell Lea,Russell Lea,458.5,-33.860488,151.14156,False,5,normal
299 Lyons Road Russell Lea,Russell Lea,458.5,-33.86055,151.141476,False,5,normal
2A Mons Street Russell Lea,Russell Lea,688.9,-33.858623,151.142447,True,9,normal
2A Myalora Street Russell Lea,Russell Lea,684.7,-33.86136,151.137369,True,14,normal
2A Pine Avenue Russell Lea,Russell Lea,549.6,-33.862313,151.134609,True,7,normal
3 Atkins Avenue Russell Lea,Russell Lea,543.0,-33.856051,151.143017,False,5,normal
3 Boronia Avenue Russell Lea,Russell Lea,482.8,-33.858466,151.140277,True,6,normal
3 Bouvardia Street Russell Lea,Russell Lea,343.4,-33.856377,151.140664,False,5,small
3 Brent Street Russell Lea,Russell Lea,810.4,-33.86136,151.143829,False,5,normal
3 Byrne Avenue Russell Lea,Russell Lea,714.8,-33.856608,151.145092,False,5,normal
3 Clare Crescent Russell Lea,Russell Lea,598.1,-33.860585,151.138298,False,5,normal
3 Edenholme Road Russell Lea,Russell Lea,491.8,-33.857074,151.140513,False,5,normal
3 Lamrock Avenue Russell Lea,Russell Lea,476.5,-33.862997,151.139734,False,5,normal
3 Mcculloch Street Russell Lea,Russell Lea,553.4,-33.863076,151.141259,True,6,normal
3 Mooculta Street Russell Lea,Russell Lea,1021.5,-33.860699,151.135403,False,5,normal
3 Myalora Street Russell Lea,Russell Lea,847.4,-33.860337,151.136646,False,5,normal
3 Potter Street Russell Lea,Russell Lea,580.8,-33.860783,151.142559,False,5,normal
3 Reims Street Russell Lea,Russell Lea,691.1,-33.858465,151.142203,False,5,normal
3 Robert Avenue Russell Lea,Russell Lea,545.0,-33.863266,151.140451,True,6,normal
3 Rowley Road Russell Lea,Russell Lea,697.1,-33.85759,151.138211,False,5,normal
3 Seabrook Avenue Russell Lea,Russell Lea,648.4,-33.862005,151.144465,False,5,normal
3 The Crescent Russell Lea,Russell Lea,492.6,-33.862018,151.141338,False,5,normal
3 Warwillah Road Russell Lea,Russell Lea,755.1,-33.858105,151.136138,True,6,normal
3 Whittall Street Russell Lea,Russell Lea,506.5,-33.861911,151.143177,True,6,normal
30 Bay Road Russell Lea,Russell Lea,865.2,-33.853774,151.140618,True,6,normal
30 Bouvardia Street Russell Lea,Russell Lea,465.2,-33.855722,151.139357,False,5,normal
30 Burnell Street Russell Lea,Russell Lea,717.4,-33.861173,151.148347,True,8,normal
30 Clements Street Russell Lea,Russell Lea,820.2,-33.860926,151.148017,True,20,normal
30 Liege Street Russell Lea,Russell Lea,380.1,-33.856409,151.141643,False,5,small
30 Mons Street Russell Lea,Russell Lea,617.4,-33.858052,151.141315,True,6,normal
303 Lyons Road Russell Lea,Russell Lea,458.5,-33.860674,151.141309,False,5,normal
308 Lyons Road Russell Lea,Russell Lea,430.6,-33.860076,151.141345,True,7,small
31 Burnell Street Russell Lea,Russell Lea,1117.2,-33.861787,151.148967,True,7,normal
31 Janet Street Russell Lea,Russell Lea,650.4,-33.859189,151.146834,False,5,normal
31 Lamrock Avenue Russell Lea,Russell Lea,713.3,-33.86151,151.139848,False,5,normal
31 Mons Street Russell Lea,Russell Lea,362.4,-33.858468,151.140563,True,6,small
31 Rowley Road Russell Lea,Russell Lea,760.6,-33.857228,151.135801,True,6,normal
31 Tait Street Russell Lea,Russell Lea,568.9,-33.858108,151.142235,False,5,normal
311 Lyons Road Russell Lea,Russell Lea,599.0,-33.861012,151.14055,True,9,normal
312 Lyons Road Russell Lea,Russell Lea,908.7,-33.860223,151.140986,True,8,normal
32 Bouvardia Street Russell Lea,Russell Lea,450.0,-33.855706,151.139251,False,5,normal
32 Burnell Street Russell Lea,Russell Lea,853.8,-33.861248,151.148256,True,7,normal
32 Clare Crescent Russell Lea,Russell Lea,566.2,-33.85969,151.138642,False,5,normal
32 Clements Street Russell Lea,Russell Lea,772.4,-33.860893,151.147733,True,20,normal
32 Lamrock Avenue Russell Lea,Russell Lea,492.9,-33.861243,151.140333,True,18,normal
32 Liege Street Russell Lea,Russell Lea,811.4,-33.856342,151.141506,True,9,normal
32 Mons Street Russell Lea,Russell Lea,669.3,-33.857908,151.141274,True,7,normal
32 Pine Avenue Russell Lea,Russell Lea,1026.9,-33.859365,151.135041,False,5,normal
32 Rowley Road Russell Lea,Russell Lea,810.8,-33.856766,151.136237,True,6,normal
320 Lyons Road Russell Lea,Russell Lea,812.5,-33.860493,151.140512,True,7,normal
322 Lyons Road Russell Lea,Russell Lea,796.2,-33.860577,151.140389,True,6,normal
324 Lyons Road Russell Lea,Russell Lea,816.9,-33.860598,151.140261,True,8,normal
326 Lyons Road Russell Lea,Russell Lea,798.4,-33.860669,151.14016,True,7,normal
33 Brent Street Russell Lea,Russell Lea,583.4,-33.860074,151.142597,True,6,normal
33 Clements Street Russell Lea,Russell Lea,682.7,-33.860594,151.146816,True,6,normal
33 Edenholme Road Russell Lea,Russell Lea,686.7,-33.856754,151.138355,False,5,normal
33 Hampden Road Russell Lea,Russell Lea,589.0,-33.856613,151.142867,False,5,normal
33 Janet Street Russell Lea,Russell Lea,833.1,-33.859072,151.146745,True,6,normal
33 Lenore Street Russell Lea,Russell Lea,681.3,-33.859897,151.144058,True,6,normal
33 Mons Street Russell Lea,Russell Lea,459.1,-33.858398,151.140628,True,6,normal
33 Potter Street Russell Lea,Russell Lea,436.4,-33.861591,151.140834,True,6,small
33 Russell Street Russell Lea,Russell Lea,570.1,-33.859461,151.138973,False,5,normal
33 Sibbick Street Russell Lea,Russell Lea,833.7,-33.858269,151.138235,False,5,normal
33 Undine Street Russell Lea,Russell Lea,647.1,-33.860462,151.144793,False,5,normal
330 Lyons Road Russell Lea,Russell Lea,800.7,-33.860718,151.139898,True,8,normal
332 Lyons Road Russell Lea,Russell Lea,814.7,-33.860759,151.139773,True,8,normal
336 Lyons Road Russell Lea,Russell Lea,614.2,-33.860892,151.139539,True,8,normal
338 Lyons Road Russell Lea,Russell Lea,606.3,-33.860938,151.139402,True,8,normal
34 Burnell Street Russell Lea,Russell Lea,500.6,-33.861338,151.148159,True,10,normal
34 Clare Crescent Russell Lea,Russell Lea,567.0,-33.85967,151.138506,False,5,normal
34 Clements Street Russell Lea,Russell Lea,607.9,-33.860671,151.147748,False,5,normal
34 Lenore Street Russell Lea,Russell Lea,918.8,-33.859207,151.143907,True,6,normal
34 Undine Street Russell Lea,Russell Lea,782.6,-33.860342,151.143935,True,6,normal
342 Lyons Road Russell Lea,Russell Lea,606.2,-33.861028,151.13913,True,8,normal
346 Lyons Road Russell Lea,Russell Lea,605.9,-33.861105,151.138863,True,7,normal
348 Lyons Road Russell Lea,Russell Lea,598.8,-33.861156,151.138708,True,7,normal
35 Byrne Avenue Russell Lea,Russell Lea,584.8,-33.854684,151.143393,True,6,normal
35 Edenholme Road Russell Lea,Russell Lea,673.4,-33.856734,151.138216,False,5,normal
35 Hampden Road Russell Lea,Russell Lea,593.0,-33.856561,151.142751,False,5,normal
35 Lea Avenue Russell Lea,Russell Lea,1028.1,-33.861859,151.135132,False,5,normal
35 Lenore Street Russell Lea,Russell Lea,636.4,-33.859948,151.143946,False,5,normal
35 Mons Street Russell Lea,Russell Lea,536.8,-33.858123,151.140672,False,5,normal
35 Russell Street Russell Lea,Russell Lea,565.8,-33.85944,151.138836,False,5,normal
35 Sibbick Street Russell Lea,Russell Lea,400.5,-33.858172,151.138262,True,7,small
35 The Parade Russell Lea,Russell Lea,667.4,-33.855349,151.142955,False,5,normal
350 Lyons Road Russell Lea,Russell Lea,603.1,-33.861195,151.138592,True,7,normal
36 Bouvardia Street Russell Lea,Russell Lea,480.6,-33.855675,151.139035,False,5,normal
36 Burnell Street Russell Lea,Russell Lea,567.4,-33.861359,151.148113,True,10,normal
36 Edenholme Road Russell Lea,Russell Lea,414.1,-33.85643,151.1391,False,5,small
36 Russell Street Russell Lea,Russell Lea,974.6,-33.858957,151.139256,False,5,normal
36 Undine Street Russell Lea,Russell Lea,798.1,-33.860426,151.143812,True,6,normal
36-38 Rowley Road Russell Lea,Russell Lea,835.2,-33.856772,151.135898,True,6,normal
362 Lyons Road Russell Lea,Russell Lea,562.4,-33.861446,151.13794,True,7,normal
366 Lyons Road Russell Lea,Russell Lea,843.4,-33.86145,151.137655,True,9,normal
37 Bouvardia Street Russell Lea,Russell Lea,468.8,-33.856145,151.139049,False,5,normal
37 Burnell Street Russell Lea,Russell Lea,948.9,-33.861933,151.148576,True,6,normal
37 Lea Avenue Russell Lea,Russell Lea,1029.2,-33.861904,151.134979,True,7,normal
37 Mons Street Russell Lea,Russell Lea,604.7,-33.858016,151.140695,False,5,normal
37 Russell Street Russell Lea,Russell Lea,558.2,-33.85942,151.1387,False,5,normal
37 Sibbick Street Russell Lea,Russell Lea,472.0,-33.858122,151.138273,True,7,normal
37 Undine Street Russell Lea,Russell Lea,655.3,-33.860598,151.144588,False,5,normal
372-374 Lyons Road Russell Lea,Russell Lea,531.5,-33.8616,151.13738,True,7,normal
38 Burnell Street Russell Lea,Russell Lea,551.8,-33.8614,151.148027,True,6,normal
38 Edenholme Road Russell Lea,Russell Lea,450.1,-33.856395,151.138984,True,6,normal
38 Lenore Street Russell Lea,Russell Lea,900.6,-33.859421,151.143692,False,5,normal
38 Pine Avenue Russell Lea,Russell Lea,1256.0,-33.858939,151.135084,False,5,normal
38 Sibbick Street Russell Lea,Russell Lea,693.1,-33.854305,151.13952,False,5,normal
38 Tait Street Russell Lea,Russell Lea,924.1,-33.857133,151.141359,True,7,normal
380 Lyons Road Russell Lea,Russell Lea,863.3,-33.861753,151.136777,False,5,normal
382 Lyons Road Russell Lea,Russell Lea,863.8,-33.861797,151.136647,False,5,normal
388 Lyons Road Russell Lea,Russell Lea,877.6,-33.861929,151.136254,False,5,normal
39 Bouvardia Street Russell Lea,Russell Lea,449.6,-33.856158,151.138941,True,6,small
39 Burnell Street Russell Lea,Russell Lea,803.4,-33.861991,151.148491,True,7,normal
39 Byrne Avenue Russell Lea,Russell Lea,697.8,-33.854277,151.142916,True,7,normal
39 Edenholme Road Russell Lea,Russell Lea,786.9,-33.856694,151.137931,False,5,normal
39 Janet Street Russell Lea,Russell Lea,912.7,-33.858671,151.146186,False,5,normal
39 Potter Street Russell Lea,Russell Lea,476.8,-33.861629,151.140462,True,6,normal
39 Tait Street Russell Lea,Russell Lea,568.3,-33.857805,151.141567,True,7,normal
390 Lyons Road Russell Lea,Russell Lea,1020.7,-33.861976,151.136112,False,5,normal
394 Lyons Road Russell Lea,Russell Lea,1026.3,-33.86204,151.135788,True,6,normal
398 Lyons Road Russell Lea,Russell Lea,1040.2,-33.862179,151.135503,False,5,normal
4 Alice Avenue Russell Lea,Russell Lea,567.4,-33.860431,151.139681,True,6,normal
4 Bay Road Russell Lea,Russell Lea,742.2,-33.854487,151.142762,False,5,normal
4 Boronia Avenue Russell Lea,Russell Lea,476.4,-33.858386,151.139793,False,5,normal
4 Lamrock Avenue Russell Lea,Russell Lea,520.4,-33.863168,151.140207,True,6,normal
4 Lea Avenue Russell Lea,Russell Lea,846.3,-33.860679,151.136611,False,5,normal
4 Lenore Street Russell Lea,Russell Lea,1006.5,-33.858019,151.145479,True,6,normal
4 Liege Street Russell Lea,Russell Lea,595.5,-33.856984,151.142928,False,5,normal
4 Mooculta Street Russell Lea,Russell Lea,724.3,-33.860517,151.136093,False,5,normal
4 Murray Street Russell Lea,Russell Lea,954.1,-33.857898,151.140452,True,10,normal
4 Pine Avenue Russell Lea,Russell Lea,879.7,-33.861982,151.134739,False,5,normal
4 Potter Street Russell Lea,Russell Lea,458.3,-33.860392,151.142183,False,5,normal
4 Reims Street Russell Lea,Russell Lea,679.7,-33.858204,151.1416,True,6,normal
4 Russell Street Russell Lea,Russell Lea,906.8,-33.859279,151.141577,True,6,normal
4 Sibbick Street Russell Lea,Russell Lea,570.2,-33.86024,151.138343,False,5,normal
40 Bay Road Russell Lea,Russell Lea,3592.7,-33.853498,151.139632,True,8,large
40 Bouvardia Street Russell Lea,Russell Lea,626.8,-33.855645,151.138631,True,6,normal
40 Burnell Street Russell Lea,Russell Lea,614.2,-33.861439,151.147952,True,7,normal
404 Lyons Road Russell Lea,Russell Lea,1030.0,-33.862361,151.135047,True,6,normal
408 Lyons Road Russell Lea,Russell Lea,787.7,-33.862495,151.134749,False,5,normal
41 Bouvardia Street Russell Lea,Russell Lea,502.4,-33.856064,151.138726,False,5,normal
41 Burnell Street Russell Lea,Russell Lea,798.9,-33.862048,151.148378,True,8,normal
41 Byrne Avenue Russell Lea,Russell Lea,620.3,-33.854173,151.142849,True,6,normal
41 Edenholme Road Russell Lea,Russell Lea,385.1,-33.856676,151.137803,False,5,small
41 Lenore Street Russell Lea,Russell Lea,653.3,-33.860182,151.143658,True,6,normal
41 Undine Street Russell Lea,Russell Lea,643.6,-33.860747,151.144363,False,5,normal
410 Lyons Road Russell Lea,Russell Lea,1025.0,-33.862526,151.134562,True,6,normal
42 Bouvardia Street Russell Lea,Russell Lea,474.8,-33.855625,151.138494,True,6,normal
42 Clements Street Russell Lea,Russell Lea,608.9,-33.860332,151.147423,False,5,normal
42 Lenore Street Russell Lea,Russell Lea,898.6,-33.859606,151.143446,False,5,normal
42 Russell Street Russell Lea,Russell Lea,511.7,-33.85889,151.138819,False,5,normal
43 Burnell Street Russell Lea,Russell Lea,668.0,-33.862081,151.14824,True,7,normal
43 Hampden Road Russell Lea,Russell Lea,607.5,-33.856353,151.142286,False,5,normal
43 Lenore Street Russell Lea,Russell Lea,599.6,-33.86025,151.143561,True,6,normal
43 Potter Street Russell Lea,Russell Lea,443.3,-33.861493,151.140229,True,16,small
43 Undine Street Russell Lea,Russell Lea,685.5,-33.860816,151.14426,False,5,normal
44 Bouvardia Street Russell Lea,Russell Lea,472.6,-33.85561,151.138385,True,6,normal
44 Clements Street Russell Lea,Russell Lea,635.7,-33.860249,151.147344,False,5,normal
44 Hampden Road Russell Lea,Russell Lea,664.1,-33.855968,151.142707,False,5,normal
44 Lenore Street Russell Lea,Russell Lea,899.3,-33.859698,151.143325,False,5,normal
44 Russell Street Russell Lea,Russell Lea,504.0,-33.858878,151.138737,False,5,normal
45 Burnell Street Russell Lea,Russell Lea,576.5,-33.86212,151.148112,True,7,normal
45 Hampden Road Russell Lea,Russell Lea,594.1,-33.856301,151.142168,False,5,normal
45 Mons Street Russell Lea,Russell Lea,580.5,-33.857562,151.140757,True,6,normal
46 Bouvardia Street Russell Lea,Russell Lea,463.0,-33.855595,151.138284,True,6,normal
46 Clements Street Russell Lea,Russell Lea,651.2,-33.860171,151.147227,True,6,normal
46 Hampden Road Russell Lea,Russell Lea,655.7,-33.855917,151.14259,False,5,normal
46 Lenore Street Russell Lea,Russell Lea,903.0,-33.859772,151.143129,True,7,normal
46 Russell Street Russell Lea,Russell Lea,1134.8,-33.858859,151.138616,False,5,normal
47 Bouvardia Street Russell Lea,Russell Lea,533.1,-33.856013,151.138371,False,5,normal
47 Burnell Street Russell Lea,Russell Lea,490.8,-33.862157,151.147973,True,7,normal
48 Burnell Street Russell Lea,Russell Lea,703.9,-33.861735,151.147406,False,5,normal
48 Clements Street Russell Lea,Russell Lea,655.1,-33.860099,151.147157,True,6,normal
48 Edenholme Road Russell Lea,Russell Lea,541.0,-33.856297,151.138313,False,5,normal
48 Lenore Street Russell Lea,Russell Lea,740.5,-33.859919,151.143074,False,5,normal
48B Bouvardia Street Russell Lea,Russell Lea,526.3,-33.855514,151.137952,True,6,normal
49 Bouvardia Street Russell Lea,Russell Lea,525.5,-33.855996,151.138249,False,5,normal
49 Burnell Street Russell Lea,Russell Lea,511.4,-33.862217,151.147745,True,12,normal
49 Hampden Road Russell Lea,Russell Lea,596.3,-33.856223,151.141917,True,6,normal
49 Mons Street Russell Lea,Russell Lea,592.0,-33.857346,151.140804,True,6,normal
5 Alice Avenue Russell Lea,Russell Lea,564.9,-33.859968,151.139936,True,7,normal
5 Atkins Avenue Russell Lea,Russell Lea,624.5,-33.855913,151.143028,True,9,normal
5 Bouvardia Street Russell Lea,Russell Lea,338.7,-33.856365,151.140584,False,5,small
5 Lenore Street Russell Lea,Russell Lea,971.2,-33.858859,151.145476,False,5,normal
5 Lucas Avenue Russell Lea,Russell Lea,801.6,-33.858119,151.137197,False,5,normal
5 Mcculloch Street Russell Lea,Russell Lea,544.1,-33.862949,151.141284,True,6,normal
5 Mons Street Russell Lea,Russell Lea,490.6,-33.859077,151.141906,True,6,normal
5 Mooculta Street Russell Lea,Russell Lea,995.2,-33.86054,151.135369,True,6,normal
5 Murray Street Russell Lea,Russell Lea,1487.0,-33.858492,151.139147,True,8,normal
5 Myalora Street Russell Lea,Russell Lea,876.8,-33.860219,151.136658,False,5,normal
5 Reims Street Russell Lea,Russell Lea,638.0,-33.858586,151.14214,True,7,normal
5 Robert Avenue Russell Lea,Russell Lea,554.3,-33.86315,151.140474,True,6,normal
5 Rowley Road Russell Lea,Russell Lea,714.8,-33.857602,151.138059,True,6,normal
5 Seabrook Avenue Russell Lea,Russell Lea,648.5,-33.862074,151.144362,False,5,normal
5 Sibbick Street Russell Lea,Russell Lea,534.5,-33.860981,151.137892,True,6,normal
5 Tait Street Russell Lea,Russell Lea,749.7,-33.857529,151.143761,False,5,normal
5 Undine Street Russell Lea,Russell Lea,634.7,-33.859518,151.146248,True,6,normal
50 Bouvardia Street Russell Lea,Russell Lea,487.4,-33.855549,151.137847,False,5,normal
50 Burnell Street Russell Lea,Russell Lea,702.7,-33.861649,151.147324,False,5,normal
51 Bouvardia Street Russell Lea,Russell Lea,524.2,-33.855979,151.138129,False,5,normal
51 Burnell Street Russell Lea,Russell Lea,1025.7,-33.862092,151.147003,False,4,normal
51 Byrne Avenue Russell Lea,Russell Lea,626.5,-33.853691,151.142144,True,13,normal
51 Clements Street Russell Lea,Russell Lea,677.9,-33.86079,151.145916,False,5,normal
51 Hampden Road Russell Lea,Russell Lea,597.5,-33.856189,151.141787,True,7,normal
51 Russell Street Russell Lea,Russell Lea,643.6,-33.859273,151.137655,True,6,normal
52 Bouvardia Street Russell Lea,Russell Lea,466.2,-33.855533,151.137736,False,5,normal
52 Clements Street Russell Lea,Russell Lea,644.1,-33.859905,151.147013,False,5,normal
52 Hampden Road Russell Lea,Russell Lea,638.8,-33.855686,151.14206,False,5,normal
53 Burnell Street Russell Lea,Russell Lea,816.6,-33.862042,151.146809,True,6,normal
53 Edenholme Road Russell Lea,Russell Lea,418.4,-33.856598,151.13724,False,5,small
54 Bouvardia Street Russell Lea,Russell Lea,461.5,-33.855518,151.137628,False,5,normal
54 Burnell Street Russell Lea,Russell Lea,735.2,-33.861478,151.147162,False,5,normal
54 Clements Street Russell Lea,Russell Lea,639.3,-33.859861,151.146869,False,5,normal
55 Bouvardia Street Russell Lea,Russell Lea,520.5,-33.855944,151.137888,False,5,normal
55 Burnell Street Russell Lea,Russell Lea,555.5,-33.861921,151.1468,False,5,normal
55 Byrne Avenue Russell Lea,Russell Lea,681.1,-33.853673,151.141778,False,5,normal
55 Mons Street Russell Lea,Russell Lea,577.2,-33.857027,151.14091,False,5,normal
55 Russell Street Russell Lea,Russell Lea,627.1,-33.859244,151.137384,False,5,normal
56 Bouvardia Street Russell Lea,Russell Lea,463.3,-33.855521,151.137506,True,6,normal
56 Edenholme Road Russell Lea,Russell Lea,533.3,-33.856228,151.137829,False,5,normal
57 Burnell Street Russell Lea,Russell Lea,1082.3,-33.861995,151.146502,True,8,normal
57 Byrne Avenue Russell Lea,Russell Lea,627.1,-33.853678,151.141609,True,6,normal
57 Russell Street Russell Lea,Russell Lea,657.0,-33.859225,151.137254,False,5,normal
58 Russell Street Russell Lea,Russell Lea,850.2,-33.858659,151.137461,True,6,normal
59 Bouvardia Street Russell Lea,Russell Lea,483.0,-33.855912,151.137666,False,5,normal
59 Byrne Avenue Russell Lea,Russell Lea,688.7,-33.853629,151.141473,False,5,normal
59 Clements Street Russell Lea,Russell Lea,658.1,-33.86105,151.145524,False,5,normal
59 Hampden Road Russell Lea,Russell Lea,481.6,-33.85571,151.1409,True,7,normal
59 Mons Street Russell Lea,Russell Lea,598.8,-33.856684,151.140982,False,5,normal
59 Russell Street Russell Lea,Russell Lea,704.2,-33.859176,151.136903,False,5,normal
6 Alice Avenue Russell Lea,Russell Lea,545.2,-33.860395,151.139828,True,6,normal
6 Dalmeny Avenue Russell Lea,Russell Lea,482.0,-33.862565,151.139467,True,6,normal
6 Edenholme Road Russell Lea,Russell Lea,308.4,-33.856634,151.14053,False,5,small
6 Hampden Road Russell Lea,Russell Lea,831.5,-33.856768,151.144589,False,5,normal
6 Lea Avenue Russell Lea,Russell Lea,954.8,-33.86069,151.136469,False,5,normal
6 Lenore Street Russell Lea,Russell Lea,1007.1,-33.858098,151.145375,True,6,normal
6 Margaret Street Russell Lea,Russell Lea,584.6,-33.854672,151.137783,False,5,normal
6 Mcculloch Street Russell Lea,Russell Lea,483.1,-33.862883,151.141818,True,6,normal
6 Mons Street Russell Lea,Russell Lea,544.8,-33.858735,151.142254,True,6,normal
6 Myalora Street Russell Lea,Russell Lea,611.9,-33.860394,151.137354,False,5,normal
6 Pine Avenue Russell Lea,Russell Lea,917.5,-33.861839,151.134708,False,5,normal
6 Potter Street Russell Lea,Russell Lea,431.0,-33.860452,151.142102,False,5,small
6 Reims Street Russell Lea,Russell Lea,676.3,-33.858319,151.141575,True,6,normal
6 Rowley Road Russell Lea,Russell Lea,681.2,-33.857056,151.138151,False,5,normal
6 Russell Street Russell Lea,Russell Lea,616.5,-33.85926,151.141447,True,6,normal
6 Seabrook Avenue Russell Lea,Russell Lea,648.6,-33.861675,151.14398,False,5,normal
6 Tait Street Russell Lea,Russell Lea,536.0,-33.857262,151.143221,True,6,normal
6 The Crescent Russell Lea,Russell Lea,399.6,-33.861714,151.14115,True,6,small
6 Warwillah Road Russell Lea,Russell Lea,811.3,-33.858057,151.136825,True,6,normal
60 Burnell Street Russell Lea,Russell Lea,716.6,-33.86122,151.146917,False,5,normal
60 Clements Street Russell Lea,Russell Lea,872.9,-33.859776,151.14647,False,5,normal
60 Edenholme Road Russell Lea,Russell Lea,485.8,-33.856197,151.137606,False,5,normal
61 Byrne Avenue Russell Lea,Russell Lea,653.9,-33.853635,151.141319,True,6,normal
61 Clements Street Russell Lea,Russell Lea,670.8,-33.861119,151.145421,False,5,normal
61 Hampden Road Russell Lea,Russell Lea,317.5,-33.855629,151.14065,True,6,small
61 Mons Street Russell Lea,Russell Lea,595.4,-33.856574,151.140968,True,6,normal
61 Russell Street Russell Lea,Russell Lea,723.8,-33.859156,151.136766,False,5,normal
62 Clements Street Russell Lea,Russell Lea,1222.4,-33.859801,151.146288,True,8,normal
62 Russell Street Russell Lea,Russell Lea,1007.3,-33.85864,151.137157,False,5,normal
63 Bouvardia Street Russell Lea,Russell Lea,499.9,-33.855907,151.137428,True,6,normal
63 Burnell Street Russell Lea,Russell Lea,944.8,-33.861463,151.146441,True,6,normal
63 Byrne Avenue Russell Lea,Russell Lea,659.6,-33.853612,151.141159,True,6,normal
63 Mons Street Russell Lea,Russell Lea,595.8,-33.856468,151.141028,False,5,normal
63 Russell Street Russell Lea,Russell Lea,706.6,-33.859135,151.136628,False,5,normal
64 Burnell Street Russell Lea,Russell Lea,766.2,-33.861025,151.146768,True,6,normal
64 Hampden Road Russell Lea,Russell Lea,897.3,-33.85529,151.141405,False,5,normal
65 Bouvardia Street Russell Lea,Russell Lea,432.8,-33.855968,151.137322,True,8,small
65 Burnell Street Russell Lea,Russell Lea,856.8,-33.861611,151.146235,False,4,normal
65 Byrne Avenue Russell Lea,Russell Lea,665.7,-33.853588,151.140999,True,6,normal
65 Edenholme Road Russell Lea,Russell Lea,527.6,-33.856532,151.136537,True,6,normal
65 Mons Street Russell Lea,Russell Lea,585.6,-33.856361,151.141051,False,5,normal
65 Russell Street Russell Lea,Russell Lea,714.6,-33.859148,151.136485,True,6,normal
66 Hampden Road Russell Lea,Russell Lea,1815.6,-33.85526,151.141214,True,6,normal
67 Burnell Street Russell Lea,Russell Lea,789.3,-33.861707,151.146108,True,8,normal
67 Clements Street Russell Lea,Russell Lea,669.6,-33.861323,151.145115,False,5,normal
67 Hampden Road Russell Lea,Russell Lea,372.9,-33.855605,151.140388,False,5,small
67 Russell Street Russell Lea,Russell Lea,730.5,-33.859092,151.136351,False,5,normal
68 Bouvardia Street Russell Lea,Russell Lea,422.9,-33.855357,151.136727,True,6,small
68 Burnell Street Russell Lea,Russell Lea,1106.5,-33.860763,151.146524,True,7,normal
68 Edenholme Road Russell Lea,Russell Lea,799.7,-33.856105,151.137147,True,7,normal
68 Russell Street Russell Lea,Russell Lea,989.8,-33.858564,151.13667,False,5,normal
69 Burnell Street Russell Lea,Russell Lea,514.0,-33.861726,151.146003,True,10,normal
69 Byrne Avenue Russell Lea,Russell Lea,656.7,-33.853517,151.140707,False,5,normal
69 Clements Street Russell Lea,Russell Lea,677.1,-33.861392,151.145011,False,5,normal
69 Edenholme Road Russell Lea,Russell Lea,646.6,-33.856475,151.1363,True,7,normal
69 Mons Street Russell Lea,Russell Lea,610.2,-33.855943,151.141147,False,5,normal
69 Parkview Road Russell Lea,Russell Lea,1226.4,-33.854205,151.138104,True,10,normal
69 Russell Street Russell Lea,Russell Lea,724.1,-33.859071,151.13621,False,5,normal
7 Atkins Avenue Russell Lea,Russell Lea,618.6,-33.855784,151.143111,False,5,normal
7 Boronia Avenue Russell Lea,Russell Lea,472.8,-33.858669,151.140234,True,6,normal
7 Brent Street Russell Lea,Russell Lea,810.7,-33.861188,151.143665,False,5,normal
7 Clare Crescent Russell Lea,Russell Lea,584.6,-33.860451,151.138605,True,7,normal
7 Hampden Road Russell Lea,Russell Lea,586.1,-33.857347,151.144489,True,6,normal
7 Janet Street Russell Lea,Russell Lea,641.6,-33.860214,151.147813,False,5,normal
7 Lamrock Avenue Russell Lea,Russell Lea,474.4,-33.862786,151.139775,False,5,normal
7 Lenore Street Russell Lea,Russell Lea,966.7,-33.858948,151.14535,False,5,normal
7 Liege Street Russell Lea,Russell Lea,579.7,-33.857241,151.142273,False,5,normal
7 Mooculta Street Russell Lea,Russell Lea,1012.2,-33.860398,151.135433,False,5,normal
7 Myalora Street Russell Lea,Russell Lea,823.7,-33.860104,151.136669,False,5,normal
7 Potter Street Russell Lea,Russell Lea,559.8,-33.860913,151.142368,False,5,normal
7 Robert Avenue Russell Lea,Russell Lea,542.8,-33.863035,151.140497,True,6,normal
7 Rowley Road Russell Lea,Russell Lea,697.9,-33.85755,151.137926,False,5,normal
7 Seabrook Avenue Russell Lea,Russell Lea,648.4,-33.862143,151.14426,False,5,normal
7 Speed Avenue Russell Lea,Russell Lea,480.9,-33.862673,151.142113,True,6,normal
7 Tait Street Russell Lea,Russell Lea,759.2,-33.857605,151.143665,False,5,normal
7 Undine Street Russell Lea,Russell Lea,647.2,-33.859571,151.146137,False,5,normal
7 Warwillah Road Russell Lea,Russell Lea,801.4,-33.857828,151.136173,True,8,normal
70 Bouvardia Street Russell Lea,Russell Lea,432.9,-33.855343,151.136634,True,6,small
70 Burnell Street Russell Lea,Russell Lea,1190.8,-33.860864,151.146298,True,8,normal
70 Clements Street Russell Lea,Russell Lea,627.1,-33.860173,151.145868,False,5,normal
70 Hampden Road Russell Lea,Russell Lea,1409.5,-33.854974,151.140874,True,7,normal
71 Burnell Street Russell Lea,Russell Lea,551.3,-33.861846,151.145922,True,6,normal
71 Russell Street Russell Lea,Russell Lea,730.8,-33.85905,151.13607,False,5,normal
72 Bouvardia Street Russell Lea,Russell Lea,430.8,-33.85535,151.136522,True,7,small
72 Burnell Street Russell Lea,Russell Lea,686.3,-33.861033,151.146188,False,5,normal
72 Edenholme Road Russell Lea,Russell Lea,588.5,-33.856095,151.136844,False,5,normal
73 Barnstaple Road Russell Lea,Russell Lea,684.7,-33.862636,151.14342,True,7,normal
73 Clements Street Russell Lea,Russell Lea,680.8,-33.861528,151.144807,False,5,normal
75 Clements Street Russell Lea,Russell Lea,676.5,-33.861597,151.144654,True,7,normal
76 Edenholme Road Russell Lea,Russell Lea,588.0,-33.856056,151.136564,False,5,normal
76 Russell Street Russell Lea,Russell Lea,1022.9,-33.85846,151.135991,False,5,normal
77 Bouvardia Street Russell Lea,Russell Lea,624.0,-33.855768,151.136623,False,5,normal
77 Burnell Street Russell Lea,Russell Lea,738.6,-33.862091,151.145667,False,5,normal
77A Barnstaple Road Russell Lea,Russell Lea,704.9,-33.862812,151.143758,True,7,normal
78 Clements Street Russell Lea,Russell Lea,657.5,-33.860447,151.145454,False,5,normal
78 Edenholme Road Russell Lea,Russell Lea,618.4,-33.856032,151.136399,True,7,normal
78 Russell Street Russell Lea,Russell Lea,1012.6,-33.858411,151.135858,True,6,normal
79 Bouvardia Street Russell Lea,Russell Lea,648.6,-33.855747,151.136449,True,8,normal
79 Burnell Street Russell Lea,Russell Lea,635.8,-33.862129,151.145537,False,5,normal
8 Alice Avenue Russell Lea,Russell Lea,548.4,-33.860364,151.13999,True,7,normal
8 Bay Road Russell Lea,Russell Lea,477.3,-33.85427,151.142519,False,5,normal
8 Edenholme Road Russell Lea,Russell Lea,322.4,-33.856623,151.140449,False,5,small
8 Hampden Road Russell Lea,Russell Lea,781.8,-33.856725,151.144498,False,5,normal
8 Lea Avenue Russell Lea,Russell Lea,1079.9,-33.860664,151.1363,True,8,normal
8 Lucas Avenue Russell Lea,Russell Lea,878.0,-33.85821,151.13782,False,5,normal
8 Margaret Street Russell Lea,Russell Lea,599.3,-33.85458,151.137802,False,5,normal
8 Mons Street Russell Lea,Russell Lea,550.7,-33.858719,151.142092,False,5,normal
8 Potter Street Russell Lea,Russell Lea,485.7,-33.860484,151.141975,True,7,normal
8 Robert Avenue Russell Lea,Russell Lea,547.6,-33.862883,151.141053,True,6,normal
8 Seabrook Avenue Russell Lea,Russell Lea,651.1,-33.86172,151.143845,True,6,normal
8 Sibbick Street Russell Lea,Russell Lea,593.0,-33.859999,151.138364,True,6,normal
8 The Crescent Russell Lea,Russell Lea,516.9,-33.861799,151.141018,True,33,normal
8 Undine Street Russell Lea,Russell Lea,863.2,-33.859237,151.145628,False,5,normal
8 Warwillah Road Russell Lea,Russell Lea,756.5,-33.857925,151.136817,False,5,normal
80 Russell Street Russell Lea,Russell Lea,1028.6,-33.858413,151.1357,False,5,normal
81 Burnell Street Russell Lea,Russell Lea,834.8,-33.862177,151.145326,True,6,normal
82 Burnell Street Russell Lea,Russell Lea,659.5,-33.861379,151.145671,False,5,normal
84 Burnell Street Russell Lea,Russell Lea,628.9,-33.861447,151.145568,False,5,normal
85 Hampden Road Russell Lea,Russell Lea,393.4,-33.855433,151.139294,True,6,small
86 Burnell Street Russell Lea,Russell Lea,635.6,-33.861514,151.145468,False,5,normal
86 Clements Street Russell Lea,Russell Lea,638.2,-33.86072,151.145042,False,5,normal
88 Burnell Street Russell Lea,Russell Lea,661.7,-33.861583,151.145365,False,5,normal
88 Hampden Road Russell Lea,Russell Lea,555.2,-33.855061,151.139308,False,5,normal
88 Russell Street Russell Lea,Russell Lea,735.6,-33.858537,151.134926,True,6,normal
9 Alice Avenue Russell Lea,Russell Lea,920.4,-33.860042,151.140492,True,11,normal
9 Boronia Avenue Russell Lea,Russell Lea,485.2,-33.85876,151.140195,False,5,normal
9 Brent Street Russell Lea,Russell Lea,810.7,-33.861102,151.143582,False,5,normal
9 Clare Crescent Russell Lea,Russell Lea,517.6,-33.860436,151.138766,False,5,normal
9 Dalmeny Avenue Russell Lea,Russell Lea,463.6,-33.86287,151.139032,False,5,normal
9 Liege Street Russell Lea,Russell Lea,607.8,-33.857189,151.142158,False,5,normal
9 Myalora Street Russell Lea,Russell Lea,845.8,-33.859991,151.136681,False,5,normal
9 Rowley Road Russell Lea,Russell Lea,666.8,-33.857509,151.137781,True,6,normal
9 Russell Street Russell Lea,Russell Lea,828.5,-33.859756,151.140562,False,5,normal
9 Tait Street Russell Lea,Russell Lea,752.7,-33.857715,151.143592,True,7,normal
9 The Crescent Russell Lea,Russell Lea,1048.0,-33.86208,151.140808,True,19,normal
9 Undine Street Russell Lea,Russell Lea,669.7,-33.859639,151.146034,False,5,normal
9 Warwillah Road Russell Lea,Russell Lea,387.3,-33.857771,151.136266,True,7,small
90 Clements Street Russell Lea,Russell Lea,645.6,-33.860869,151.144816,False,5,normal
90 Hampden Road Russell Lea,Russell Lea,536.8,-33.855042,151.139176,False,5,normal
92 Burnell Street Russell Lea,Russell Lea,660.9,-33.861733,151.14514,False,5,normal
92 Clements Street Russell Lea,Russell Lea,633.2,-33.860937,151.144714,False,5,normal
92 Hampden Road Russell Lea,Russell Lea,646.3,-33.854904,151.138951,True,6,normal
92A Hampden Road Russell Lea,Russell Lea,614.7,-33.854908,151.138829,False,5,normal
93 Hampden Road Russell Lea,Russell Lea,691.1,-33.855407,151.138844,False,5,normal
94 Burnell Street Russell Lea,Russell Lea,644.7,-33.861789,151.145057,False,5,normal
95 Hampden Road Russell Lea,Russell Lea,422.7,-33.855388,151.138708,False,5,small
96 Hampden Road Russell Lea,Russell Lea,2355.3,-33.854665,151.138425,True,9,large
97 Hampden Road Russell Lea,Russell Lea,432.5,-33.855402,151.138602,True,6,small
98 Clements Street Russell Lea,Russell Lea,632.2,-33.861129,151.144424,False,5,normal
99 Hampden Road Russell Lea,Russell Lea,424.8,-33.855388,151.1385,True,6,small
1 Coranto Street Wareemba,Wareemba,1061.6,-33.857513,151.134944,True,7,normal
1 Kirrang Street Wareemba,Wareemba,556.3,-33.859262,151.134009,True,7,normal
1 Wareemba Street Wareemba,Wareemba,581.1,-33.854986,151.136374,True,6,normal
10 Coralie Street Wareemba,Wareemba,495.1,-33.8556,151.132226,False,5,normal
10 Gartfern Avenue Wareemba,Wareemba,524.5,-33.859661,151.133117,True,6,normal
10 Reginald Street Wareemba,Wareemba,539.1,-33.857748,151.129856,True,7,normal
100 Edenholme Road Wareemba,Wareemba,584.5,-33.855908,151.134277,False,5,normal
101 Edenholme Road Wareemba,Wareemba,472.2,-33.856818,151.132541,False,5,normal
102 Edenholme Road Wareemba,Wareemba,1534.9,-33.855949,151.134127,True,9,normal
103 Edenholme Road Wareemba,Wareemba,798.5,-33.856858,151.132426,True,6,normal
105 Edenholme Road Wareemba,Wareemba,746.3,-33.856874,151.132084,False,5,normal
107 Edenholme Road Wareemba,Wareemba,885.7,-33.856918,151.131942,True,6,normal
108 Edenholme Road Wareemba,Wareemba,918.5,-33.856026,151.133761,True,6,normal
109 Edenholme Road Wareemba,Wareemba,438.6,-33.856912,151.131811,False,5,small
11 Cecil Street Wareemba,Wareemba,1014.7,-33.859408,151.129892,True,6,normal
11 Irene Street Wareemba,Wareemba,983.9,-33.8574,151.129463,False,5,normal
11 Kirrang Street Wareemba,Wareemba,650.2,-33.859405,151.133335,True,6,normal
11 Reginald Street Wareemba,Wareemba,514.8,-33.858335,151.129521,False,5,normal
11 Wareemba Street Wareemba,Wareemba,624.8,-33.855886,151.136242,True,6,normal
111 Edenholme Road Wareemba,Wareemba,465.4,-33.856852,151.131713,False,5,normal
112 Edenholme Road Wareemba,Wareemba,1995.2,-33.856085,151.133371,True,8,normal
113 Edenholme Road Wareemba,Wareemba,451.9,-33.856864,151.131629,False,5,normal
115 Edenholme Road Wareemba,Wareemba,437.2,-33.856946,151.131563,False,5,small
116 Edenholme Road Wareemba,Wareemba,1894.1,-33.856115,151.133019,True,9,normal
117 Edenholme Road Wareemba,Wareemba,460.3,-33.856887,151.131465,False,5,normal
12 Cecil Street Wareemba,Wareemba,1016.4,-33.858688,151.129736,True,6,normal
12 Coralie Street Wareemba,Wareemba,539.3,-33.855499,151.132191,False,5,normal
12 Coranto Street Wareemba,Wareemba,740.4,-33.856967,151.134191,True,6,normal
12 Reginald Street Wareemba,Wareemba,547.0,-33.857757,151.129769,True,7,normal
13 Cecil Street Wareemba,Wareemba,1014.7,-33.859408,151.129892,True,6,normal
13 Gartfern Avenue Wareemba,Wareemba,534.0,-33.860102,151.132882,False,5,normal
13 Irene Street Wareemba,Wareemba,1022.2,-33.85745,151.129339,True,6,normal
130 Edenholme Road Wareemba,Wareemba,527.3,-33.856272,151.131853,False,5,normal
136 Edenholme Road Wareemba,Wareemba,846.5,-33.856409,151.131462,False,5,normal
139 Hampden Road Wareemba,Wareemba,794.1,-33.855035,151.135477,True,7,normal
14 Cecil Street Wareemba,Wareemba,1004.4,-33.858699,151.12956,True,7,normal
14 Kirrang Street Wareemba,Wareemba,730.9,-33.858895,151.133194,False,5,normal
145-147 Hampden Road Wareemba,Wareemba,1712.6,-33.855389,151.135129,True,6,normal
15 Coranto Street Wareemba,Wareemba,492.5,-33.857621,151.133976,False,5,normal
15 Wareemba Street Wareemba,Wareemba,624.5,-33.856103,151.136172,False,5,normal
151 Hampden Road Wareemba,Wareemba,445.5,-33.855153,151.134825,False,5,small
153 Hampden Road Wareemba,Wareemba,680.3,-33.855239,151.13475,False,5,normal
157-159 Hampden Road Wareemba,Wareemba,2412.0,-33.855524,151.134486,True,7,large
16 Cecil Street Wareemba,Wareemba,516.2,-33.858769,151.129465,True,8,normal
16 Gartfern Avenue Wareemba,Wareemba,571.5,-33.859722,151.132678,True,6,normal
16 Kirrang Street Wareemba,Wareemba,653.7,-33.858847,151.133042,False,5,normal
16 Reginald Street Wareemba,Wareemba,522.6,-33.857789,151.129449,True,7,normal
16 Wareemba Street Wareemba,Wareemba,673.6,-33.855868,151.135565,False,5,normal
161 Hampden Road Wareemba,Wareemba,1602.2,-33.855521,151.134311,True,6,normal
167 Hampden Road Wareemba,Wareemba,1921.9,-33.855621,151.133826,True,9,normal
169-175 Hampden Road Wareemba,Wareemba,3777.2,-33.855658,151.133595,True,9,large
17 Coranto Street Wareemba,Wareemba,527.0,-33.857551,151.133874,False,5,normal
17 Irene Street Wareemba,Wareemba,532.8,-33.857479,151.129025,False,5,normal
177 Hampden Road Wareemba,Wareemba,1409.7,-33.855646,151.133255,False,5,normal
177A Hampden Road Wareemba,Wareemba,1295.1,-33.855684,151.133089,True,9,normal
18 Cecil Street Wareemba,Wareemba,622.4,-33.858809,151.129389,True,9,normal
18 Gartfern Avenue Wareemba,Wareemba,556.9,-33.859742,151.13253,True,6,normal
18 Hill Street Wareemba,Wareemba,439.5,-33.859749,151.129476,True,7,small
18 Kirrang Street Wareemba,Wareemba,623.9,-33.858926,151.132919,False,5,normal
183 Hampden Road Wareemba,Wareemba,3675.2,-33.855762,151.132751,True,13,large
19 Coranto Street Wareemba,Wareemba,467.8,-33.857684,151.133794,True,7,normal
19 Irene Street Wareemba,Wareemba,485.9,-33.857411,151.128939,False,5,normal
19 Kirrang Street Wareemba,Wareemba,621.1,-33.859469,151.132835,True,6,normal
19 Reginald Street Wareemba,Wareemba,511.1,-33.858431,151.129216,True,6,normal
19 Wareemba Street Wareemba,Wareemba,589.5,-33.856458,151.136098,False,5,normal
1A Wareemba Street Wareemba,Wareemba,580.3,-33.855099,151.136383,False,5,normal
2 Coralie Street Wareemba,Wareemba,487.1,-33.856013,151.132371,True,7,normal
20 Coranto Street Wareemba,Wareemba,458.3,-33.857083,151.133525,False,5,normal
20 Kirrang Street Wareemba,Wareemba,671.3,-33.85894,151.13279,False,5,normal
20 Reginald Street Wareemba,Wareemba,493.2,-33.857806,151.129296,True,7,normal
20 Wareemba Street Wareemba,Wareemba,605.6,-33.856524,151.135422,False,5,normal
20A Reginald Street Wareemba,Wareemba,520.0,-33.857814,151.129215,True,7,normal
21 Gartfern Avenue Wareemba,Wareemba,580.4,-33.860185,151.132295,False,5,normal
21 Irene Street Wareemba,Wareemba,1193.5,-33.857513,151.128837,False,5,normal
21 Kirrang Street Wareemba,Wareemba,615.8,-33.859486,151.132702,True,6,normal
22 Gartfern Avenue Wareemba,Wareemba,459.7,-33.859778,151.132268,True,6,normal
22 Kirrang Street Wareemba,Wareemba,692.5,-33.858956,151.132655,False,5,normal
23 Coranto Street Wareemba,Wareemba,963.1,-33.857712,151.133624,True,8,normal
23 Gartfern Avenue Wareemba,Wareemba,606.4,-33.860208,151.132133,False,5,normal
23 Kirrang Street Wareemba,Wareemba,636.1,-33.859505,151.132554,True,6,normal
23 Reginald Street Wareemba,Wareemba,619.0,-33.858326,151.128843,True,7,normal
24 Coranto Street Wareemba,Wareemba,970.6,-33.857031,151.133303,False,5,normal
24 Wareemba Street Wareemba,Wareemba,1032.3,-33.856706,151.135413,False,5,normal
242 Great North Road Wareemba,Wareemba,691.2,-33.859068,151.131363,False,5,normal
244 Great North Road Wareemba,Wareemba,703.9,-33.858942,151.131441,False,5,normal
248 Great North Road Wareemba,Wareemba,637.9,-33.858712,151.13144,False,5,normal
25 Kirrang Street Wareemba,Wareemba,645.6,-33.859468,151.132424,True,6,normal
250 Great North Road Wareemba,Wareemba,768.3,-33.858586,151.131403,True,6,normal
252 Great North Road Wareemba,Wareemba,826.8,-33.858328,151.13146,False,5,normal
254 Great North Road Wareemba,Wareemba,754.9,-33.858211,151.131438,False,5,normal
256 Great North Road Wareemba,Wareemba,782.8,-33.858097,151.131417,False,5,normal
258 Great North Road Wareemba,Wareemba,814.8,-33.857977,151.131394,False,5,normal
26 Coranto Street Wareemba,Wareemba,931.4,-33.857126,151.133153,False,5,normal
26 Gartfern Avenue Wareemba,Wareemba,468.8,-33.859813,151.132023,True,6,normal
266 Great North Road Wareemba,Wareemba,265.8,-33.857783,151.131324,True,9,small
27 Gartfern Avenue Wareemba,Wareemba,558.1,-33.860255,151.131806,False,5,normal
27 Kirrang Street Wareemba,Wareemba,648.1,-33.859537,151.132302,True,6,normal
28 Coranto Street Wareemba,Wareemba,913.7,-33.857145,151.132993,False,5,normal
28 Gartfern Avenue Wareemba,Wareemba,553.8,-33.859832,151.131891,True,6,normal
280 Great North Road Wareemba,Wareemba,796.0,-33.857222,151.131142,False,5,normal
282 Great North Road Wareemba,Wareemba,796.1,-33.857091,151.131198,False,5,normal
284 Great North Road Wareemba,Wareemba,750.7,-33.856972,151.13117,False,5,normal
286 Great North Road Wareemba,Wareemba,344.0,-33.856884,151.131148,False,5,small
29 Gartfern Avenue Wareemba,Wareemba,620.4,-33.860278,151.131646,False,5,normal
29 Kirrang Street Wareemba,Wareemba,619.6,-33.859555,151.13216,True,6,normal
29 Wareemba Street Wareemba,Wareemba,389.3,-33.857696,151.135866,False,5,small
294 Great North Road Wareemba,Wareemba,284.3,-33.856527,151.130955,True,6,small
296-298 Great North Road Wareemba,Wareemba,1533.3,-33.856419,151.130971,True,7,normal
2A Coranto Street Wareemba,Wareemba,627.7,-33.856985,151.134936,False,5,normal
2A Reginald Street Wareemba,Wareemba,412.6,-33.85777,151.130454,True,7,small
2B Gartfern Avenue Wareemba,Wareemba,559.9,-33.859579,151.1339,True,14,normal
3 Cecil Street Wareemba,Wareemba,591.7,-33.859343,151.130259,True,6,normal
3 Coranto Street Wareemba,Wareemba,1029.9,-33.857543,151.134759,False,5,normal
3 Gartfern Avenue Wareemba,Wareemba,558.8,-33.859989,151.1337,True,6,normal
3 Kirrang Street Wareemba,Wareemba,590.4,-33.859336,151.13387,True,6,normal
3 Wareemba Street Wareemba,Wareemba,634.5,-33.85521,151.136385,True,6,normal
30 Coranto Street Wareemba,Wareemba,444.9,-33.857159,151.132866,False,5,small
30 Gartfern Avenue Wareemba,Wareemba,480.1,-33.859851,151.131754,True,6,normal
30 Wareemba Street Wareemba,Wareemba,754.7,-33.856986,151.135401,False,5,normal
31 Gartfern Avenue Wareemba,Wareemba,637.0,-33.8603,151.131452,True,6,normal
31 Wareemba Street Wareemba,Wareemba,397.1,-33.857772,151.135869,True,7,small
32 Coranto Street Wareemba,Wareemba,442.8,-33.857094,151.132772,False,5,small
32 Gartfern Avenue Wareemba,Wareemba,448.8,-33.859893,151.131635,False,5,small
32 Kirrang Street Wareemba,Wareemba,721.5,-33.859029,151.131988,False,5,normal
33 Wareemba Street Wareemba,Wareemba,411.2,-33.857816,151.135776,True,7,small
339 Great North Road Wareemba,Wareemba,990.9,-33.859782,151.130711,True,6,normal
34 Coranto Street Wareemba,Wareemba,473.0,-33.857179,151.132691,False,5,normal
341 Great North Road Wareemba,Wareemba,549.2,-33.859664,151.130689,False,5,normal
35 Coranto Street Wareemba,Wareemba,787.1,-33.857753,151.132611,True,7,normal
35 Kirrang Street Wareemba,Wareemba,668.9,-33.859606,151.131782,True,6,normal
35 Wareemba Street Wareemba,Wareemba,809.6,-33.857924,151.135819,False,5,normal
353 Great North Road Wareemba,Wareemba,586.1,-33.859028,151.130677,True,7,normal
355 Great North Road Wareemba,Wareemba,326.1,-33.858759,151.130814,True,6,small
357 Great North Road Wareemba,Wareemba,440.3,-33.858711,151.130712,False,5,small
359 Great North Road Wareemba,Wareemba,402.2,-33.858643,151.130701,False,5,small
36 Kirrang Street Wareemba,Wareemba,896.7,-33.859053,151.131675,True,7,normal
36 Wymston Parade Wareemba,Wareemba,974.2,-33.859501,151.129048,False,5,normal
363 Great North Road Wareemba,Wareemba,431.6,-33.858512,151.130742,True,7,small
37 Wymston Parade Wareemba,Wareemba,980.8,-33.859366,151.129018,False,5,normal
377 Great North Road Wareemba,Wareemba,1012.3,-33.857589,151.130606,True,7,normal
379 Great North Road Wareemba,Wareemba,517.8,-33.857485,151.130566,False,5,normal
38 Wareemba Street Wareemba,Wareemba,1060.7,-33.857756,151.135077,True,8,normal
38 Wymston Parade Wareemba,Wareemba,1008.4,-33.859041,151.128923,True,6,normal
385 Great North Road Wareemba,Wareemba,980.6,-33.857203,151.130396,False,5,normal
387 Great North Road Wareemba,Wareemba,988.2,-33.857053,151.130456,False,5,normal
39 Kirrang Street Wareemba,Wareemba,461.0,-33.859556,151.13148,True,6,normal
39 Wymston Parade Wareemba,Wareemba,1023.9,-33.858903,151.128835,False,5,normal
3A Wareemba Street Wareemba,Wareemba,592.8,-33.855329,151.136335,True,6,normal
4 Coralie Street Wareemba,Wareemba,522.2,-33.855904,151.13233,False,5,normal
4 Reginald Street Wareemba,Wareemba,550.3,-33.857664,151.130183,True,7,normal
40 Coranto Street Wareemba,Wareemba,406.0,-33.857204,151.132475,False,5,small
41 Wymston Parade Wareemba,Wareemba,1081.7,-33.858646,151.128845,True,7,normal
41A Wareemba Street Wareemba,Wareemba,548.4,-33.858322,151.135145,True,6,normal
42 Wymston Parade Wareemba,Wareemba,495.5,-33.858538,151.128769,True,6,normal
43 Wymston Parade Wareemba,Wareemba,659.6,-33.858477,151.128742,True,7,normal
44 Coranto Street Wareemba,Wareemba,481.8,-33.857256,151.132036,False,5,normal
45 Coranto Street Wareemba,Wareemba,449.5,-33.857804,151.131742,True,7,small
45 Wareemba Street Wareemba,Wareemba,1027.5,-33.858539,151.134391,True,6,normal
45 Wymston Parade Wareemba,Wareemba,1243.8,-33.858096,151.128451,True,6,normal
46 Coranto Street Wareemba,Wareemba,453.2,-33.857264,151.13197,False,5,normal
46 Wareemba Street Wareemba,Wareemba,995.6,-33.85787,151.134658,True,7,normal
46 Wymston Parade Wareemba,Wareemba,992.5,-33.857939,151.128543,False,5,normal
47 Coranto Street Wareemba,Wareemba,444.8,-33.857809,151.131661,True,7,small
48 Coranto Street Wareemba,Wareemba,468.5,-33.857287,151.131791,False,5,normal
48 Wymston Parade Wareemba,Wareemba,1089.9,-33.85769,151.128478,False,5,normal
49 Coranto Street Wareemba,Wareemba,487.0,-33.857832,151.131576,True,10,normal
5 Cecil Street Wareemba,Wareemba,492.3,-33.859332,151.130162,False,5,normal
5 Coralie Street Wareemba,Wareemba,665.5,-33.855874,151.131716,False,5,normal
5 Coranto Street Wareemba,Wareemba,992.1,-33.857559,151.134596,False,5,normal
5 Gartfern Avenue Wareemba,Wareemba,622.0,-33.85995,151.133497,True,7,normal
5 Irene Street Wareemba,Wareemba,955.9,-33.857313,151.129945,False,5,normal
5 Kirrang Street Wareemba,Wareemba,590.0,-33.859354,151.133732,True,6,normal
5 Reginald Street Wareemba,Wareemba,1018.4,-33.858259,151.129956,False,5,normal
50 Wareemba Street Wareemba,Wareemba,989.2,-33.857869,151.134302,True,8,normal
51 Wareemba Street Wareemba,Wareemba,618.1,-33.858526,151.13396,True,6,normal
52 Coranto Street Wareemba,Wareemba,443.7,-33.857222,151.131709,False,5,small
52 Wareemba Street Wareemba,Wareemba,499.5,-33.857892,151.134185,True,7,normal
54 Coranto Street Wareemba,Wareemba,457.6,-33.857307,151.131629,False,5,normal
55 Wareemba Street Wareemba,Wareemba,623.2,-33.858469,151.133689,False,5,normal
56 Coranto Street Wareemba,Wareemba,910.9,-33.857299,151.131483,True,10,normal
6 Cecil Street Wareemba,Wareemba,851.3,-33.858634,151.130213,False,5,normal
6 Coralie Street Wareemba,Wareemba,520.9,-33.855802,151.132295,False,5,normal
6 Coranto Street Wareemba,Wareemba,767.7,-33.856905,151.134605,True,6,normal
6 Gartfern Avenue Wareemba,Wareemba,635.8,-33.85964,151.133435,True,8,normal
6 Hill Street Wareemba,Wareemba,510.1,-33.859765,151.130106,False,5,normal
6 Kirrang Street Wareemba,Wareemba,642.8,-33.858836,151.133733,False,5,normal
6 Reginald Street Wareemba,Wareemba,980.5,-33.857728,151.130057,True,7,normal
6 Wareemba Street Wareemba,Wareemba,817.9,-33.855466,151.135747,True,7,normal
61 Wareemba Street Wareemba,Wareemba,703.0,-33.858565,151.133295,False,5,normal
62 Wareemba Street Wareemba,Wareemba,499.3,-33.857964,151.13372,False,5,normal
68 Wareemba Street Wareemba,Wareemba,499.6,-33.858063,151.133471,False,5,normal
6A Coranto Street Wareemba,Wareemba,492.9,-33.856973,151.1345,False,5,normal
7 Gartfern Avenue Wareemba,Wareemba,503.7,-33.860035,151.133351,False,5,normal
7 Irene Street Wareemba,Wareemba,1045.6,-33.857368,151.129793,True,6,normal
7 Kirrang Street Wareemba,Wareemba,566.4,-33.859289,151.133603,False,5,normal
7 Reginald Street Wareemba,Wareemba,991.6,-33.858287,151.129795,False,5,normal
7 Wareemba Street Wareemba,Wareemba,590.7,-33.85564,151.136171,True,6,normal
71 Edenholme Road Wareemba,Wareemba,672.5,-33.856656,151.135054,True,7,normal
71 Wareemba Street Wareemba,Wareemba,651.9,-33.858625,151.132615,False,5,normal
73 Edenholme Road Wareemba,Wareemba,648.1,-33.856727,151.134881,False,5,normal
75 Edenholme Road Wareemba,Wareemba,673.4,-33.856746,151.134701,True,6,normal
76 Wareemba Street Wareemba,Wareemba,455.4,-33.858103,151.132987,False,5,normal
77 Edenholme Road Wareemba,Wareemba,889.5,-33.856569,151.134518,True,6,normal
77 Wareemba Street Wareemba,Wareemba,677.1,-33.85866,151.132215,False,5,normal
78 Wareemba Street Wareemba,Wareemba,932.3,-33.858113,151.132874,False,5,normal
79 Wareemba Street Wareemba,Wareemba,689.6,-33.858605,151.132073,False,5,normal
8 Cecil Street Wareemba,Wareemba,1018.2,-33.85866,151.130061,False,5,normal
8 Coranto Street Wareemba,Wareemba,494.8,-33.856982,151.13442,False,5,normal
8 Gartfern Avenue Wareemba,Wareemba,523.4,-33.85964,151.133276,True,6,normal
8 Hill Street Wareemba,Wareemba,500.3,-33.859779,151.130025,False,5,normal
8 Kirrang Street Wareemba,Wareemba,610.6,-33.858851,151.133598,False,5,normal
8 Reginald Street Wareemba,Wareemba,528.6,-33.85774,151.129941,True,7,normal
8 Wareemba Street Wareemba,Wareemba,6049.9,-33.855656,151.135,True,27,large
81 Edenholme Road Wareemba,Wareemba,4393.3,-33.856745,151.13407,True,12,large
81 Wareemba Street Wareemba,Wareemba,683.5,-33.858684,151.131947,False,5,normal
82 Edenholme Road Wareemba,Wareemba,662.4,-33.856178,151.135521,False,5,normal
83 Wareemba Street Wareemba,Wareemba,720.1,-33.858696,151.131811,False,5,normal
9 Cecil Street Wareemba,Wareemba,1014.7,-33.859408,151.129892,True,6,normal
9 Irene Street Wareemba,Wareemba,996.2,-33.857398,151.12963,True,6,normal
9 Wareemba Street Wareemba,Wareemba,606.6,-33.855769,151.136242,False,5,normal
90 Edenholme Road Wareemba,Wareemba,448.8,-33.856207,151.13498,False,5,small
92 Edenholme Road Wareemba,Wareemba,968.5,-33.8562,151.134852,True,6,normal
92 Wareemba Street Wareemba,Wareemba,471.9,-33.858207,151.131658,True,7,normal
93 Edenholme Road Wareemba,Wareemba,935.3,-33.856769,151.132913,False,5,normal
99 Edenholme Road Wareemba,Wareemba,484.3,-33.856807,151.132625,False,5,normal
